timestamp,metrica,valor
2026-09-11 03:50:14,cpu_usr,31.5
2026-09-11 03:50:14,cpu_sys,33.6
2026-09-11 03:50:14,cpu_idl,34.6
2026-09-11 03:50:14,cpu_wai,0.0
2026-09-11 03:50:14,cpu_stl,0.0
2026-09-11 03:50:14,memory_percent,89.6
2026-09-11 03:50:14,memory_used_mb,14485.0
2026-09-11 03:50:14,memory_available_mb,1679.0
2026-09-11 03:50:14,disk_read_per_sec,8623208.0
2026-09-11 03:50:14,disk_write_per_sec,0.0
2026-09-11 03:50:14,net_send_per_sec,296733.0
2026-09-11 03:50:14,net_recv_per_sec,9765.0
2026-09-11 03:50:14,load1,0.0
2026-09-11 03:50:14,load5,0.0
2026-09-11 03:50:14,load15,0.0
2026-09-11 03:50:14,active_sessions,28.0
2026-09-11 03:50:14,active_requests,13.0
2026-09-11 03:50:14,long_queries,12.0
2026-09-11 03:50:14,long_transactions,12.0
2026-09-11 03:50:14,idle_sessions,27.0
2026-09-11 03:50:14,lock_waits,0.0
2026-09-11 03:50:14,total_locks,15.0
2026-09-11 03:50:14,deadlocks_per_sec,37.0
2026-09-11 03:50:14,page_life_expectancy,2864.0
2026-09-11 03:50:14,buffer_cache_hit_ratio,100.0
2026-09-11 03:50:14,database_size_mb,0.0
2026-09-11 03:50:14,total_reads,3671.0
2026-09-11 03:50:14,total_writes,26039.0
2026-09-11 03:50:14,venta_locks,0.0
2026-09-11 03:50:14,detalle_venta_locks,0.0
2026-09-11 03:50:14,inventario_locks,0.0
2026-09-11 03:50:14,kardex_locks,0.0
2026-09-11 03:50:14,caja_locks,0.0
2026-09-11 03:50:14,movimiento_caja_locks,0.0
2026-09-11 03:50:14,auditoria_locks,0.0
2026-09-11 03:50:14,api_status,403.0
2026-09-11 03:50:14,api_latency_ms,715.0
2026-09-11 03:50:14,products_count,0.0
2026-09-11 03:50:14,sales_count,0.0
2026-09-11 03:50:20,cpu_usr,12.0
2026-09-11 03:50:20,cpu_sys,26.5
2026-09-11 03:50:20,cpu_idl,59.7
2026-09-11 03:50:20,cpu_wai,0.0
2026-09-11 03:50:20,cpu_stl,0.0
2026-09-11 03:50:20,memory_percent,89.9
2026-09-11 03:50:20,memory_used_mb,14534.0
2026-09-11 03:50:20,memory_available_mb,1629.0
2026-09-11 03:50:20,disk_read_per_sec,1338312.0
2026-09-11 03:50:20,disk_write_per_sec,839892.0
2026-09-11 03:50:20,net_send_per_sec,1314.0
2026-09-11 03:50:20,net_recv_per_sec,4745.0
2026-09-11 03:50:20,load1,0.0
2026-09-11 03:50:20,load5,0.0
2026-09-11 03:50:20,load15,0.0
2026-09-11 03:50:20,active_sessions,39.0
2026-09-11 03:50:20,active_requests,18.0
2026-09-11 03:50:20,long_queries,12.0
2026-09-11 03:50:20,long_transactions,12.0
2026-09-11 03:50:20,idle_sessions,30.0
2026-09-11 03:50:20,lock_waits,0.0
2026-09-11 03:50:20,total_locks,44.0
2026-09-11 03:50:20,deadlocks_per_sec,37.0
2026-09-11 03:50:20,page_life_expectancy,2869.0
2026-09-11 03:50:20,buffer_cache_hit_ratio,100.0
2026-09-11 03:50:20,transactions_per_sec,400.31
2026-09-11 03:50:20,page_reads_per_sec,0.0
2026-09-11 03:50:20,page_writes_per_sec,0.0
2026-09-11 03:50:20,rollbacks_per_sec,0.0
2026-09-11 03:50:20,batch_requests_per_sec,0.0
2026-09-11 03:50:20,sql_compilations_per_sec,0.0
2026-09-11 03:50:20,database_size_mb,0.0
2026-09-11 03:50:20,total_reads,3671.0
2026-09-11 03:50:20,total_writes,26217.0
2026-09-11 03:50:20,venta_locks,1.0
2026-09-11 03:50:20,detalle_venta_locks,0.0
2026-09-11 03:50:20,inventario_locks,0.0
2026-09-11 03:50:20,kardex_locks,0.0
2026-09-11 03:50:20,caja_locks,0.0
2026-09-11 03:50:20,movimiento_caja_locks,0.0
2026-09-11 03:50:20,auditoria_locks,0.0
2026-09-11 03:50:20,api_status,403.0
2026-09-11 03:50:20,api_latency_ms,20.0
2026-09-11 03:50:20,products_count,0.0
2026-09-11 03:50:20,sales_count,0.0
2026-09-11 03:50:25,cpu_usr,8.8
2026-09-11 03:50:25,cpu_sys,44.9
2026-09-11 03:50:25,cpu_idl,44.3
2026-09-11 03:50:25,cpu_wai,0.0
2026-09-11 03:50:25,cpu_stl,0.0
2026-09-11 03:50:25,memory_percent,89.2
2026-09-11 03:50:25,memory_used_mb,14413.0
2026-09-11 03:50:25,memory_available_mb,1750.0
2026-09-11 03:50:25,disk_read_per_sec,426201.0
2026-09-11 03:50:25,disk_write_per_sec,8643686.0
2026-09-11 03:50:25,net_send_per_sec,3159.0
2026-09-11 03:50:25,net_recv_per_sec,5397.0
2026-09-11 03:50:25,load1,0.0
2026-09-11 03:50:25,load5,0.0
2026-09-11 03:50:25,load15,0.0
2026-09-11 03:50:25,active_sessions,36.0
2026-09-11 03:50:25,active_requests,16.0
2026-09-11 03:50:25,long_queries,9.0
2026-09-11 03:50:25,long_transactions,9.0
2026-09-11 03:50:25,idle_sessions,28.0
2026-09-11 03:50:25,lock_waits,0.0
2026-09-11 03:50:25,total_locks,48.0
2026-09-11 03:50:25,deadlocks_per_sec,37.0
2026-09-11 03:50:25,page_life_expectancy,2874.0
2026-09-11 03:50:25,buffer_cache_hit_ratio,100.0
2026-09-11 03:50:25,transactions_per_sec,872.83
2026-09-11 03:50:25,page_reads_per_sec,0.0
2026-09-11 03:50:25,page_writes_per_sec,0.0
2026-09-11 03:50:25,rollbacks_per_sec,0.0
2026-09-11 03:50:25,batch_requests_per_sec,0.0
2026-09-11 03:50:25,sql_compilations_per_sec,0.0
2026-09-11 03:50:25,database_size_mb,0.0
2026-09-11 03:50:25,total_reads,3671.0
2026-09-11 03:50:25,total_writes,26646.0
2026-09-11 03:50:25,venta_locks,0.0
2026-09-11 03:50:25,detalle_venta_locks,0.0
2026-09-11 03:50:25,inventario_locks,0.0
2026-09-11 03:50:25,kardex_locks,0.0
2026-09-11 03:50:25,caja_locks,0.0
2026-09-11 03:50:25,movimiento_caja_locks,0.0
2026-09-11 03:50:25,auditoria_locks,0.0
2026-09-11 03:50:25,api_status,403.0
2026-09-11 03:50:25,api_latency_ms,16.0
2026-09-11 03:50:25,products_count,0.0
2026-09-11 03:50:25,sales_count,0.0
2026-09-11 03:50:30,cpu_usr,8.2
2026-09-11 03:50:30,cpu_sys,43.6
2026-09-11 03:50:30,cpu_idl,46.0
2026-09-11 03:50:30,cpu_wai,0.0
2026-09-11 03:50:30,cpu_stl,0.0
2026-09-11 03:50:30,memory_percent,89.2
2026-09-11 03:50:30,memory_used_mb,14420.0
2026-09-11 03:50:30,memory_available_mb,1743.0
2026-09-11 03:50:30,disk_read_per_sec,1358635.0
2026-09-11 03:50:30,disk_write_per_sec,2258611.0
2026-09-11 03:50:30,net_send_per_sec,149.0
2026-09-11 03:50:30,net_recv_per_sec,240.0
2026-09-11 03:50:30,load1,0.08
2026-09-11 03:50:30,load5,0.02
2026-09-11 03:50:30,load15,0.01
2026-09-11 03:50:30,active_sessions,36.0
2026-09-11 03:50:30,active_requests,16.0
2026-09-11 03:50:30,long_queries,9.0
2026-09-11 03:50:30,long_transactions,9.0
2026-09-11 03:50:30,idle_sessions,31.0
2026-09-11 03:50:30,lock_waits,0.0
2026-09-11 03:50:30,total_locks,59.0
2026-09-11 03:50:30,deadlocks_per_sec,37.0
2026-09-11 03:50:30,page_life_expectancy,2879.0
2026-09-11 03:50:30,buffer_cache_hit_ratio,100.0
2026-09-11 03:50:30,transactions_per_sec,988.52
2026-09-11 03:50:30,page_reads_per_sec,0.0
2026-09-11 03:50:30,page_writes_per_sec,0.0
2026-09-11 03:50:30,rollbacks_per_sec,0.0
2026-09-11 03:50:30,batch_requests_per_sec,0.0
2026-09-11 03:50:30,sql_compilations_per_sec,0.0
2026-09-11 03:50:30,database_size_mb,0.0
2026-09-11 03:50:30,total_reads,3671.0
2026-09-11 03:50:30,total_writes,27137.0
2026-09-11 03:50:30,venta_locks,0.0
2026-09-11 03:50:30,detalle_venta_locks,0.0
2026-09-11 03:50:30,inventario_locks,0.0
2026-09-11 03:50:30,kardex_locks,0.0
2026-09-11 03:50:30,caja_locks,0.0
2026-09-11 03:50:30,movimiento_caja_locks,0.0
2026-09-11 03:50:30,auditoria_locks,0.0
2026-09-11 03:50:30,api_status,403.0
2026-09-11 03:50:30,api_latency_ms,18.0
2026-09-11 03:50:30,products_count,0.0
2026-09-11 03:50:30,sales_count,0.0
2026-09-11 03:50:35,cpu_usr,8.9
2026-09-11 03:50:35,cpu_sys,44.6
2026-09-11 03:50:35,cpu_idl,44.6
2026-09-11 03:50:35,cpu_wai,0.0
2026-09-11 03:50:35,cpu_stl,0.0
2026-09-11 03:50:35,memory_percent,89.2
2026-09-11 03:50:35,memory_used_mb,14423.0
2026-09-11 03:50:35,memory_available_mb,1741.0
2026-09-11 03:50:35,disk_read_per_sec,1738419.0
2026-09-11 03:50:35,disk_write_per_sec,2302049.0
2026-09-11 03:50:35,net_send_per_sec,97.0
2026-09-11 03:50:35,net_recv_per_sec,162.0
2026-09-11 03:50:35,load1,0.15
2026-09-11 03:50:35,load5,0.03
2026-09-11 03:50:35,load15,0.01
2026-09-11 03:50:35,active_sessions,36.0
2026-09-11 03:50:35,active_requests,13.0
2026-09-11 03:50:35,long_queries,9.0
2026-09-11 03:50:35,long_transactions,9.0
2026-09-11 03:50:35,idle_sessions,30.0
2026-09-11 03:50:35,lock_waits,1.0
2026-09-11 03:50:35,total_locks,67.0
2026-09-11 03:50:35,deadlocks_per_sec,37.0
2026-09-11 03:50:35,page_life_expectancy,2885.0
2026-09-11 03:50:35,buffer_cache_hit_ratio,100.0
2026-09-11 03:50:35,transactions_per_sec,924.12
2026-09-11 03:50:35,page_reads_per_sec,0.0
2026-09-11 03:50:35,page_writes_per_sec,0.0
2026-09-11 03:50:35,rollbacks_per_sec,0.0
2026-09-11 03:50:35,batch_requests_per_sec,0.0
2026-09-11 03:50:35,sql_compilations_per_sec,0.0
2026-09-11 03:50:35,database_size_mb,0.0
2026-09-11 03:50:35,total_reads,3671.0
2026-09-11 03:50:35,total_writes,27633.0
2026-09-11 03:50:35,venta_locks,0.0
2026-09-11 03:50:35,detalle_venta_locks,0.0
2026-09-11 03:50:35,inventario_locks,0.0
2026-09-11 03:50:35,kardex_locks,0.0
2026-09-11 03:50:35,caja_locks,0.0
2026-09-11 03:50:35,movimiento_caja_locks,0.0
2026-09-11 03:50:35,auditoria_locks,0.0
2026-09-11 03:50:35,api_status,403.0
2026-09-11 03:50:35,api_latency_ms,22.0
2026-09-11 03:50:35,products_count,0.0
2026-09-11 03:50:35,sales_count,0.0
2026-09-11 03:50:41,cpu_usr,8.3
2026-09-11 03:50:41,cpu_sys,46.5
2026-09-11 03:50:41,cpu_idl,43.0
2026-09-11 03:50:41,cpu_wai,0.0
2026-09-11 03:50:41,cpu_stl,0.0
2026-09-11 03:50:41,memory_percent,89.7
2026-09-11 03:50:41,memory_used_mb,14492.0
2026-09-11 03:50:41,memory_available_mb,1671.0
2026-09-11 03:50:41,disk_read_per_sec,5108062.0
2026-09-11 03:50:41,disk_write_per_sec,2117714.0
2026-09-11 03:50:41,net_send_per_sec,3763.0
2026-09-11 03:50:41,net_recv_per_sec,603.0
2026-09-11 03:50:41,load1,0.14
2026-09-11 03:50:41,load5,0.03
2026-09-11 03:50:41,load15,0.01
2026-09-11 03:50:41,active_sessions,36.0
2026-09-11 03:50:41,active_requests,16.0
2026-09-11 03:50:41,long_queries,9.0
2026-09-11 03:50:41,long_transactions,9.0
2026-09-11 03:50:41,idle_sessions,31.0
2026-09-11 03:50:41,lock_waits,0.0
2026-09-11 03:50:41,total_locks,51.0
2026-09-11 03:50:41,deadlocks_per_sec,37.0
2026-09-11 03:50:41,page_life_expectancy,2890.0
2026-09-11 03:50:41,buffer_cache_hit_ratio,100.0
2026-09-11 03:50:41,transactions_per_sec,967.93
2026-09-11 03:50:41,page_reads_per_sec,0.0
2026-09-11 03:50:41,page_writes_per_sec,0.0
2026-09-11 03:50:41,rollbacks_per_sec,0.0
2026-09-11 03:50:41,batch_requests_per_sec,0.0
2026-09-11 03:50:41,sql_compilations_per_sec,0.0
2026-09-11 03:50:41,database_size_mb,0.0
2026-09-11 03:50:41,total_reads,3671.0
2026-09-11 03:50:41,total_writes,28100.0
2026-09-11 03:50:41,venta_locks,0.0
2026-09-11 03:50:41,detalle_venta_locks,0.0
2026-09-11 03:50:41,inventario_locks,0.0
2026-09-11 03:50:41,kardex_locks,0.0
2026-09-11 03:50:41,caja_locks,0.0
2026-09-11 03:50:41,movimiento_caja_locks,0.0
2026-09-11 03:50:41,auditoria_locks,0.0
2026-09-11 03:50:41,api_status,403.0
2026-09-11 03:50:41,api_latency_ms,16.0
2026-09-11 03:50:41,products_count,0.0
2026-09-11 03:50:41,sales_count,0.0
2026-09-11 03:50:46,cpu_usr,11.8
2026-09-11 03:50:46,cpu_sys,47.5
2026-09-11 03:50:46,cpu_idl,38.3
2026-09-11 03:50:46,cpu_wai,0.0
2026-09-11 03:50:46,cpu_stl,0.0
2026-09-11 03:50:46,memory_percent,89.6
2026-09-11 03:50:46,memory_used_mb,14488.0
2026-09-11 03:50:46,memory_available_mb,1675.0
2026-09-11 03:50:46,disk_read_per_sec,1227946.0
2026-09-11 03:50:46,disk_write_per_sec,2349616.0
2026-09-11 03:50:46,net_send_per_sec,3095.0
2026-09-11 03:50:46,net_recv_per_sec,570.0
2026-09-11 03:50:46,load1,0.13
2026-09-11 03:50:46,load5,0.03
2026-09-11 03:50:46,load15,0.01
2026-09-11 03:50:46,active_sessions,36.0
2026-09-11 03:50:46,active_requests,18.0
2026-09-11 03:50:46,long_queries,9.0
2026-09-11 03:50:46,long_transactions,9.0
2026-09-11 03:50:46,idle_sessions,27.0
2026-09-11 03:50:46,lock_waits,0.0
2026-09-11 03:50:46,total_locks,35.0
2026-09-11 03:50:46,deadlocks_per_sec,37.0
2026-09-11 03:50:46,page_life_expectancy,2896.0
2026-09-11 03:50:46,buffer_cache_hit_ratio,100.0
2026-09-11 03:50:46,transactions_per_sec,900.22
2026-09-11 03:50:46,page_reads_per_sec,0.0
2026-09-11 03:50:46,page_writes_per_sec,0.0
2026-09-11 03:50:46,rollbacks_per_sec,0.0
2026-09-11 03:50:46,batch_requests_per_sec,0.0
2026-09-11 03:50:46,sql_compilations_per_sec,0.0
2026-09-11 03:50:46,database_size_mb,0.0
2026-09-11 03:50:46,total_reads,3671.0
2026-09-11 03:50:46,total_writes,28537.0
2026-09-11 03:50:46,venta_locks,0.0
2026-09-11 03:50:46,detalle_venta_locks,0.0
2026-09-11 03:50:46,inventario_locks,0.0
2026-09-11 03:50:46,kardex_locks,0.0
2026-09-11 03:50:46,caja_locks,0.0
2026-09-11 03:50:46,movimiento_caja_locks,0.0
2026-09-11 03:50:46,auditoria_locks,0.0
2026-09-11 03:50:46,api_status,403.0
2026-09-11 03:50:46,api_latency_ms,19.0
2026-09-11 03:50:46,products_count,0.0
2026-09-11 03:50:46,sales_count,0.0
2026-09-11 03:50:51,cpu_usr,8.4
2026-09-11 03:50:51,cpu_sys,42.9
2026-09-11 03:50:51,cpu_idl,46.4
2026-09-11 03:50:51,cpu_wai,0.0
2026-09-11 03:50:51,cpu_stl,0.0
2026-09-11 03:50:51,memory_percent,89.8
2026-09-11 03:50:51,memory_used_mb,14509.0
2026-09-11 03:50:51,memory_available_mb,1654.0
2026-09-11 03:50:51,disk_read_per_sec,153174.0
2026-09-11 03:50:51,disk_write_per_sec,2130879.0
2026-09-11 03:50:51,net_send_per_sec,577.0
2026-09-11 03:50:51,net_recv_per_sec,330.0
2026-09-11 03:50:51,load1,0.12
2026-09-11 03:50:51,load5,0.03
2026-09-11 03:50:51,load15,0.01
2026-09-11 03:50:51,active_sessions,36.0
2026-09-11 03:50:51,active_requests,17.0
2026-09-11 03:50:51,long_queries,9.0
2026-09-11 03:50:51,long_transactions,9.0
2026-09-11 03:50:51,idle_sessions,27.0
2026-09-11 03:50:51,lock_waits,2.0
2026-09-11 03:50:51,total_locks,53.0
2026-09-11 03:50:51,deadlocks_per_sec,37.0
2026-09-11 03:50:51,page_life_expectancy,2901.0
2026-09-11 03:50:51,buffer_cache_hit_ratio,100.0
2026-09-11 03:50:51,transactions_per_sec,870.09
2026-09-11 03:50:51,page_reads_per_sec,0.0
2026-09-11 03:50:51,page_writes_per_sec,0.0
2026-09-11 03:50:51,rollbacks_per_sec,0.0
2026-09-11 03:50:51,batch_requests_per_sec,0.0
2026-09-11 03:50:51,sql_compilations_per_sec,0.0
2026-09-11 03:50:51,database_size_mb,0.0
2026-09-11 03:50:51,total_reads,3671.0
2026-09-11 03:50:51,total_writes,28963.0
2026-09-11 03:50:51,venta_locks,0.0
2026-09-11 03:50:51,detalle_venta_locks,0.0
2026-09-11 03:50:51,inventario_locks,0.0
2026-09-11 03:50:51,kardex_locks,0.0
2026-09-11 03:50:51,caja_locks,0.0
2026-09-11 03:50:51,movimiento_caja_locks,0.0
2026-09-11 03:50:51,auditoria_locks,0.0
2026-09-11 03:50:51,api_status,403.0
2026-09-11 03:50:51,api_latency_ms,14.0
2026-09-11 03:50:51,products_count,0.0
2026-09-11 03:50:51,sales_count,0.0
2026-09-11 03:50:57,cpu_usr,11.1
2026-09-11 03:50:57,cpu_sys,47.8
2026-09-11 03:50:57,cpu_idl,39.0
2026-09-11 03:50:57,cpu_wai,0.0
2026-09-11 03:50:57,cpu_stl,0.0
2026-09-11 03:50:57,memory_percent,89.9
2026-09-11 03:50:57,memory_used_mb,14531.0
2026-09-11 03:50:57,memory_available_mb,1632.0
2026-09-11 03:50:57,disk_read_per_sec,12956797.0
2026-09-11 03:50:57,disk_write_per_sec,2515668.0
2026-09-11 03:50:57,net_send_per_sec,2396.0
2026-09-11 03:50:57,net_recv_per_sec,2557.0
2026-09-11 03:50:57,load1,0.11
2026-09-11 03:50:57,load5,0.03
2026-09-11 03:50:57,load15,0.01
2026-09-11 03:50:57,active_sessions,36.0
2026-09-11 03:50:57,active_requests,19.0
2026-09-11 03:50:57,long_queries,9.0
2026-09-11 03:50:57,long_transactions,9.0
2026-09-11 03:50:57,idle_sessions,27.0
2026-09-11 03:50:57,lock_waits,1.0
2026-09-11 03:50:57,total_locks,54.0
2026-09-11 03:50:57,deadlocks_per_sec,37.0
2026-09-11 03:50:57,page_life_expectancy,2907.0
2026-09-11 03:50:57,buffer_cache_hit_ratio,100.0
2026-09-11 03:50:57,transactions_per_sec,811.07
2026-09-11 03:50:57,page_reads_per_sec,0.0
2026-09-11 03:50:57,page_writes_per_sec,0.0
2026-09-11 03:50:57,rollbacks_per_sec,0.0
2026-09-11 03:50:57,batch_requests_per_sec,0.0
2026-09-11 03:50:57,sql_compilations_per_sec,0.0
2026-09-11 03:50:57,database_size_mb,0.0
2026-09-11 03:50:57,total_reads,3671.0
2026-09-11 03:50:57,total_writes,29361.0
2026-09-11 03:50:57,venta_locks,0.0
2026-09-11 03:50:57,detalle_venta_locks,0.0
2026-09-11 03:50:57,inventario_locks,0.0
2026-09-11 03:50:57,kardex_locks,0.0
2026-09-11 03:50:57,caja_locks,0.0
2026-09-11 03:50:57,movimiento_caja_locks,0.0
2026-09-11 03:50:57,auditoria_locks,0.0
2026-09-11 03:50:57,api_status,403.0
2026-09-11 03:50:57,api_latency_ms,17.0
2026-09-11 03:50:57,products_count,0.0
2026-09-11 03:50:57,sales_count,0.0
2026-09-11 03:51:02,cpu_usr,7.7
2026-09-11 03:51:02,cpu_sys,45.0
2026-09-11 03:51:02,cpu_idl,45.2
2026-09-11 03:51:02,cpu_wai,0.0
2026-09-11 03:51:02,cpu_stl,0.0
2026-09-11 03:51:02,memory_percent,90.0
2026-09-11 03:51:02,memory_used_mb,14551.0
2026-09-11 03:51:02,memory_available_mb,1612.0
2026-09-11 03:51:02,disk_read_per_sec,4663661.0
2026-09-11 03:51:02,disk_write_per_sec,2569709.0
2026-09-11 03:51:02,net_send_per_sec,1157.0
2026-09-11 03:51:02,net_recv_per_sec,3834.0
2026-09-11 03:51:02,load1,0.1
2026-09-11 03:51:02,load5,0.03
2026-09-11 03:51:02,load15,0.01
2026-09-11 03:51:02,active_sessions,36.0
2026-09-11 03:51:02,active_requests,18.0
2026-09-11 03:51:02,long_queries,9.0
2026-09-11 03:51:02,long_transactions,9.0
2026-09-11 03:51:02,idle_sessions,31.0
2026-09-11 03:51:02,lock_waits,2.0
2026-09-11 03:51:02,total_locks,83.0
2026-09-11 03:51:02,deadlocks_per_sec,37.0
2026-09-11 03:51:02,page_life_expectancy,2912.0
2026-09-11 03:51:02,buffer_cache_hit_ratio,100.0
2026-09-11 03:51:02,transactions_per_sec,926.73
2026-09-11 03:51:02,page_reads_per_sec,0.0
2026-09-11 03:51:02,page_writes_per_sec,0.0
2026-09-11 03:51:02,rollbacks_per_sec,0.0
2026-09-11 03:51:02,batch_requests_per_sec,0.0
2026-09-11 03:51:02,sql_compilations_per_sec,0.0
2026-09-11 03:51:02,database_size_mb,0.0
2026-09-11 03:51:02,total_reads,3671.0
2026-09-11 03:51:02,total_writes,29748.0
2026-09-11 03:51:02,venta_locks,0.0
2026-09-11 03:51:02,detalle_venta_locks,0.0
2026-09-11 03:51:02,inventario_locks,0.0
2026-09-11 03:51:02,kardex_locks,0.0
2026-09-11 03:51:02,caja_locks,0.0
2026-09-11 03:51:02,movimiento_caja_locks,0.0
2026-09-11 03:51:02,auditoria_locks,0.0
2026-09-11 03:51:02,api_status,403.0
2026-09-11 03:51:02,api_latency_ms,7.0
2026-09-11 03:51:02,products_count,0.0
2026-09-11 03:51:02,sales_count,0.0
2026-09-11 03:51:07,cpu_usr,13.3
2026-09-11 03:51:07,cpu_sys,46.4
2026-09-11 03:51:07,cpu_idl,37.2
2026-09-11 03:51:07,cpu_wai,0.0
2026-09-11 03:51:07,cpu_stl,0.0
2026-09-11 03:51:07,memory_percent,91.0
2026-09-11 03:51:07,memory_used_mb,14701.0
2026-09-11 03:51:07,memory_available_mb,1462.0
2026-09-11 03:51:07,disk_read_per_sec,2732292.0
2026-09-11 03:51:07,disk_write_per_sec,6508224.0
2026-09-11 03:51:07,net_send_per_sec,217.0
2026-09-11 03:51:07,net_recv_per_sec,295.0
2026-09-11 03:51:07,load1,0.09
2026-09-11 03:51:07,load5,0.03
2026-09-11 03:51:07,load15,0.01
2026-09-11 03:51:07,active_sessions,37.0
2026-09-11 03:51:07,active_requests,16.0
2026-09-11 03:51:07,long_queries,9.0
2026-09-11 03:51:07,long_transactions,9.0
2026-09-11 03:51:07,idle_sessions,32.0
2026-09-11 03:51:07,lock_waits,0.0
2026-09-11 03:51:07,total_locks,41.0
2026-09-11 03:51:07,deadlocks_per_sec,37.0
2026-09-11 03:51:07,page_life_expectancy,2917.0
2026-09-11 03:51:07,buffer_cache_hit_ratio,100.0
2026-09-11 03:51:07,transactions_per_sec,862.17
2026-09-11 03:51:07,page_reads_per_sec,0.0
2026-09-11 03:51:07,page_writes_per_sec,0.0
2026-09-11 03:51:07,rollbacks_per_sec,0.0
2026-09-11 03:51:07,batch_requests_per_sec,0.0
2026-09-11 03:51:07,sql_compilations_per_sec,0.0
2026-09-11 03:51:07,database_size_mb,0.0
2026-09-11 03:51:07,total_reads,3671.0
2026-09-11 03:51:07,total_writes,30179.0
2026-09-11 03:51:07,venta_locks,0.0
2026-09-11 03:51:07,detalle_venta_locks,0.0
2026-09-11 03:51:07,inventario_locks,1.0
2026-09-11 03:51:07,kardex_locks,0.0
2026-09-11 03:51:07,caja_locks,0.0
2026-09-11 03:51:07,movimiento_caja_locks,0.0
2026-09-11 03:51:07,auditoria_locks,0.0
2026-09-11 03:51:07,api_status,403.0
2026-09-11 03:51:07,api_latency_ms,16.0
2026-09-11 03:51:07,products_count,0.0
2026-09-11 03:51:07,sales_count,0.0
2026-09-11 03:51:13,cpu_usr,8.9
2026-09-11 03:51:13,cpu_sys,43.5
2026-09-11 03:51:13,cpu_idl,44.4
2026-09-11 03:51:13,cpu_wai,0.0
2026-09-11 03:51:13,cpu_stl,0.0
2026-09-11 03:51:13,memory_percent,91.6
2026-09-11 03:51:13,memory_used_mb,14803.0
2026-09-11 03:51:13,memory_available_mb,1360.0
2026-09-11 03:51:13,disk_read_per_sec,58267455.0
2026-09-11 03:51:13,disk_write_per_sec,2062140.0
2026-09-11 03:51:13,net_send_per_sec,4736.0
2026-09-11 03:51:13,net_recv_per_sec,3701.0
2026-09-11 03:51:13,load1,0.09
2026-09-11 03:51:13,load5,0.03
2026-09-11 03:51:13,load15,0.01
2026-09-11 03:51:13,active_sessions,36.0
2026-09-11 03:51:13,active_requests,17.0
2026-09-11 03:51:13,long_queries,9.0
2026-09-11 03:51:13,long_transactions,9.0
2026-09-11 03:51:13,idle_sessions,28.0
2026-09-11 03:51:13,lock_waits,1.0
2026-09-11 03:51:13,total_locks,41.0
2026-09-11 03:51:13,deadlocks_per_sec,37.0
2026-09-11 03:51:13,page_life_expectancy,2923.0
2026-09-11 03:51:13,buffer_cache_hit_ratio,100.0
2026-09-11 03:51:13,transactions_per_sec,827.46
2026-09-11 03:51:13,page_reads_per_sec,0.0
2026-09-11 03:51:13,page_writes_per_sec,0.0
2026-09-11 03:51:13,rollbacks_per_sec,0.0
2026-09-11 03:51:13,batch_requests_per_sec,0.0
2026-09-11 03:51:13,sql_compilations_per_sec,0.0
2026-09-11 03:51:13,database_size_mb,0.0
2026-09-11 03:51:13,total_reads,3671.0
2026-09-11 03:51:13,total_writes,30602.0
2026-09-11 03:51:13,venta_locks,0.0
2026-09-11 03:51:13,detalle_venta_locks,0.0
2026-09-11 03:51:13,inventario_locks,0.0
2026-09-11 03:51:13,kardex_locks,0.0
2026-09-11 03:51:13,caja_locks,0.0
2026-09-11 03:51:13,movimiento_caja_locks,0.0
2026-09-11 03:51:13,auditoria_locks,0.0
2026-09-11 03:51:13,api_status,403.0
2026-09-11 03:51:13,api_latency_ms,22.0
2026-09-11 03:51:13,products_count,0.0
2026-09-11 03:51:13,sales_count,0.0
2026-09-11 03:51:18,cpu_usr,7.8
2026-09-11 03:51:18,cpu_sys,43.9
2026-09-11 03:51:18,cpu_idl,45.9
2026-09-11 03:51:18,cpu_wai,0.0
2026-09-11 03:51:18,cpu_stl,0.0
2026-09-11 03:51:18,memory_percent,91.3
2026-09-11 03:51:18,memory_used_mb,14765.0
2026-09-11 03:51:18,memory_available_mb,1398.0
2026-09-11 03:51:18,disk_read_per_sec,13662304.0
2026-09-11 03:51:18,disk_write_per_sec,2855768.0
2026-09-11 03:51:18,net_send_per_sec,3124.0
2026-09-11 03:51:18,net_recv_per_sec,774.0
2026-09-11 03:51:18,load1,0.08
2026-09-11 03:51:18,load5,0.03
2026-09-11 03:51:18,load15,0.01
2026-09-11 03:51:18,active_sessions,35.0
2026-09-11 03:51:18,active_requests,15.0
2026-09-11 03:51:18,long_queries,9.0
2026-09-11 03:51:18,long_transactions,9.0
2026-09-11 03:51:18,idle_sessions,28.0
2026-09-11 03:51:18,lock_waits,0.0
2026-09-11 03:51:18,total_locks,41.0
2026-09-11 03:51:18,deadlocks_per_sec,37.0
2026-09-11 03:51:18,page_life_expectancy,2928.0
2026-09-11 03:51:18,buffer_cache_hit_ratio,100.0
2026-09-11 03:51:18,transactions_per_sec,891.4
2026-09-11 03:51:18,page_reads_per_sec,0.0
2026-09-11 03:51:18,page_writes_per_sec,0.0
2026-09-11 03:51:18,rollbacks_per_sec,0.0
2026-09-11 03:51:18,batch_requests_per_sec,0.0
2026-09-11 03:51:18,sql_compilations_per_sec,0.0
2026-09-11 03:51:18,database_size_mb,0.0
2026-09-11 03:51:18,total_reads,3671.0
2026-09-11 03:51:18,total_writes,31051.0
2026-09-11 03:51:18,venta_locks,0.0
2026-09-11 03:51:18,detalle_venta_locks,0.0
2026-09-11 03:51:18,inventario_locks,0.0
2026-09-11 03:51:18,kardex_locks,0.0
2026-09-11 03:51:18,caja_locks,0.0
2026-09-11 03:51:18,movimiento_caja_locks,0.0
2026-09-11 03:51:18,auditoria_locks,0.0
2026-09-11 03:51:18,api_status,403.0
2026-09-11 03:51:18,api_latency_ms,25.0
2026-09-11 03:51:18,products_count,0.0
2026-09-11 03:51:18,sales_count,0.0
2026-09-11 03:51:23,cpu_usr,4.7
2026-09-11 03:51:23,cpu_sys,42.2
2026-09-11 03:51:23,cpu_idl,51.2
2026-09-11 03:51:23,cpu_wai,0.0
2026-09-11 03:51:23,cpu_stl,0.0
2026-09-11 03:51:23,memory_percent,91.1
2026-09-11 03:51:23,memory_used_mb,14733.0
2026-09-11 03:51:23,memory_available_mb,1431.0
2026-09-11 03:51:23,disk_read_per_sec,14895785.0
2026-09-11 03:51:23,disk_write_per_sec,2232452.0
2026-09-11 03:51:23,net_send_per_sec,99.0
2026-09-11 03:51:23,net_recv_per_sec,164.0
2026-09-11 03:51:23,load1,0.07
2026-09-11 03:51:23,load5,0.03
2026-09-11 03:51:23,load15,0.01
2026-09-11 03:51:23,active_sessions,35.0
2026-09-11 03:51:23,active_requests,16.0
2026-09-11 03:51:23,long_queries,9.0
2026-09-11 03:51:23,long_transactions,9.0
2026-09-11 03:51:23,idle_sessions,31.0
2026-09-11 03:51:23,lock_waits,0.0
2026-09-11 03:51:23,total_locks,36.0
2026-09-11 03:51:23,deadlocks_per_sec,37.0
2026-09-11 03:51:23,page_life_expectancy,2933.0
2026-09-11 03:51:23,buffer_cache_hit_ratio,100.0
2026-09-11 03:51:23,transactions_per_sec,891.24
2026-09-11 03:51:23,page_reads_per_sec,0.0
2026-09-11 03:51:23,page_writes_per_sec,0.0
2026-09-11 03:51:23,rollbacks_per_sec,0.0
2026-09-11 03:51:23,batch_requests_per_sec,0.0
2026-09-11 03:51:23,sql_compilations_per_sec,0.0
2026-09-11 03:51:23,database_size_mb,0.0
2026-09-11 03:51:23,total_reads,3671.0
2026-09-11 03:51:23,total_writes,31482.0
2026-09-11 03:51:23,venta_locks,0.0
2026-09-11 03:51:23,detalle_venta_locks,0.0
2026-09-11 03:51:23,inventario_locks,0.0
2026-09-11 03:51:23,kardex_locks,0.0
2026-09-11 03:51:23,caja_locks,0.0
2026-09-11 03:51:23,movimiento_caja_locks,0.0
2026-09-11 03:51:23,auditoria_locks,0.0
2026-09-11 03:51:23,api_status,403.0
2026-09-11 03:51:23,api_latency_ms,21.0
2026-09-11 03:51:23,products_count,0.0
2026-09-11 03:51:23,sales_count,0.0
2026-09-11 03:51:28,cpu_usr,4.0
2026-09-11 03:51:28,cpu_sys,41.4
2026-09-11 03:51:28,cpu_idl,52.8
2026-09-11 03:51:28,cpu_wai,0.0
2026-09-11 03:51:28,cpu_stl,0.0
2026-09-11 03:51:28,memory_percent,90.0
2026-09-11 03:51:28,memory_used_mb,14553.0
2026-09-11 03:51:28,memory_available_mb,1610.0
2026-09-11 03:51:28,disk_read_per_sec,4456453.0
2026-09-11 03:51:28,disk_write_per_sec,35005122.0
2026-09-11 03:51:28,net_send_per_sec,172.0
2026-09-11 03:51:28,net_recv_per_sec,241.0
2026-09-11 03:51:28,load1,0.07
2026-09-11 03:51:28,load5,0.03
2026-09-11 03:51:28,load15,0.01
2026-09-11 03:51:28,active_sessions,35.0
2026-09-11 03:51:28,active_requests,16.0
2026-09-11 03:51:28,long_queries,9.0
2026-09-11 03:51:28,long_transactions,9.0
2026-09-11 03:51:28,idle_sessions,26.0
2026-09-11 03:51:28,lock_waits,0.0
2026-09-11 03:51:28,total_locks,43.0
2026-09-11 03:51:28,deadlocks_per_sec,37.0
2026-09-11 03:51:28,page_life_expectancy,2938.0
2026-09-11 03:51:28,buffer_cache_hit_ratio,100.0
2026-09-11 03:51:28,transactions_per_sec,936.53
2026-09-11 03:51:28,page_reads_per_sec,0.0
2026-09-11 03:51:28,page_writes_per_sec,0.0
2026-09-11 03:51:28,rollbacks_per_sec,0.0
2026-09-11 03:51:28,batch_requests_per_sec,0.0
2026-09-11 03:51:28,sql_compilations_per_sec,0.0
2026-09-11 03:51:28,database_size_mb,0.0
2026-09-11 03:51:28,total_reads,3671.0
2026-09-11 03:51:28,total_writes,31926.0
2026-09-11 03:51:28,venta_locks,1.0
2026-09-11 03:51:28,detalle_venta_locks,0.0
2026-09-11 03:51:28,inventario_locks,0.0
2026-09-11 03:51:28,kardex_locks,0.0
2026-09-11 03:51:28,caja_locks,0.0
2026-09-11 03:51:28,movimiento_caja_locks,0.0
2026-09-11 03:51:28,auditoria_locks,0.0
2026-09-11 03:51:28,api_status,403.0
2026-09-11 03:51:28,api_latency_ms,14.0
2026-09-11 03:51:28,products_count,0.0
2026-09-11 03:51:28,sales_count,0.0
2026-09-11 03:51:34,cpu_usr,3.4
2026-09-11 03:51:34,cpu_sys,40.0
2026-09-11 03:51:34,cpu_idl,55.1
2026-09-11 03:51:34,cpu_wai,0.0
2026-09-11 03:51:34,cpu_stl,0.0
2026-09-11 03:51:34,memory_percent,90.1
2026-09-11 03:51:34,memory_used_mb,14564.0
2026-09-11 03:51:34,memory_available_mb,1599.0
2026-09-11 03:51:34,disk_read_per_sec,297447.0
2026-09-11 03:51:34,disk_write_per_sec,1862346.0
2026-09-11 03:51:34,net_send_per_sec,298.0
2026-09-11 03:51:34,net_recv_per_sec,261.0
2026-09-11 03:51:34,load1,0.06
2026-09-11 03:51:34,load5,0.03
2026-09-11 03:51:34,load15,0.01
2026-09-11 03:51:34,active_sessions,36.0
2026-09-11 03:51:34,active_requests,15.0
2026-09-11 03:51:34,long_queries,9.0
2026-09-11 03:51:34,long_transactions,9.0
2026-09-11 03:51:34,idle_sessions,28.0
2026-09-11 03:51:34,lock_waits,0.0
2026-09-11 03:51:34,total_locks,47.0
2026-09-11 03:51:34,deadlocks_per_sec,37.0
2026-09-11 03:51:34,page_life_expectancy,2944.0
2026-09-11 03:51:34,buffer_cache_hit_ratio,100.0
2026-09-11 03:51:34,transactions_per_sec,819.72
2026-09-11 03:51:34,page_reads_per_sec,0.0
2026-09-11 03:51:34,page_writes_per_sec,0.0
2026-09-11 03:51:34,rollbacks_per_sec,0.0
2026-09-11 03:51:34,batch_requests_per_sec,0.0
2026-09-11 03:51:34,sql_compilations_per_sec,0.0
2026-09-11 03:51:34,database_size_mb,0.0
2026-09-11 03:51:34,total_reads,3671.0
2026-09-11 03:51:34,total_writes,32344.0
2026-09-11 03:51:34,venta_locks,0.0
2026-09-11 03:51:34,detalle_venta_locks,0.0
2026-09-11 03:51:34,inventario_locks,0.0
2026-09-11 03:51:34,kardex_locks,0.0
2026-09-11 03:51:34,caja_locks,0.0
2026-09-11 03:51:34,movimiento_caja_locks,0.0
2026-09-11 03:51:34,auditoria_locks,0.0
2026-09-11 03:51:34,api_status,403.0
2026-09-11 03:51:34,api_latency_ms,22.0
2026-09-11 03:51:34,products_count,0.0
2026-09-11 03:51:34,sales_count,0.0
2026-09-11 03:51:39,cpu_usr,4.3
2026-09-11 03:51:39,cpu_sys,40.9
2026-09-11 03:51:39,cpu_idl,53.3
2026-09-11 03:51:39,cpu_wai,0.0
2026-09-11 03:51:39,cpu_stl,0.0
2026-09-11 03:51:39,memory_percent,89.5
2026-09-11 03:51:39,memory_used_mb,14468.0
2026-09-11 03:51:39,memory_available_mb,1695.0
2026-09-11 03:51:39,disk_read_per_sec,634529.0
2026-09-11 03:51:39,disk_write_per_sec,1918465.0
2026-09-11 03:51:39,net_send_per_sec,148.0
2026-09-11 03:51:39,net_recv_per_sec,213.0
2026-09-11 03:51:39,load1,0.06
2026-09-11 03:51:39,load5,0.03
2026-09-11 03:51:39,load15,0.01
2026-09-11 03:51:39,active_sessions,35.0
2026-09-11 03:51:39,active_requests,17.0
2026-09-11 03:51:39,long_queries,9.0
2026-09-11 03:51:39,long_transactions,9.0
2026-09-11 03:51:39,idle_sessions,25.0
2026-09-11 03:51:39,lock_waits,0.0
2026-09-11 03:51:39,total_locks,54.0
2026-09-11 03:51:39,deadlocks_per_sec,37.0
2026-09-11 03:51:39,page_life_expectancy,2949.0
2026-09-11 03:51:39,buffer_cache_hit_ratio,100.0
2026-09-11 03:51:39,transactions_per_sec,858.95
2026-09-11 03:51:39,page_reads_per_sec,0.0
2026-09-11 03:51:39,page_writes_per_sec,0.0
2026-09-11 03:51:39,rollbacks_per_sec,0.0
2026-09-11 03:51:39,batch_requests_per_sec,0.0
2026-09-11 03:51:39,sql_compilations_per_sec,0.0
2026-09-11 03:51:39,database_size_mb,0.0
2026-09-11 03:51:39,total_reads,3671.0
2026-09-11 03:51:39,total_writes,32756.0
2026-09-11 03:51:39,venta_locks,1.0
2026-09-11 03:51:39,detalle_venta_locks,0.0
2026-09-11 03:51:39,inventario_locks,0.0
2026-09-11 03:51:39,kardex_locks,0.0
2026-09-11 03:51:39,caja_locks,0.0
2026-09-11 03:51:39,movimiento_caja_locks,0.0
2026-09-11 03:51:39,auditoria_locks,0.0
2026-09-11 03:51:39,api_status,403.0
2026-09-11 03:51:39,api_latency_ms,13.0
2026-09-11 03:51:39,products_count,0.0
2026-09-11 03:51:39,sales_count,0.0
2026-09-11 03:51:45,cpu_usr,5.1
2026-09-11 03:51:45,cpu_sys,42.9
2026-09-11 03:51:45,cpu_idl,50.4
2026-09-11 03:51:45,cpu_wai,0.0
2026-09-11 03:51:45,cpu_stl,0.0
2026-09-11 03:51:45,memory_percent,89.4
2026-09-11 03:51:45,memory_used_mb,14451.0
2026-09-11 03:51:45,memory_available_mb,1712.0
2026-09-11 03:51:45,disk_read_per_sec,905547.0
2026-09-11 03:51:45,disk_write_per_sec,2344180.0
2026-09-11 03:51:45,net_send_per_sec,13509.0
2026-09-11 03:51:45,net_recv_per_sec,16700.0
2026-09-11 03:51:45,load1,0.05
2026-09-11 03:51:45,load5,0.03
2026-09-11 03:51:45,load15,0.01
2026-09-11 03:51:45,active_sessions,35.0
2026-09-11 03:51:45,active_requests,19.0
2026-09-11 03:51:45,long_queries,9.0
2026-09-11 03:51:45,long_transactions,9.0
2026-09-11 03:51:45,idle_sessions,26.0
2026-09-11 03:51:45,lock_waits,2.0
2026-09-11 03:51:45,total_locks,60.0
2026-09-11 03:51:45,deadlocks_per_sec,37.0
2026-09-11 03:51:45,page_life_expectancy,2954.0
2026-09-11 03:51:45,buffer_cache_hit_ratio,100.0
2026-09-11 03:51:45,transactions_per_sec,880.53
2026-09-11 03:51:45,page_reads_per_sec,0.0
2026-09-11 03:51:45,page_writes_per_sec,0.0
2026-09-11 03:51:45,rollbacks_per_sec,0.0
2026-09-11 03:51:45,batch_requests_per_sec,0.0
2026-09-11 03:51:45,sql_compilations_per_sec,0.0
2026-09-11 03:51:45,database_size_mb,0.0
2026-09-11 03:51:45,total_reads,3671.0
2026-09-11 03:51:45,total_writes,33187.0
2026-09-11 03:51:45,venta_locks,0.0
2026-09-11 03:51:45,detalle_venta_locks,0.0
2026-09-11 03:51:45,inventario_locks,0.0
2026-09-11 03:51:45,kardex_locks,0.0
2026-09-11 03:51:45,caja_locks,0.0
2026-09-11 03:51:45,movimiento_caja_locks,0.0
2026-09-11 03:51:45,auditoria_locks,0.0
2026-09-11 03:51:45,api_status,403.0
2026-09-11 03:51:45,api_latency_ms,34.0
2026-09-11 03:51:45,products_count,0.0
2026-09-11 03:51:45,sales_count,0.0
2026-09-11 03:51:50,cpu_usr,6.3
2026-09-11 03:51:50,cpu_sys,28.6
2026-09-11 03:51:50,cpu_idl,63.3
2026-09-11 03:51:50,cpu_wai,0.0
2026-09-11 03:51:50,cpu_stl,0.0
2026-09-11 03:51:50,memory_percent,89.1
2026-09-11 03:51:50,memory_used_mb,14394.0
2026-09-11 03:51:50,memory_available_mb,1770.0
2026-09-11 03:51:50,disk_read_per_sec,9682188.0
2026-09-11 03:51:50,disk_write_per_sec,1601738.0
2026-09-11 03:51:50,net_send_per_sec,3108.0
2026-09-11 03:51:50,net_recv_per_sec,2550.0
2026-09-11 03:51:50,load1,0.04
2026-09-11 03:51:50,load5,0.03
2026-09-11 03:51:50,load15,0.01
2026-09-11 03:51:50,active_sessions,24.0
2026-09-11 03:51:50,active_requests,10.0
2026-09-11 03:51:50,long_queries,9.0
2026-09-11 03:51:50,long_transactions,9.0
2026-09-11 03:51:50,idle_sessions,23.0
2026-09-11 03:51:50,lock_waits,0.0
2026-09-11 03:51:50,total_locks,14.0
2026-09-11 03:51:50,deadlocks_per_sec,37.0
2026-09-11 03:51:50,page_life_expectancy,2960.0
2026-09-11 03:51:50,buffer_cache_hit_ratio,100.0
2026-09-11 03:51:50,transactions_per_sec,473.91
2026-09-11 03:51:50,page_reads_per_sec,0.0
2026-09-11 03:51:50,page_writes_per_sec,0.0
2026-09-11 03:51:50,rollbacks_per_sec,0.0
2026-09-11 03:51:50,batch_requests_per_sec,0.0
2026-09-11 03:51:50,sql_compilations_per_sec,0.0
2026-09-11 03:51:50,database_size_mb,0.0
2026-09-11 03:51:50,total_reads,3671.0
2026-09-11 03:51:50,total_writes,33421.0
2026-09-11 03:51:50,venta_locks,0.0
2026-09-11 03:51:50,detalle_venta_locks,0.0
2026-09-11 03:51:50,inventario_locks,0.0
2026-09-11 03:51:50,kardex_locks,0.0
2026-09-11 03:51:50,caja_locks,0.0
2026-09-11 03:51:50,movimiento_caja_locks,0.0
2026-09-11 03:51:50,auditoria_locks,0.0
2026-09-11 03:51:50,api_status,403.0
2026-09-11 03:51:50,api_latency_ms,15.0
2026-09-11 03:51:50,products_count,0.0
2026-09-11 03:51:50,sales_count,0.0
