idx,run,inicio,fin,score,prediccion,q10,q05,q01
0,carga4,2026-09-07 05:07:11,2026-09-07 05:07:30,-0.018339965273157843,-1,1,1,0
1,carga4,2026-09-07 05:07:12,2026-09-07 05:07:31,-0.008755771169900783,-1,1,1,0
2,carga4,2026-09-07 05:07:13,2026-09-07 05:07:32,5.7154540219539474e-05,1,1,1,0
3,carga4,2026-09-07 05:07:14,2026-09-07 05:07:33,-0.011961621763164065,-1,1,1,0
4,carga4,2026-09-07 05:07:16,2026-09-07 05:07:35,0.000967500513403885,1,1,1,0
5,carga4,2026-09-07 05:07:18,2026-09-07 05:07:36,0.0005299541868201696,1,1,1,0
6,carga4,2026-09-07 05:07:26,2026-09-07 05:07:37,-0.014971703574707895,-1,1,1,0
7,carga4,2026-09-07 05:07:28,2026-09-07 05:07:38,0.012818544417602551,1,1,0,0
8,carga4,2026-09-07 05:07:29,2026-09-07 05:07:39,0.028197464217612545,1,0,0,0
9,carga4,2026-09-07 05:07:30,2026-09-07 05:07:44,0.02657816405334429,1,0,0,0
10,carga4,2026-09-07 05:07:31,2026-09-07 05:07:46,0.01918932563580744,1,1,0,0
11,carga4,2026-09-07 05:07:32,2026-09-07 05:07:50,0.021604688749898127,1,1,0,0
12,carga4,2026-09-07 05:07:33,2026-09-07 05:07:51,0.021173825766829468,1,1,0,0
13,carga4,2026-09-07 05:07:35,2026-09-07 05:07:54,0.020952080631546077,1,1,0,0
14,carga4,2026-09-07 05:07:36,2026-09-07 05:07:55,0.0244033591801624,1,1,0,0
15,carga4,2026-09-07 05:07:37,2026-09-07 05:07:58,0.02382268017921174,1,1,0,0
16,carga4,2026-09-07 05:07:38,2026-09-07 05:07:59,0.0005933663781640952,1,1,1,0
17,carga4,2026-09-07 05:07:39,2026-09-07 05:08:00,0.01349019352106312,1,1,0,0
18,carga4,2026-09-07 05:07:44,2026-09-07 05:08:01,0.003986479688408595,1,1,1,0
19,carga4,2026-09-07 05:07:46,2026-09-07 05:08:02,0.015349357310855405,1,1,0,0
20,carga4,2026-09-07 05:07:50,2026-09-07 05:08:03,-0.007126230204377304,-1,1,1,0
21,carga4,2026-09-07 05:07:51,2026-09-07 05:08:05,0.004751876193745952,1,1,1,0
22,carga4,2026-09-07 05:07:54,2026-09-07 05:08:06,-0.006386654630516797,-1,1,1,0
23,carga4,2026-09-07 05:07:55,2026-09-07 05:08:07,-0.009105105772160615,-1,1,1,0
24,carga4,2026-09-07 05:07:58,2026-09-07 05:08:08,-0.02353235899348416,-1,1,1,0
25,carga4,2026-09-07 05:07:59,2026-09-07 05:08:09,0.006257279150622075,1,1,1,0
26,carga4,2026-09-07 05:08:00,2026-09-07 05:08:10,0.0018344573577404044,1,1,1,0
27,carga4,2026-09-07 05:08:01,2026-09-07 05:08:11,-0.007589005394898929,-1,1,1,0
28,carga4,2026-09-07 05:08:02,2026-09-07 05:08:12,0.016367613394152714,1,1,0,0
29,carga4,2026-09-07 05:08:03,2026-09-07 05:08:13,-0.006943579723849069,-1,1,1,0
30,carga4,2026-09-07 05:08:05,2026-09-07 05:08:15,-0.0001173886066676566,-1,1,1,0
31,carga4,2026-09-07 05:08:06,2026-09-07 05:08:16,0.01957370222788274,1,1,0,0
32,carga4,2026-09-07 05:08:07,2026-09-07 05:08:22,0.0023101429759187497,1,1,1,0
33,carga4,2026-09-07 05:08:08,2026-09-07 05:08:27,0.010758001386414195,1,1,0,0
34,carga4,2026-09-07 05:08:09,2026-09-07 05:08:28,0.021018571912472472,1,1,0,0
35,carga4,2026-09-07 05:08:10,2026-09-07 05:08:29,0.020738934532869846,1,1,0,0
36,carga4,2026-09-07 05:08:11,2026-09-07 05:08:30,0.02060198626061216,1,1,0,0
37,carga4,2026-09-07 05:08:12,2026-09-07 05:08:31,0.017432201090174293,1,1,0,0
38,carga4,2026-09-07 05:08:13,2026-09-07 05:08:32,0.008638225042024161,1,1,0,0
39,carga4,2026-09-07 05:08:15,2026-09-07 05:08:34,0.009091426141125514,1,1,0,0
40,carga4,2026-09-07 05:08:16,2026-09-07 05:08:35,0.0138410534475642,1,1,0,0
41,carga4,2026-09-07 05:08:22,2026-09-07 05:08:36,0.028280315387704646,1,0,0,0
42,carga4,2026-09-07 05:08:27,2026-09-07 05:08:37,0.027971236118987886,1,0,0,0
43,carga4,2026-09-07 05:08:28,2026-09-07 05:08:38,0.033089605251793275,1,0,0,0
44,carga4,2026-09-07 05:08:29,2026-09-07 05:08:39,0.04189000583469826,1,0,0,0
45,carga4,2026-09-07 05:08:30,2026-09-07 05:08:41,0.0361997733738626,1,0,0,0
46,carga4,2026-09-07 05:08:31,2026-09-07 05:08:42,0.028337850675502874,1,0,0,0
47,carga4,2026-09-07 05:08:32,2026-09-07 05:08:43,0.03381858530568793,1,0,0,0
48,carga4,2026-09-07 05:08:34,2026-09-07 05:08:44,0.03931310193515547,1,0,0,0
49,carga4,2026-09-07 05:08:35,2026-09-07 05:08:45,0.0353008522177618,1,0,0,0
50,carga4,2026-09-07 05:08:36,2026-09-07 05:08:46,0.03889946468689548,1,0,0,0
51,carga4,2026-09-07 05:08:37,2026-09-07 05:08:47,0.04930955140522081,1,0,0,0
52,carga4,2026-09-07 05:08:38,2026-09-07 05:08:49,0.04070214946972883,1,0,0,0
53,carga4,2026-09-07 05:08:39,2026-09-07 05:08:50,0.0472763928110857,1,0,0,0
54,carga4,2026-09-07 05:08:41,2026-09-07 05:08:51,0.0321214909053098,1,0,0,0
55,carga4,2026-09-07 05:08:42,2026-09-07 05:08:52,0.04512425611748283,1,0,0,0
56,carga4,2026-09-07 05:08:43,2026-09-07 05:08:53,0.05117612736693972,1,0,0,0
57,carga4,2026-09-07 05:08:44,2026-09-07 05:08:54,0.039705079789902176,1,0,0,0
58,carga4,2026-09-07 05:08:45,2026-09-07 05:08:56,0.04695193084112942,1,0,0,0
59,carga4,2026-09-07 05:08:46,2026-09-07 05:08:57,0.03833758562480427,1,0,0,0
60,carga4,2026-09-07 05:08:47,2026-09-07 05:08:58,0.050795492528860064,1,0,0,0
61,carga4,2026-09-07 05:08:49,2026-09-07 05:08:59,0.03513938512870962,1,0,0,0
62,carga4,2026-09-07 05:08:50,2026-09-07 05:09:00,0.03333088121337857,1,0,0,0
63,carga4,2026-09-07 05:08:51,2026-09-07 05:09:01,0.04281353348502526,1,0,0,0
64,carga4,2026-09-07 05:08:52,2026-09-07 05:09:03,0.01814881683256686,1,1,0,0
65,carga4,2026-09-07 05:08:53,2026-09-07 05:09:04,0.03592684432011772,1,0,0,0
66,carga4,2026-09-07 05:08:54,2026-09-07 05:09:05,0.01963625198316954,1,1,0,0
67,carga4,2026-09-07 05:08:56,2026-09-07 05:09:06,0.032302156029872964,1,0,0,0
68,carga4,2026-09-07 05:08:57,2026-09-07 05:09:07,0.033532176370119016,1,0,0,0
69,carga4,2026-09-07 05:08:58,2026-09-07 05:09:08,0.0449158042831686,1,0,0,0
70,carga4,2026-09-07 05:08:59,2026-09-07 05:09:10,0.060497784353021555,1,0,0,0
71,carga4,2026-09-07 05:09:00,2026-09-07 05:09:11,0.049307595724432995,1,0,0,0
72,carga4,2026-09-07 05:09:01,2026-09-07 05:09:12,0.05480119734052541,1,0,0,0
73,carga4,2026-09-07 05:09:03,2026-09-07 05:09:13,0.05430040972564654,1,0,0,0
74,carga4,2026-09-07 05:09:04,2026-09-07 05:09:14,0.045152995662244066,1,0,0,0
75,carga4,2026-09-07 05:09:05,2026-09-07 05:09:15,0.0428749468971783,1,0,0,0
76,carga4,2026-09-07 05:09:06,2026-09-07 05:09:17,0.04862263168119019,1,0,0,0
77,carga4,2026-09-07 05:09:07,2026-09-07 05:09:18,0.05350765682549807,1,0,0,0
78,carga4,2026-09-07 05:09:08,2026-09-07 05:09:19,0.052644683135185055,1,0,0,0
79,carga4,2026-09-07 05:09:10,2026-09-07 05:09:20,0.04878967311304977,1,0,0,0
80,carga4,2026-09-07 05:09:11,2026-09-07 05:09:21,0.04889404951195647,1,0,0,0
81,carga4,2026-09-07 05:09:12,2026-09-07 05:09:23,0.04267053840683077,1,0,0,0
82,carga4,2026-09-07 05:09:13,2026-09-07 05:09:24,0.04891218543779352,1,0,0,0
83,carga4,2026-09-07 05:09:14,2026-09-07 05:09:25,0.04962583697650769,1,0,0,0
84,carga4,2026-09-07 05:09:15,2026-09-07 05:09:26,0.051144620459958656,1,0,0,0
85,carga4,2026-09-07 05:09:17,2026-09-07 05:09:27,0.04880937760071424,1,0,0,0
86,carga4,2026-09-07 05:09:18,2026-09-07 05:09:28,0.04726350593484702,1,0,0,0
87,carga4,2026-09-07 05:09:19,2026-09-07 05:09:29,0.05306621842872289,1,0,0,0
88,carga4,2026-09-07 05:09:20,2026-09-07 05:09:31,0.051542724043339816,1,0,0,0
89,carga4,2026-09-07 05:09:21,2026-09-07 05:09:32,0.052449931561174556,1,0,0,0
90,carga4,2026-09-07 05:09:23,2026-09-07 05:09:33,0.054568072142191726,1,0,0,0
91,carga4,2026-09-07 05:09:24,2026-09-07 05:09:34,0.04593430123606873,1,0,0,0
92,carga4,2026-09-07 05:09:25,2026-09-07 05:09:35,0.05269472781097578,1,0,0,0
93,carga4,2026-09-07 05:09:26,2026-09-07 05:09:37,0.053729263917094594,1,0,0,0
94,carga4,2026-09-07 05:09:27,2026-09-07 05:09:38,0.05107103938741736,1,0,0,0
95,carga4,2026-09-07 05:09:28,2026-09-07 05:09:39,0.05927454403283561,1,0,0,0
96,carga4,2026-09-07 05:09:29,2026-09-07 05:09:40,0.053729862577301946,1,0,0,0
97,carga4,2026-09-07 05:09:31,2026-09-07 05:09:41,0.05505398044472837,1,0,0,0
98,carga4,2026-09-07 05:09:32,2026-09-07 05:09:42,0.05239051133622846,1,0,0,0
99,carga4,2026-09-07 05:09:33,2026-09-07 05:09:44,0.05968045975071912,1,0,0,0
100,carga4,2026-09-07 05:09:34,2026-09-07 05:09:45,0.05881118464886487,1,0,0,0
101,carga4,2026-09-07 05:09:35,2026-09-07 05:09:46,0.05312911835803846,1,0,0,0
102,carga4,2026-09-07 05:09:37,2026-09-07 05:09:47,0.058338610216556286,1,0,0,0
103,carga4,2026-09-07 05:09:38,2026-09-07 05:09:48,0.060853418900851386,1,0,0,0
104,carga4,2026-09-07 05:09:39,2026-09-07 05:09:50,0.05309242933727787,1,0,0,0
105,carga4,2026-09-07 05:09:40,2026-09-07 05:09:51,0.06323382991846366,1,0,0,0
106,carga4,2026-09-07 05:09:41,2026-09-07 05:09:52,0.05766133984908567,1,0,0,0
107,carga4,2026-09-07 05:09:42,2026-09-07 05:09:53,0.05835355594026925,1,0,0,0
108,carga4,2026-09-07 05:09:44,2026-09-07 05:09:57,0.05500362380495977,1,0,0,0
109,carga4,2026-09-07 05:09:45,2026-09-07 05:09:58,0.04783308061020092,1,0,0,0
110,carga4,2026-09-07 05:09:46,2026-09-07 05:10:04,0.04597557164122312,1,0,0,0
111,carga4,2026-09-07 05:09:47,2026-09-07 05:10:06,0.03720804613115414,1,0,0,0
112,carga4,2026-09-07 05:09:48,2026-09-07 05:10:07,0.03811010628627953,1,0,0,0
113,carga4,2026-09-07 05:09:50,2026-09-07 05:10:10,0.026739038319686215,1,0,0,0
114,carga4,2026-09-07 05:09:51,2026-09-07 05:10:11,0.031733159995661175,1,0,0,0
115,carga4,2026-09-07 05:09:52,2026-09-07 05:10:12,0.020464731030511107,1,1,0,0
116,carga4,2026-09-07 05:09:53,2026-09-07 05:10:15,0.017529614490350565,1,1,0,0
117,carga4,2026-09-07 05:09:57,2026-09-07 05:10:16,0.024577546752198642,1,1,0,0
118,carga4,2026-09-07 05:09:58,2026-09-07 05:10:17,0.0008858625102061701,1,1,1,0
119,carga4,2026-09-07 05:10:04,2026-09-07 05:10:20,0.0070247844268108706,1,1,1,0
120,carga4,2026-09-07 05:10:06,2026-09-07 05:10:21,0.016060986883391137,1,1,0,0
121,carga4,2026-09-07 05:10:07,2026-09-07 05:10:22,-0.0047359293785760315,-1,1,1,0
122,carga4,2026-09-07 05:10:10,2026-09-07 05:10:23,0.0036167550046395935,1,1,1,0
123,carga4,2026-09-07 05:10:11,2026-09-07 05:10:26,0.01646117595462626,1,1,0,0
124,carga4,2026-09-07 05:10:12,2026-09-07 05:10:27,0.009761175229931363,1,1,0,0
125,carga4,2026-09-07 05:10:15,2026-09-07 05:10:29,0.030045084809888767,1,0,0,0
126,carga4,2026-09-07 05:10:16,2026-09-07 05:10:31,0.024610900468103658,1,1,0,0
127,carga4,2026-09-07 05:10:17,2026-09-07 05:10:32,0.030631029640586338,1,0,0,0
128,carga4,2026-09-07 05:10:20,2026-09-07 05:10:33,0.02668904116318238,1,0,0,0
129,carga4,2026-09-07 05:10:21,2026-09-07 05:10:34,0.041289913753603635,1,0,0,0
130,carga4,2026-09-07 05:10:22,2026-09-07 05:10:39,0.033819649207109226,1,0,0,0
131,carga4,2026-09-07 05:10:23,2026-09-07 05:10:41,0.0360566786917037,1,0,0,0
132,carga4,2026-09-07 05:10:26,2026-09-07 05:10:42,0.03716237976021386,1,0,0,0
133,carga4,2026-09-07 05:10:27,2026-09-07 05:10:43,0.014906138816308201,1,1,0,0
134,carga4,2026-09-07 05:10:29,2026-09-07 05:10:44,0.02333255458942085,1,1,0,0
135,carga4,2026-09-07 05:10:31,2026-09-07 05:10:45,0.013008909478503972,1,1,0,0
136,carga4,2026-09-07 05:10:32,2026-09-07 05:10:47,0.01976248288794602,1,1,0,0
137,carga4,2026-09-07 05:10:33,2026-09-07 05:10:55,0.01148063438552327,1,1,0,0
138,carga4,2026-09-07 05:10:34,2026-09-07 05:10:58,0.033437545003031754,1,0,0,0
139,carga4,2026-09-07 05:10:39,2026-09-07 05:10:59,0.02738505150991266,1,0,0,0
140,carga4,2026-09-07 05:10:41,2026-09-07 05:11:00,0.037580144247234604,1,0,0,0
141,carga4,2026-09-07 05:10:42,2026-09-07 05:11:01,0.0447708656504095,1,0,0,0
142,carga4,2026-09-07 05:10:43,2026-09-07 05:11:02,0.052192141562825145,1,0,0,0
143,carga4,2026-09-07 05:10:44,2026-09-07 05:11:03,0.04829697697786872,1,0,0,0
144,carga4,2026-09-07 05:10:45,2026-09-07 05:11:05,0.03219612170805086,1,0,0,0
145,carga4,2026-09-07 05:10:47,2026-09-07 05:11:06,0.05308852385766144,1,0,0,0
146,carga4,2026-09-07 05:10:55,2026-09-07 05:11:07,0.06503678556471748,1,0,0,0
147,carga4,2026-09-07 05:10:58,2026-09-07 05:11:08,0.04780721684540423,1,0,0,0
148,carga4,2026-09-07 05:10:59,2026-09-07 05:11:09,0.05842790728660652,1,0,0,0
149,carga4,2026-09-07 05:11:00,2026-09-07 05:11:11,0.06303697897830762,1,0,0,0
150,carga4,2026-09-07 05:11:01,2026-09-07 05:11:12,0.03609971433508813,1,0,0,0
151,carga4,2026-09-07 05:11:02,2026-09-07 05:11:13,0.06918008486279775,1,0,0,0
152,carga4,2026-09-07 05:11:03,2026-09-07 05:11:14,0.04499909505593175,1,0,0,0
153,carga4,2026-09-07 05:11:05,2026-09-07 05:11:15,0.06442848244183208,1,0,0,0
154,carga4,2026-09-07 05:11:06,2026-09-07 05:11:16,0.05276765700938185,1,0,0,0
155,carga4,2026-09-07 05:11:07,2026-09-07 05:11:18,0.05200769684977885,1,0,0,0
156,carga4,2026-09-07 05:11:08,2026-09-07 05:11:19,0.06614566583485454,1,0,0,0
157,carga4,2026-09-07 05:11:09,2026-09-07 05:11:20,0.05757811090107551,1,0,0,0
158,carga4,2026-09-07 05:11:11,2026-09-07 05:11:21,0.06305417602346469,1,0,0,0
159,carga4,2026-09-07 05:11:12,2026-09-07 05:11:22,0.07466858768112977,1,0,0,0
160,carga4,2026-09-07 05:11:13,2026-09-07 05:11:24,0.058819066671899845,1,0,0,0
161,carga4,2026-09-07 05:11:14,2026-09-07 05:11:25,0.07667721181754522,1,0,0,0
162,carga4,2026-09-07 05:11:15,2026-09-07 05:11:26,0.05638944010938185,1,0,0,0
163,carga4,2026-09-07 05:11:16,2026-09-07 05:11:27,0.06059908024829258,1,0,0,0
164,carga4,2026-09-07 05:11:18,2026-09-07 05:11:28,0.05704009868122584,1,0,0,0
165,carga4,2026-09-07 05:11:19,2026-09-07 05:11:31,0.06290547968209603,1,0,0,0
166,carga4,2026-09-07 05:11:20,2026-09-07 05:11:34,0.06127638595500606,1,0,0,0
167,carga4,2026-09-07 05:11:21,2026-09-07 05:11:35,0.07516169311999443,1,0,0,0
168,carga4,2026-09-07 05:11:22,2026-09-07 05:11:40,0.06255686956927631,1,0,0,0
169,carga4,2026-09-07 05:11:24,2026-09-07 05:11:41,0.06394626972264594,1,0,0,0
170,carga4,2026-09-07 05:11:25,2026-09-07 05:11:45,0.057906001554934305,1,0,0,0
171,carga4,2026-09-07 05:11:26,2026-09-07 05:11:49,0.024828353703406913,1,1,0,0
172,carga4,2026-09-07 05:11:27,2026-09-07 05:11:51,0.04395031192298443,1,0,0,0
173,carga4,2026-09-07 05:11:28,2026-09-07 05:11:55,0.047172628828008156,1,0,0,0
174,carga4,2026-09-07 05:11:31,2026-09-07 05:11:57,0.03803058576243751,1,0,0,0
175,carga4,2026-09-07 05:11:34,2026-09-07 05:11:58,0.038549062629577746,1,0,0,0
176,carga4,2026-09-07 05:11:35,2026-09-07 05:11:59,0.02983014861667227,1,0,0,0
177,carga4,2026-09-07 05:11:40,2026-09-07 05:12:00,0.022100588072800853,1,1,0,0
178,carga4,2026-09-07 05:11:41,2026-09-07 05:12:01,0.034751368664311666,1,0,0,0
179,carga4,2026-09-07 05:11:45,2026-09-07 05:12:03,0.04443572302827575,1,0,0,0
180,carga4,2026-09-07 05:11:49,2026-09-07 05:12:04,0.041779727597272776,1,0,0,0
181,carga4,2026-09-07 05:11:51,2026-09-07 05:12:05,0.04422067496325677,1,0,0,0
182,carga4,2026-09-07 05:11:55,2026-09-07 05:12:06,0.05175242953663828,1,0,0,0
183,carga4,2026-09-07 05:11:57,2026-09-07 05:12:07,0.05230456432239039,1,0,0,0
184,carga4,2026-09-07 05:11:58,2026-09-07 05:12:08,0.050754379647729164,1,0,0,0
185,carga4,2026-09-07 05:11:59,2026-09-07 05:12:09,0.060386737756988274,1,0,0,0
186,carga4,2026-09-07 05:12:00,2026-09-07 05:12:11,0.05178336395164712,1,0,0,0
187,carga4,2026-09-07 05:12:01,2026-09-07 05:12:12,0.05311949751668005,1,0,0,0
188,carga4,2026-09-07 05:12:03,2026-09-07 05:12:13,0.06179625322576521,1,0,0,0
189,carga4,2026-09-07 05:12:04,2026-09-07 05:12:14,0.07115142718038092,1,0,0,0
190,carga4,2026-09-07 05:12:05,2026-09-07 05:12:15,0.0871664326069842,1,0,0,0
191,carga4,2026-09-07 05:12:06,2026-09-07 05:12:16,0.07946493292994367,1,0,0,0
192,carga4,2026-09-07 05:12:07,2026-09-07 05:12:18,0.07598929570098101,1,0,0,0
193,carga4,2026-09-07 05:12:08,2026-09-07 05:12:19,0.07645426531841448,1,0,0,0
194,carga4,2026-09-07 05:12:09,2026-09-07 05:12:20,0.0807071197037516,1,0,0,0
195,carga4,2026-09-07 05:12:11,2026-09-07 05:12:21,0.06268097209081452,1,0,0,0
196,carga4,2026-09-07 05:12:12,2026-09-07 05:12:22,0.06360315164376157,1,0,0,0
197,carga4,2026-09-07 05:12:13,2026-09-07 05:12:23,0.06541990220408361,1,0,0,0
198,carga4,2026-09-07 05:12:14,2026-09-07 05:12:25,0.06546513729806414,1,0,0,0
199,carga4,2026-09-07 05:12:15,2026-09-07 05:12:26,0.06804105027971397,1,0,0,0
200,carga4,2026-09-07 05:12:16,2026-09-07 05:12:27,0.07699782108354497,1,0,0,0
201,carga4,2026-09-07 05:12:18,2026-09-07 05:12:28,0.06498901303289956,1,0,0,0
202,carga4,2026-09-07 05:12:19,2026-09-07 05:12:29,0.062119949219977044,1,0,0,0
203,carga4,2026-09-07 05:12:20,2026-09-07 05:12:31,0.055444532027576654,1,0,0,0
204,carga4,2026-09-07 05:12:21,2026-09-07 05:12:32,0.05735292060502062,1,0,0,0
205,carga4,2026-09-07 05:12:22,2026-09-07 05:12:33,0.0771821748563643,1,0,0,0
206,carga4,2026-09-07 05:12:23,2026-09-07 05:12:35,0.07624278001128881,1,0,0,0
207,carga4,2026-09-07 05:12:25,2026-09-07 05:12:36,0.08850142272823153,1,0,0,0
208,carga4,2026-09-07 05:12:26,2026-09-07 05:12:39,0.07276343299046928,1,0,0,0
209,carga4,2026-09-07 05:12:27,2026-09-07 05:12:41,0.06375746739039445,1,0,0,0
210,carga4,2026-09-07 05:12:28,2026-09-07 05:12:42,0.055893452126781484,1,0,0,0
211,carga4,2026-09-07 05:12:29,2026-09-07 05:12:47,0.05156218349177599,1,0,0,0
212,carga4,2026-09-07 05:12:31,2026-09-07 05:12:48,0.03909363381194958,1,0,0,0
213,carga4,2026-09-07 05:12:32,2026-09-07 05:12:49,0.051554394461109765,1,0,0,0
214,carga4,2026-09-07 05:12:33,2026-09-07 05:12:50,0.044746857877757784,1,0,0,0
215,carga4,2026-09-07 05:12:35,2026-09-07 05:12:51,0.042359094447948165,1,0,0,0
216,carga4,2026-09-07 05:12:36,2026-09-07 05:12:52,0.03976087682750379,1,0,0,0
217,carga4,2026-09-07 05:12:39,2026-09-07 05:12:54,0.02376413502388036,1,1,0,0
218,carga4,2026-09-07 05:12:41,2026-09-07 05:12:55,0.01927997666182457,1,1,0,0
219,carga4,2026-09-07 05:12:42,2026-09-07 05:12:56,0.030238684982089536,1,0,0,0
220,carga4,2026-09-07 05:12:47,2026-09-07 05:12:57,0.03344089112383636,1,0,0,0
221,carga4,2026-09-07 05:12:48,2026-09-07 05:12:59,0.05084605211151311,1,0,0,0
222,carga4,2026-09-07 05:12:49,2026-09-07 05:13:01,0.04412625204398102,1,0,0,0
223,carga4,2026-09-07 05:12:50,2026-09-07 05:13:08,0.04658881908046064,1,0,0,0
224,carga4,2026-09-07 05:12:51,2026-09-07 05:13:10,0.04438112974466385,1,0,0,0
225,carga4,2026-09-07 05:12:52,2026-09-07 05:13:11,0.035936522155449346,1,0,0,0
226,carga4,2026-09-07 05:12:54,2026-09-07 05:13:12,0.037732115847753545,1,0,0,0
227,carga4,2026-09-07 05:12:55,2026-09-07 05:13:13,0.05616654760669082,1,0,0,0
228,carga4,2026-09-07 05:12:56,2026-09-07 05:13:14,0.04044173706496945,1,0,0,0
229,carga4,2026-09-07 05:12:57,2026-09-07 05:13:15,0.05465135049371489,1,0,0,0
230,carga4,2026-09-07 05:12:59,2026-09-07 05:13:17,0.06898969920366971,1,0,0,0
231,carga4,2026-09-07 05:13:01,2026-09-07 05:13:18,0.09261962619929315,1,0,0,0
232,carga4,2026-09-07 05:13:08,2026-09-07 05:13:19,0.08350835499176124,1,0,0,0
233,carga4,2026-09-07 05:13:10,2026-09-07 05:13:20,0.09746551684064342,1,0,0,0
234,carga4,2026-09-07 05:13:11,2026-09-07 05:13:21,0.10043488467886952,1,0,0,0
235,carga4,2026-09-07 05:13:12,2026-09-07 05:13:23,0.08076072545875584,1,0,0,0
236,carga4,2026-09-07 05:13:13,2026-09-07 05:13:24,0.09086046536557169,1,0,0,0
237,carga4,2026-09-07 05:13:14,2026-09-07 05:13:25,0.08163304203736771,1,0,0,0
238,carga4,2026-09-07 05:13:15,2026-09-07 05:13:26,0.08608064788581815,1,0,0,0
239,carga4,2026-09-07 05:13:17,2026-09-07 05:13:27,0.09394017915650449,1,0,0,0
240,carga4,2026-09-07 05:13:18,2026-09-07 05:13:28,0.0916291390805507,1,0,0,0
241,carga4,2026-09-07 05:13:19,2026-09-07 05:13:31,0.08532620053924911,1,0,0,0
242,carga4,2026-09-07 05:13:20,2026-09-07 05:13:32,0.07062744893536677,1,0,0,0
243,carga4,2026-09-07 05:13:21,2026-09-07 05:13:33,0.06951676580494065,1,0,0,0
244,carga4,2026-09-07 05:13:23,2026-09-07 05:13:34,0.06037098948624903,1,0,0,0
245,carga4,2026-09-07 05:13:24,2026-09-07 05:13:35,0.05465118010830616,1,0,0,0
246,carga4,2026-09-07 05:13:25,2026-09-07 05:13:36,0.050037409824471524,1,0,0,0
247,carga4,2026-09-07 05:13:26,2026-09-07 05:13:38,0.05375174053518933,1,0,0,0
248,carga4,2026-09-07 05:13:27,2026-09-07 05:13:39,0.05711231290113988,1,0,0,0
249,carga4,2026-09-07 05:13:28,2026-09-07 05:13:40,0.04624355017378262,1,0,0,0
250,carga4,2026-09-07 05:13:31,2026-09-07 05:13:41,0.029901540998249043,1,0,0,0
251,carga4,2026-09-07 05:13:32,2026-09-07 05:13:42,0.06932402965889206,1,0,0,0
252,carga4,2026-09-07 05:13:33,2026-09-07 06:57:32,0.05845321233988282,1,0,0,0
253,carga4,2026-09-07 05:13:34,2026-09-07 06:57:33,0.05983468766400313,1,0,0,0
254,carga4,2026-09-07 05:13:35,2026-09-07 06:58:05,0.058910077489685186,1,0,0,0
255,carga4,2026-09-07 05:13:36,2026-09-07 06:58:18,0.03859581914695853,1,0,0,0
256,carga4,2026-09-07 05:13:38,2026-09-07 06:58:23,0.03289694301180507,1,0,0,0
257,carga4,2026-09-07 05:13:39,2026-09-07 06:58:28,0.022087852156510268,1,1,0,0
258,carga4,2026-09-07 05:13:40,2026-09-07 06:58:31,0.0382571346413938,1,0,0,0
259,carga4,2026-09-07 05:13:41,2026-09-07 06:58:35,0.02425489015394855,1,1,0,0
260,carga4,2026-09-07 05:13:42,2026-09-07 06:58:38,0.009132393613112133,1,1,0,0
261,carga4,2026-09-07 06:57:32,2026-09-07 06:58:42,-0.001778375638338714,-1,1,1,0
262,carga4,2026-09-07 06:57:33,2026-09-07 06:58:45,-0.0024918545481423804,-1,1,1,0
263,carga4,2026-09-07 06:58:05,2026-09-07 06:58:48,0.006648305916507724,1,1,1,0
264,carga4,2026-09-07 06:58:18,2026-09-07 06:58:50,0.03186115634116227,1,0,0,0
265,carga4,2026-09-07 06:58:23,2026-09-07 06:58:54,0.03444733949234391,1,0,0,0
266,carga4,2026-09-07 06:58:28,2026-09-07 06:58:57,0.038872908977721776,1,0,0,0
267,carga4,2026-09-07 06:58:31,2026-09-07 06:59:00,0.04557762209993049,1,0,0,0
268,carga4,2026-09-07 06:58:35,2026-09-07 06:59:04,0.052686647914155504,1,0,0,0
269,carga4,2026-09-07 06:58:38,2026-09-07 06:59:07,0.057145955161747086,1,0,0,0
270,carga4,2026-09-07 06:58:42,2026-09-07 06:59:10,0.045299805194128184,1,0,0,0
271,carga4,2026-09-07 06:58:45,2026-09-07 06:59:14,0.05913089689936529,1,0,0,0
272,carga4,2026-09-07 06:58:48,2026-09-07 06:59:17,0.06502864237280515,1,0,0,0
273,carga4,2026-09-07 06:58:50,2026-09-07 06:59:21,0.05941940438590271,1,0,0,0
274,carga4,2026-09-07 06:58:54,2026-09-07 06:59:25,0.06933286084126772,1,0,0,0
275,carga4,2026-09-07 06:58:57,2026-09-07 06:59:28,0.06579295079916536,1,0,0,0
276,carga4,2026-09-07 06:59:00,2026-09-07 06:59:31,0.0719555817486146,1,0,0,0
277,carga4,2026-09-07 06:59:04,2026-09-07 06:59:34,0.07879354574184272,1,0,0,0
278,carga4,2026-09-07 06:59:07,2026-09-07 06:59:38,0.06721119244401658,1,0,0,0
279,carga4,2026-09-07 06:59:10,2026-09-07 06:59:41,0.05587731651110023,1,0,0,0
280,carga4,2026-09-07 06:59:14,2026-09-07 06:59:44,0.06576819518914062,1,0,0,0
281,carga4,2026-09-07 06:59:17,2026-09-07 06:59:47,0.05942874281609967,1,0,0,0
282,carga4,2026-09-07 06:59:21,2026-09-07 06:59:50,0.05869070626417705,1,0,0,0
283,carga4,2026-09-07 06:59:25,2026-09-07 06:59:54,0.04873153678860653,1,0,0,0
284,carga4,2026-09-07 06:59:28,2026-09-07 06:59:57,0.052398282370537674,1,0,0,0
285,carga4,2026-09-07 06:59:31,2026-09-07 07:00:00,0.05021962670793889,1,0,0,0
286,carga4,2026-09-07 06:59:34,2026-09-07 07:00:03,0.06017480047644158,1,0,0,0
287,carga4,2026-09-07 06:59:38,2026-09-07 07:00:07,0.061435999372639605,1,0,0,0
288,carga4,2026-09-07 06:59:41,2026-09-07 07:00:11,0.05588262128285687,1,0,0,0
289,carga4,2026-09-07 06:59:44,2026-09-07 07:00:14,0.06164222634300853,1,0,0,0
290,carga4,2026-09-07 06:59:47,2026-09-07 07:00:17,0.053028842705213186,1,0,0,0
291,carga4,2026-09-07 06:59:50,2026-09-07 07:00:21,0.05303946234111012,1,0,0,0
292,carga4,2026-09-07 06:59:54,2026-09-07 07:00:24,0.0570627522776635,1,0,0,0
293,carga4,2026-09-07 06:59:57,2026-09-07 07:00:27,0.054012983470347775,1,0,0,0
294,carga4,2026-09-07 07:00:00,2026-09-07 07:00:30,0.059014834514263426,1,0,0,0
295,carga4,2026-09-07 07:00:03,2026-09-07 07:00:33,0.06329422294886633,1,0,0,0
296,carga4,2026-09-07 07:00:07,2026-09-07 07:00:36,0.057787257645901924,1,0,0,0
297,carga4,2026-09-07 07:00:11,2026-09-07 07:00:40,0.057069706906603845,1,0,0,0
298,carga4,2026-09-07 07:00:14,2026-09-07 07:00:43,0.0587091778987473,1,0,0,0
299,carga4,2026-09-07 07:00:17,2026-09-07 07:00:46,0.0574664279389705,1,0,0,0
300,carga4,2026-09-07 07:00:21,2026-09-07 07:00:49,0.057188032297456115,1,0,0,0
301,carga4,2026-09-07 07:00:24,2026-09-07 07:00:53,0.0580906210493875,1,0,0,0
302,carga4,2026-09-07 07:00:27,2026-09-07 07:00:56,0.05343001649777385,1,0,0,0
303,carga4,2026-09-07 07:00:30,2026-09-07 07:00:59,0.04928415936276059,1,0,0,0
304,carga4,2026-09-07 07:00:33,2026-09-07 07:01:03,0.05477800875573846,1,0,0,0
305,carga4,2026-09-07 07:00:36,2026-09-07 07:01:07,0.056135662983968215,1,0,0,0
306,carga4,2026-09-07 07:00:40,2026-09-07 07:01:10,0.05755284094189078,1,0,0,0
307,carga4,2026-09-07 07:00:43,2026-09-07 07:01:14,0.05336430443114332,1,0,0,0
308,carga4,2026-09-07 07:00:46,2026-09-07 07:01:17,0.05267032254248155,1,0,0,0
309,carga4,2026-09-07 07:00:49,2026-09-07 07:01:20,0.0477287005519596,1,0,0,0
310,carga4,2026-09-07 07:00:53,2026-09-07 07:01:23,0.04770427616642864,1,0,0,0
311,carga4,2026-09-07 07:00:56,2026-09-07 07:01:27,0.04768075393909116,1,0,0,0
312,carga4,2026-09-07 07:00:59,2026-09-07 07:01:30,0.05581357107159085,1,0,0,0
313,carga4,2026-09-07 07:01:03,2026-09-07 07:01:33,0.05339347677238243,1,0,0,0
314,carga4,2026-09-07 07:01:07,2026-09-07 07:01:37,0.05209034997308465,1,0,0,0
315,carga4,2026-09-07 07:01:10,2026-09-07 07:01:40,0.054314562381054365,1,0,0,0
316,carga4,2026-09-07 07:01:14,2026-09-07 07:01:43,0.050760436014408494,1,0,0,0
317,carga4,2026-09-07 07:01:17,2026-09-07 07:01:46,0.04592398157651262,1,0,0,0
318,carga4,2026-09-07 07:01:20,2026-09-07 07:01:50,0.048035025881275784,1,0,0,0
319,carga4,2026-09-07 07:01:23,2026-09-07 07:01:53,0.044687894170143905,1,0,0,0
320,carga4,2026-09-07 07:01:27,2026-09-07 07:01:56,0.04323660237450144,1,0,0,0
321,carga4,2026-09-07 07:01:30,2026-09-07 07:01:59,0.044444188795286554,1,0,0,0
322,carga4,2026-09-07 07:01:33,2026-09-07 07:02:02,0.04119731681405059,1,0,0,0
323,carga4,2026-09-07 07:01:37,2026-09-07 07:02:06,0.04267896402610172,1,0,0,0
324,carga4,2026-09-07 07:01:40,2026-09-07 07:02:10,0.04374910261692,1,0,0,0
325,carga4,2026-09-07 07:01:43,2026-09-07 07:02:16,0.041774726064551515,1,0,0,0
326,carga4,2026-09-07 07:01:46,2026-09-07 07:02:19,0.044620461580289095,1,0,0,0
327,carga4,2026-09-07 07:01:50,2026-09-07 07:02:22,0.04274064329903682,1,0,0,0
328,carga4,2026-09-07 07:01:53,2026-09-07 07:02:25,0.04046653514338211,1,0,0,0
329,carga4,2026-09-07 07:01:56,2026-09-07 07:02:29,0.034884354703376697,1,0,0,0
330,carga4,2026-09-07 07:01:59,2026-09-07 07:02:32,0.040224954395330526,1,0,0,0
331,carga4,2026-09-07 07:02:02,2026-09-07 07:02:34,0.03723872827058422,1,0,0,0
332,carga4,2026-09-07 07:02:06,2026-09-07 07:02:37,0.03207344116844707,1,0,0,0
333,carga4,2026-09-07 07:02:10,2026-09-07 07:02:40,0.03699760380894229,1,0,0,0
334,carga4,2026-09-07 07:02:16,2026-09-07 07:02:44,0.034066938916606004,1,0,0,0
335,carga4,2026-09-07 07:02:19,2026-09-07 07:02:47,0.03797177101720539,1,0,0,0
336,carga4,2026-09-07 07:02:22,2026-09-07 07:02:51,0.04160898409260577,1,0,0,0
337,carga4,2026-09-07 07:02:25,2026-09-07 07:02:54,0.030222565141199642,1,0,0,0
338,carga4,2026-09-07 07:02:29,2026-09-07 07:02:57,0.03625976241214712,1,0,0,0
339,carga4,2026-09-07 07:02:32,2026-09-07 07:03:00,0.0356146785837998,1,0,0,0
340,carga4,2026-09-07 07:02:34,2026-09-07 07:03:04,0.03166103180162033,1,0,0,0
341,carga4,2026-09-07 07:02:37,2026-09-07 07:03:08,0.032570084743988204,1,0,0,0
342,carga4,2026-09-07 07:02:40,2026-09-07 07:03:11,0.02759313545065667,1,0,0,0
343,carga4,2026-09-07 07:02:44,2026-09-07 07:03:14,0.024586008935728487,1,1,0,0
344,carga4,2026-09-07 07:02:47,2026-09-07 07:03:17,0.02401224897273635,1,1,0,0
345,carga4,2026-09-07 07:02:51,2026-09-07 07:03:21,0.028683583690388537,1,0,0,0
346,carga4,2026-09-07 07:02:54,2026-09-07 07:03:24,0.03143654679975444,1,0,0,0
347,carga4,2026-09-07 07:02:57,2026-09-07 07:03:27,0.03238956149621247,1,0,0,0
348,carga4,2026-09-07 07:03:00,2026-09-07 07:03:31,0.030536186835629475,1,0,0,0
349,carga4,2026-09-07 07:03:04,2026-09-07 07:03:34,0.024858397097415386,1,1,0,0
350,carga4,2026-09-07 07:03:08,2026-09-07 07:03:37,0.01973111798684546,1,1,0,0
351,carga4,2026-09-07 07:03:11,2026-09-07 07:03:41,0.02494582486188962,1,1,0,0
352,carga4,2026-09-07 07:03:14,2026-09-07 07:03:43,0.023515705481612637,1,1,0,0
353,carga4,2026-09-07 07:03:17,2026-09-07 07:03:47,0.029654765667748717,1,0,0,0
354,carga4,2026-09-07 07:03:21,2026-09-07 07:03:50,0.03110195482223943,1,0,0,0
355,carga4,2026-09-07 07:03:24,2026-09-07 07:03:53,0.029332421718618384,1,0,0,0
356,carga4,2026-09-07 07:03:27,2026-09-07 07:03:56,0.027673412599451497,1,0,0,0
357,carga4,2026-09-07 07:03:31,2026-09-07 07:03:59,0.032056493932756724,1,0,0,0
358,carga4,2026-09-07 07:03:34,2026-09-07 07:04:02,0.035475878511560865,1,0,0,0
359,carga4,2026-09-07 07:03:37,2026-09-07 07:04:05,0.028746206886944847,1,0,0,0
360,carga4,2026-09-07 07:03:41,2026-09-07 07:04:09,0.02702396051674344,1,0,0,0
361,carga4,2026-09-07 07:03:43,2026-09-07 07:04:12,0.03189291327644522,1,0,0,0
362,carga4,2026-09-07 07:03:47,2026-09-07 07:04:15,0.025566162261232483,1,1,0,0
363,carga4,2026-09-07 07:03:50,2026-09-07 07:04:18,0.03170499418306888,1,0,0,0
364,carga4,2026-09-07 07:03:53,2026-09-07 07:04:21,0.022509939067898943,1,1,0,0
365,carga4,2026-09-07 07:03:56,2026-09-07 07:04:24,0.02437286230666791,1,1,0,0
366,carga4,2026-09-07 07:03:59,2026-09-07 07:04:28,0.0237724311691766,1,1,0,0
367,carga4,2026-09-07 07:04:02,2026-09-07 07:04:31,0.03359076615357326,1,0,0,0
368,carga4,2026-09-07 07:04:05,2026-09-07 07:04:34,0.03009980141855889,1,0,0,0
369,carga4,2026-09-07 07:04:09,2026-09-07 07:04:38,0.030789034967274864,1,0,0,0
370,carga4,2026-09-07 07:04:12,2026-09-07 07:04:41,0.030003760839262983,1,0,0,0
371,carga4,2026-09-07 07:04:15,2026-09-07 07:04:44,0.03141227633293514,1,0,0,0
372,carga4,2026-09-07 07:04:18,2026-09-07 07:04:47,0.03181234321760973,1,0,0,0
373,carga4,2026-09-07 07:04:21,2026-09-07 07:04:51,0.026596376024393242,1,0,0,0
374,carga4,2026-09-07 07:04:24,2026-09-07 07:04:53,0.024502573442204634,1,1,0,0
375,carga4,2026-09-07 07:04:28,2026-09-07 07:04:56,0.021296898032339584,1,1,0,0
376,carga4,2026-09-07 07:04:31,2026-09-07 07:05:00,0.0272712077974806,1,0,0,0
377,carga4,2026-09-07 07:04:34,2026-09-07 07:05:02,0.023308341367179963,1,1,0,0
378,carga4,2026-09-07 07:04:38,2026-09-07 07:05:05,0.023459712528970555,1,1,0,0
379,carga4,2026-09-07 07:04:41,2026-09-07 07:05:09,0.012932106657347231,1,1,0,0
380,carga4,2026-09-07 07:04:44,2026-09-07 07:05:12,0.012883107115922665,1,1,0,0
381,carga4,2026-09-07 07:04:47,2026-09-07 07:05:15,0.01664101613200797,1,1,0,0
382,carga4,2026-09-07 07:04:51,2026-09-07 07:05:19,0.01386263548565242,1,1,0,0
383,carga4,2026-09-07 07:04:53,2026-09-07 07:05:22,0.020818557428158746,1,1,0,0
384,carga4,2026-09-07 07:04:56,2026-09-07 07:05:25,0.010696404149776517,1,1,0,0
385,carga4,2026-09-07 07:05:00,2026-09-07 07:05:28,0.008169058355338599,1,1,0,0
386,carga4,2026-09-07 07:05:02,2026-09-07 07:05:32,0.008112436295617032,1,1,0,0
387,carga4,2026-09-07 07:05:05,2026-09-07 07:05:35,-0.0013267979668309948,-1,1,1,0
388,carga4,2026-09-07 07:05:09,2026-09-07 07:05:38,0.00866881100356831,1,1,0,0
389,carga4,2026-09-07 07:05:12,2026-09-07 07:05:41,0.024445570198045108,1,1,0,0
390,carga4,2026-09-07 07:05:15,2026-09-07 07:05:44,0.032489807366868184,1,0,0,0
391,carga4,2026-09-07 07:05:19,2026-09-07 07:05:47,0.034778300402968365,1,0,0,0
392,carga4,2026-09-07 07:05:22,2026-09-07 07:05:50,0.03570763720130249,1,0,0,0
393,carga4,2026-09-07 07:05:25,2026-09-07 07:05:53,0.0221354008401784,1,1,0,0
394,carga4,2026-09-07 07:05:28,2026-09-07 07:05:56,0.02210524123028429,1,1,0,0
395,carga4,2026-09-07 07:05:32,2026-09-07 07:05:59,0.02657977978456738,1,0,0,0
396,carga4,2026-09-07 07:05:35,2026-09-07 07:06:02,0.03221981814672403,1,0,0,0
397,carga4,2026-09-07 07:05:38,2026-09-07 07:06:05,0.02802636921538232,1,0,0,0
