idx,run,inicio,fin,score,q10,q05,q01
0,10,2026-09-11 08:48:26,2026-09-11 08:49:14,-0.09920290994566872,1,1,0
1,10,2026-09-11 08:48:32,2026-09-11 08:49:19,-0.06939914301492656,1,1,0
2,10,2026-09-11 08:48:37,2026-09-11 08:49:24,-0.07786189739509575,1,1,0
3,10,2026-09-11 08:48:42,2026-09-11 08:49:30,-0.0668163489317799,1,0,0
4,10,2026-09-11 08:48:48,2026-09-11 08:49:35,-0.06700056312826541,1,0,0
5,10,2026-09-11 08:48:53,2026-09-11 08:49:40,-0.06922996772773848,1,0,0
6,10,2026-09-11 08:48:58,2026-09-11 08:49:45,-0.059759317832409065,1,0,0
7,10,2026-09-11 08:49:03,2026-09-11 08:49:50,-0.0829552692485247,1,1,0
8,10,2026-09-11 08:49:09,2026-09-11 08:49:56,-0.0800092568295161,1,1,0
9,10,2026-09-11 08:49:14,2026-09-11 08:50:01,-0.07462040082516685,1,1,0
10,11,2026-09-11 08:50:13,2026-09-11 08:51:00,-0.024170278225820407,1,0,0
11,11,2026-09-11 08:50:19,2026-09-11 08:51:05,-0.022697285000283673,1,0,0
12,11,2026-09-11 08:50:24,2026-09-11 08:51:10,-0.03114635939214172,1,0,0
13,11,2026-09-11 08:50:29,2026-09-11 08:51:15,-0.03712547805123001,1,0,0
14,11,2026-09-11 08:50:34,2026-09-11 08:51:20,-0.0369787165727985,1,0,0
15,11,2026-09-11 08:50:39,2026-09-11 08:51:26,-0.03653788148719328,1,0,0
16,11,2026-09-11 08:50:44,2026-09-11 08:51:31,-0.056427303958878405,1,0,0
17,11,2026-09-11 08:50:50,2026-09-11 08:51:36,-0.056338967042664834,1,0,0
18,11,2026-09-11 08:50:55,2026-09-11 08:51:41,-0.03995957385029425,1,0,0
19,11,2026-09-11 08:51:00,2026-09-11 08:51:46,-0.041720183444611814,1,0,0
20,11,2026-09-11 08:51:05,2026-09-11 08:51:51,-0.04382966758984852,1,0,0
21,11,2026-09-11 08:51:10,2026-09-11 08:51:56,-0.05661386633244381,1,0,0
22,11,2026-09-11 08:51:15,2026-09-11 08:52:01,-0.05691140478543544,1,0,0
23,11,2026-09-11 08:51:20,2026-09-11 08:52:07,-0.05055913826795155,1,0,0
24,11,2026-09-11 08:51:26,2026-09-11 08:52:12,-0.050345314589813506,1,0,0
25,11,2026-09-11 08:51:31,2026-09-11 08:52:17,-0.04684700501256711,1,0,0
26,11,2026-09-11 08:51:36,2026-09-11 08:52:22,-0.06331196309130582,1,0,0
27,11,2026-09-11 08:51:41,2026-09-11 08:52:29,-0.054000702777890375,1,0,0
28,11,2026-09-11 08:51:46,2026-09-11 08:52:35,-0.0690515000726577,1,0,0
29,11,2026-09-11 08:51:51,2026-09-11 08:52:40,-0.06441652775440188,1,0,0
30,11,2026-09-11 08:51:56,2026-09-11 08:52:45,-0.06622745376940586,1,0,0
31,11,2026-09-11 08:52:01,2026-09-11 08:52:50,-0.07642579120129844,1,1,0
32,11,2026-09-11 08:52:07,2026-09-11 08:52:56,-0.05196146815200309,1,0,0
33,11,2026-09-11 08:52:12,2026-09-11 08:53:01,-0.06003706513552676,1,0,0
34,11,2026-09-11 08:52:17,2026-09-11 08:53:06,-0.07242009139743177,1,1,0
35,11,2026-09-11 08:52:22,2026-09-11 08:53:11,-0.07984895348842302,1,1,0
36,11,2026-09-11 08:52:29,2026-09-11 08:53:16,-0.09340019955697498,1,1,0
37,6,2026-09-11 03:52:27,2026-09-11 03:53:14,0.017058270050757718,1,0,0
38,6,2026-09-11 03:52:32,2026-09-11 03:53:19,0.01978094419712173,0,0,0
39,6,2026-09-11 03:52:38,2026-09-11 03:53:24,0.009214565489249371,1,0,0
40,6,2026-09-11 03:52:43,2026-09-11 03:53:30,-0.004434515484114887,1,0,0
41,6,2026-09-11 03:52:48,2026-09-11 03:53:35,-0.0007933373177123615,1,0,0
42,6,2026-09-11 03:52:53,2026-09-11 03:53:40,-0.003682180626577658,1,0,0
43,6,2026-09-11 03:52:58,2026-09-11 03:53:45,-0.009399162213900025,1,0,0
44,6,2026-09-11 03:53:03,2026-09-11 03:53:50,-0.0020281508487048905,1,0,0
45,6,2026-09-11 03:53:09,2026-09-11 03:53:55,-0.004874887150656981,1,0,0
46,6,2026-09-11 03:53:14,2026-09-11 03:54:00,-0.010100598231129188,1,0,0
47,6,2026-09-11 03:53:19,2026-09-11 03:54:06,0.0011549402733115333,1,0,0
48,6,2026-09-11 03:53:24,2026-09-11 03:54:11,-0.016494314613642924,1,0,0
49,6,2026-09-11 03:53:30,2026-09-11 03:54:16,-0.02176997511499157,1,0,0
50,6,2026-09-11 03:53:35,2026-09-11 03:54:21,-0.02864788458084,1,0,0
51,6,2026-09-11 03:53:40,2026-09-11 03:54:26,-0.016437274811459623,1,0,0
52,6,2026-09-11 03:53:45,2026-09-11 03:54:31,0.0006668940808690627,1,0,0
53,6,2026-09-11 03:53:50,2026-09-11 03:54:37,-0.00035274656016148764,1,0,0
54,6,2026-09-11 03:53:55,2026-09-11 03:54:43,-0.016825228499224965,1,0,0
55,6,2026-09-11 03:54:00,2026-09-11 03:54:49,-0.04079791478896244,1,0,0
56,6,2026-09-11 03:54:06,2026-09-11 03:54:54,-0.025967181181642096,1,0,0
57,6,2026-09-11 03:54:11,2026-09-11 03:54:59,-0.04414307962044495,1,0,0
58,6,2026-09-11 03:54:16,2026-09-11 03:55:05,-0.020312429752178618,1,0,0
59,6,2026-09-11 03:54:21,2026-09-11 03:55:10,-0.01606333204049759,1,0,0
60,6,2026-09-11 03:54:26,2026-09-11 03:55:15,-0.0309138901646131,1,0,0
61,6,2026-09-11 03:54:31,2026-09-11 03:55:20,-0.03844050965288259,1,0,0
62,6,2026-09-11 03:54:37,2026-09-11 03:55:25,-0.058472379443680444,1,0,0
63,6,2026-09-11 03:54:43,2026-09-11 03:55:31,-0.03996278540516862,1,0,0
64,8,2026-09-11 03:50:14,2026-09-11 03:51:02,-0.027835515984950487,1,0,0
65,8,2026-09-11 03:50:20,2026-09-11 03:51:07,-0.026414697059753522,1,0,0
66,8,2026-09-11 03:50:25,2026-09-11 03:51:13,-0.04047110035413515,1,0,0
67,8,2026-09-11 03:50:30,2026-09-11 03:51:18,-0.029772528628294603,1,0,0
68,8,2026-09-11 03:50:35,2026-09-11 03:51:23,-0.03890303560511199,1,0,0
69,8,2026-09-11 03:50:41,2026-09-11 03:51:28,-0.046484176307469705,1,0,0
70,8,2026-09-11 03:50:46,2026-09-11 03:51:34,-0.0378808707864402,1,0,0
71,8,2026-09-11 03:50:51,2026-09-11 03:51:39,-0.05918676437459924,1,0,0
72,8,2026-09-11 03:50:57,2026-09-11 03:51:45,-0.051036750495588534,1,0,0
73,8,2026-09-11 03:51:02,2026-09-11 03:51:50,-0.07099764209060733,1,1,0
74,carga1,2026-09-04 05:01:46,2026-09-04 05:03:55,0.034046720991608215,0,0,0
75,carga1,2026-09-04 05:01:57,2026-09-04 05:04:10,0.04385891976317202,0,0,0
76,carga1,2026-09-04 05:02:09,2026-09-04 05:04:25,0.06820123675104328,0,0,0
77,carga1,2026-09-04 05:02:24,2026-09-04 05:04:41,0.0689853308617423,0,0,0
78,carga1,2026-09-04 05:02:39,2026-09-04 05:04:56,0.05715934509971099,0,0,0
79,carga1,2026-09-04 05:02:54,2026-09-04 05:05:11,0.06522091437881988,0,0,0
80,carga1,2026-09-04 05:03:09,2026-09-04 05:05:26,0.06029495156491599,0,0,0
81,carga1,2026-09-04 05:03:25,2026-09-04 05:05:41,0.06850921049993186,0,0,0
82,carga1,2026-09-04 05:03:40,2026-09-04 05:05:57,0.07550810366940269,0,0,0
83,carga1,2026-09-04 05:03:55,2026-09-04 05:06:12,0.08499709212789042,0,0,0
84,carga1,2026-09-04 05:04:10,2026-09-04 05:06:27,0.09847132273533754,0,0,0
85,carga1,2026-09-04 05:04:25,2026-09-04 05:06:42,0.10618848947910964,0,0,0
86,carga1,2026-09-04 05:04:41,2026-09-04 05:06:57,0.09011783272148077,0,0,0
87,carga1,2026-09-04 05:04:56,2026-09-04 05:07:12,0.07867223930007866,0,0,0
88,carga1,2026-09-04 05:05:11,2026-09-04 05:07:28,0.08998504623506798,0,0,0
89,carga1,2026-09-04 05:05:26,2026-09-04 05:07:43,0.08922524689146888,0,0,0
90,carga1,2026-09-04 05:05:41,2026-09-04 05:07:58,0.09280104096872627,0,0,0
91,carga1,2026-09-04 05:05:57,2026-09-04 05:08:13,0.09698250825407773,0,0,0
92,carga1,2026-09-04 05:06:12,2026-09-04 05:08:28,0.09737259298709344,0,0,0
93,carga1,2026-09-04 05:06:27,2026-09-04 05:08:43,0.10227111351280155,0,0,0
94,carga1,2026-09-04 05:06:42,2026-09-04 05:08:59,0.09802988155074033,0,0,0
95,carga1,2026-09-04 05:06:57,2026-09-04 05:09:14,0.09891142293803123,0,0,0
96,carga1,2026-09-04 05:07:12,2026-09-04 05:09:29,0.10192726667578722,0,0,0
97,carga1,2026-09-04 05:07:28,2026-09-04 05:09:44,0.10891919545601741,0,0,0
98,carga1,2026-09-04 05:07:43,2026-09-04 05:09:59,0.10434278307327227,0,0,0
99,carga1,2026-09-04 05:07:58,2026-09-04 05:10:14,0.1150231959936237,0,0,0
100,carga1,2026-09-04 05:08:13,2026-09-04 05:10:30,0.10809556167439266,0,0,0
101,carga1,2026-09-04 05:08:28,2026-09-04 05:10:45,0.10235138103992392,0,0,0
102,carga1,2026-09-04 05:08:43,2026-09-04 05:11:00,0.10077753422962105,0,0,0
103,carga1,2026-09-04 05:08:59,2026-09-04 05:11:15,0.11326921358699094,0,0,0
104,carga1,2026-09-04 05:09:14,2026-09-04 05:11:30,0.1059199946069016,0,0,0
105,carga1,2026-09-04 05:09:29,2026-09-04 05:11:46,0.11559060445581854,0,0,0
106,carga1,2026-09-04 05:09:44,2026-09-04 05:12:01,0.10482236092672326,0,0,0
107,carga1,2026-09-04 05:09:59,2026-09-04 05:12:16,0.11377872278854972,0,0,0
108,carga1,2026-09-04 05:10:14,2026-09-04 05:12:31,0.10954731677820845,0,0,0
109,carga1,2026-09-04 05:10:30,2026-09-04 05:12:46,0.1162135950956873,0,0,0
110,carga1,2026-09-04 05:10:45,2026-09-04 05:13:01,0.10789275992531361,0,0,0
111,carga1,2026-09-04 05:11:00,2026-09-04 05:13:17,0.12022857423997996,0,0,0
112,carga1,2026-09-04 05:11:15,2026-09-04 05:13:32,0.11693913379960497,0,0,0
113,carga1,2026-09-04 05:11:30,2026-09-04 05:13:47,0.12017619346589198,0,0,0
114,carga1,2026-09-04 05:11:46,2026-09-04 05:14:02,0.1133966952647637,0,0,0
115,carga1,2026-09-04 05:12:01,2026-09-04 05:14:17,0.1197262243088219,0,0,0
116,carga1,2026-09-04 05:12:16,2026-09-04 05:14:32,0.11748983851860512,0,0,0
117,carga1,2026-09-04 05:12:31,2026-09-04 05:14:48,0.11130719554789048,0,0,0
118,carga1,2026-09-04 05:12:46,2026-09-04 05:15:03,0.11120598075870375,0,0,0
119,carga1,2026-09-04 05:13:01,2026-09-04 05:15:18,0.10724365628039134,0,0,0
120,carga1,2026-09-04 05:13:17,2026-09-04 05:15:33,0.10167365041801385,0,0,0
121,carga1,2026-09-04 05:13:32,2026-09-04 05:15:48,0.11153955169404794,0,0,0
122,carga1,2026-09-04 05:13:47,2026-09-04 05:16:03,0.10631802696847847,0,0,0
123,carga1,2026-09-04 05:14:02,2026-09-04 05:16:19,0.1161353796194381,0,0,0
124,carga1,2026-09-04 05:14:17,2026-09-04 05:16:34,0.10692736240078266,0,0,0
125,carga1,2026-09-04 05:14:32,2026-09-04 05:16:49,0.11851153815643012,0,0,0
126,carga1,2026-09-04 05:14:48,2026-09-04 05:17:04,0.10641269027539219,0,0,0
127,carga11,2026-09-11 10:37:36,2026-09-11 10:38:25,-0.13114883666106714,1,1,0
128,carga11,2026-09-11 10:37:42,2026-09-11 10:38:30,-0.13135705762784877,1,1,0
129,carga11,2026-09-11 10:37:48,2026-09-11 10:38:36,-0.11921847348181525,1,1,0
130,carga11,2026-09-11 10:37:53,2026-09-11 10:38:41,-0.13624765419007345,1,1,1
131,carga11,2026-09-11 10:37:59,2026-09-11 10:38:55,-0.13854752402243575,1,1,1
132,carga11,2026-09-11 10:38:04,2026-09-11 10:39:00,-0.14069960439094165,1,1,1
133,carga11,2026-09-11 10:38:09,2026-09-11 10:39:06,-0.1454459597035218,1,1,1
134,carga11,2026-09-11 10:38:14,2026-09-11 10:39:11,-0.13854419331209678,1,1,1
135,carga2,2026-09-07 04:26:22,2026-09-07 04:28:35,0.0024555502220093284,1,0,0
136,carga2,2026-09-07 04:26:33,2026-09-07 04:28:53,0.03486910599456988,0,0,0
137,carga2,2026-09-07 04:26:48,2026-09-07 04:29:08,0.04449286924355217,0,0,0
138,carga2,2026-09-07 04:27:04,2026-09-07 04:29:27,0.03373101455751237,0,0,0
139,carga2,2026-09-07 04:27:19,2026-09-07 04:29:43,0.0500556875257695,0,0,0
140,carga2,2026-09-07 04:27:34,2026-09-07 04:29:59,0.04800590897707652,0,0,0
141,carga2,2026-09-07 04:27:49,2026-09-07 04:30:14,0.03046437719538503,0,0,0
142,carga2,2026-09-07 04:28:05,2026-09-07 04:30:31,0.017239587645067722,1,0,0
143,carga2,2026-09-07 04:28:20,2026-09-07 04:30:46,0.0003910970189955898,1,0,0
144,carga3,2026-09-07 04:33:00,2026-09-07 04:35:13,0.057738561095481256,0,0,0
145,carga3,2026-09-07 04:33:10,2026-09-07 04:35:28,0.06286925360847284,0,0,0
146,carga3,2026-09-07 04:33:26,2026-09-07 04:35:43,0.05756660908075545,0,0,0
147,carga3,2026-09-07 04:33:41,2026-09-07 04:35:58,0.06836009302804313,0,0,0
148,carga3,2026-09-07 04:33:57,2026-09-07 04:36:14,0.08284997180002873,0,0,0
149,carga3,2026-09-07 04:34:12,2026-09-07 04:36:29,0.08682263260612699,0,0,0
150,carga3,2026-09-07 04:34:27,2026-09-07 04:36:44,0.09713454231607749,0,0,0
151,carga3,2026-09-07 04:34:42,2026-09-07 04:36:59,0.09536662442998739,0,0,0
152,carga3,2026-09-07 04:34:58,2026-09-07 04:37:14,0.1021999589139535,0,0,0
153,carga3,2026-09-07 04:35:13,2026-09-07 04:37:30,0.08473342195542599,0,0,0
154,carga3,2026-09-07 04:35:28,2026-09-07 04:37:45,0.07216889903043577,0,0,0
155,carga3,2026-09-07 04:35:43,2026-09-07 04:38:00,0.08182151563450407,0,0,0
156,carga3,2026-09-07 04:35:58,2026-09-07 04:38:15,0.08327967669258607,0,0,0
157,carga3,2026-09-07 04:36:14,2026-09-07 04:38:30,0.09075549046944231,0,0,0
158,carga3,2026-09-07 04:36:29,2026-09-07 04:38:46,0.08012628456694693,0,0,0
159,carga3,2026-09-07 04:36:44,2026-09-07 04:39:01,0.0904698089279129,0,0,0
160,carga3,2026-09-07 04:36:59,2026-09-07 04:39:16,0.08940875869979825,0,0,0
161,carga3,2026-09-07 04:37:14,2026-09-07 04:39:31,0.09240567186635162,0,0,0
162,carga3,2026-09-07 04:37:30,2026-09-07 04:39:46,0.08343480169512862,0,0,0
163,carga3,2026-09-07 04:37:45,2026-09-07 04:40:02,0.10024611819526219,0,0,0
164,carga3,2026-09-07 04:38:00,2026-09-07 04:40:17,0.09366814820921965,0,0,0
165,carga3,2026-09-07 04:38:15,2026-09-07 04:40:32,0.08751981582015889,0,0,0
166,carga3,2026-09-07 04:38:30,2026-09-07 04:40:47,0.08553451298077969,0,0,0
167,carga3,2026-09-07 04:38:46,2026-09-07 04:41:02,0.06991834690191123,0,0,0
168,carga3,2026-09-07 04:39:01,2026-09-07 04:41:17,0.08795543128799538,0,0,0
169,carga3,2026-09-07 04:39:16,2026-09-07 04:41:33,0.08148689352457711,0,0,0
170,carga3,2026-09-07 04:39:31,2026-09-07 04:41:48,0.08901750808102804,0,0,0
171,carga3,2026-09-07 04:39:46,2026-09-07 04:42:03,0.09070312647562984,0,0,0
172,carga3,2026-09-07 04:40:02,2026-09-07 04:42:18,0.08260295838509779,0,0,0
173,carga3,2026-09-07 04:40:17,2026-09-07 04:42:33,0.09126308604599903,0,0,0
174,carga3,2026-09-07 04:40:32,2026-09-07 04:42:48,0.09073520527505785,0,0,0
175,carga3,2026-09-07 04:40:47,2026-09-07 04:43:04,0.09067709297017196,0,0,0
176,carga4,2026-09-07 05:07:11,2026-09-07 05:07:30,0.044987746187808375,0,0,0
177,carga4,2026-09-07 05:07:12,2026-09-07 05:07:31,0.04544518953808557,0,0,0
178,carga4,2026-09-07 05:07:13,2026-09-07 05:07:32,0.044620728691016964,0,0,0
179,carga4,2026-09-07 05:07:14,2026-09-07 05:07:33,0.07760921922834207,0,0,0
180,carga4,2026-09-07 05:07:16,2026-09-07 05:07:35,0.07158032319031271,0,0,0
181,carga4,2026-09-07 05:07:18,2026-09-07 05:07:36,0.10009958044507111,0,0,0
182,carga4,2026-09-07 05:07:26,2026-09-07 05:07:37,0.09784753354882242,0,0,0
183,carga4,2026-09-07 05:07:28,2026-09-07 05:07:38,0.09873021507494034,0,0,0
184,carga4,2026-09-07 05:07:29,2026-09-07 05:07:39,0.1279846376218744,0,0,0
185,carga4,2026-09-07 05:07:30,2026-09-07 05:07:44,0.11653168668969138,0,0,0
186,carga4,2026-09-07 05:07:31,2026-09-07 05:07:46,0.12264012738976621,0,0,0
187,carga4,2026-09-07 05:07:32,2026-09-07 05:07:50,0.1238026948637429,0,0,0
188,carga4,2026-09-07 05:07:33,2026-09-07 05:07:51,0.11174694363393384,0,0,0
189,carga4,2026-09-07 05:07:35,2026-09-07 05:07:54,0.09888391686602638,0,0,0
190,carga4,2026-09-07 05:07:36,2026-09-07 05:07:55,0.10995841738728801,0,0,0
191,carga4,2026-09-07 05:07:37,2026-09-07 05:07:58,0.10934546603094131,0,0,0
192,carga4,2026-09-07 05:07:38,2026-09-07 05:07:59,0.096018162874133,0,0,0
193,carga4,2026-09-07 05:07:39,2026-09-07 05:08:00,0.11567477233110746,0,0,0
194,carga4,2026-09-07 05:07:44,2026-09-07 05:08:01,0.09507749823634537,0,0,0
195,carga4,2026-09-07 05:07:46,2026-09-07 05:08:02,0.10828786862874001,0,0,0
196,carga4,2026-09-07 05:07:50,2026-09-07 05:08:03,0.09946793997459408,0,0,0
197,carga4,2026-09-07 05:07:51,2026-09-07 05:08:05,0.09642839165022321,0,0,0
198,carga4,2026-09-07 05:07:54,2026-09-07 05:08:06,0.1071345696605589,0,0,0
199,carga4,2026-09-07 05:07:55,2026-09-07 05:08:07,0.10782200626179816,0,0,0
200,carga4,2026-09-07 05:07:58,2026-09-07 05:08:08,0.08425708675464016,0,0,0
201,carga4,2026-09-07 05:07:59,2026-09-07 05:08:09,0.08470912585656454,0,0,0
202,carga4,2026-09-07 05:08:00,2026-09-07 05:08:10,0.10139764014807418,0,0,0
203,carga4,2026-09-07 05:08:01,2026-09-07 05:08:11,0.10963861650014883,0,0,0
204,carga4,2026-09-07 05:08:02,2026-09-07 05:08:12,0.1181480840647875,0,0,0
205,carga4,2026-09-07 05:08:03,2026-09-07 05:08:13,0.10428144306439979,0,0,0
206,carga4,2026-09-07 05:08:05,2026-09-07 05:08:15,0.11334879564245437,0,0,0
207,carga4,2026-09-07 05:08:06,2026-09-07 05:08:16,0.11757515341459679,0,0,0
208,carga4,2026-09-07 05:08:07,2026-09-07 05:08:22,0.11427907042731994,0,0,0
209,carga4,2026-09-07 05:08:08,2026-09-07 05:08:27,0.09408810968291564,0,0,0
210,carga4,2026-09-07 05:08:09,2026-09-07 05:08:28,0.12408105763304672,0,0,0
211,carga4,2026-09-07 05:08:10,2026-09-07 05:08:29,0.11581128316922834,0,0,0
212,carga4,2026-09-07 05:08:11,2026-09-07 05:08:30,0.1059887734788948,0,0,0
213,carga4,2026-09-07 05:08:12,2026-09-07 05:08:31,0.09946372277421722,0,0,0
214,carga4,2026-09-07 05:08:13,2026-09-07 05:08:32,0.10007302895390152,0,0,0
215,carga4,2026-09-07 05:08:15,2026-09-07 05:08:34,0.11406842429720637,0,0,0
216,carga4,2026-09-07 05:08:16,2026-09-07 05:08:35,0.11247901783708597,0,0,0
217,carga4,2026-09-07 05:08:22,2026-09-07 05:08:36,0.12041887548910823,0,0,0
218,carga4,2026-09-07 05:08:27,2026-09-07 05:08:37,0.12417459724968749,0,0,0
219,carga4,2026-09-07 05:08:28,2026-09-07 05:08:38,0.1339894262280112,0,0,0
220,carga4,2026-09-07 05:08:29,2026-09-07 05:08:39,0.13655946427178722,0,0,0
221,carga4,2026-09-07 05:08:30,2026-09-07 05:08:41,0.1346919251417394,0,0,0
222,carga4,2026-09-07 05:08:31,2026-09-07 05:08:42,0.13926954108446116,0,0,0
223,carga4,2026-09-07 05:08:32,2026-09-07 05:08:43,0.13848099524854957,0,0,0
224,carga4,2026-09-07 05:08:34,2026-09-07 05:08:44,0.14227289795571807,0,0,0
225,carga4,2026-09-07 05:08:35,2026-09-07 05:08:45,0.13631056322973512,0,0,0
226,carga4,2026-09-07 05:08:36,2026-09-07 05:08:46,0.13332005615272802,0,0,0
227,carga4,2026-09-07 05:08:37,2026-09-07 05:08:47,0.13556547710201816,0,0,0
228,carga4,2026-09-07 05:08:38,2026-09-07 05:08:49,0.13576078941029263,0,0,0
229,carga4,2026-09-07 05:08:39,2026-09-07 05:08:50,0.1376530878135735,0,0,0
230,carga4,2026-09-07 05:08:41,2026-09-07 05:08:51,0.1348307549069433,0,0,0
231,carga4,2026-09-07 05:08:42,2026-09-07 05:08:52,0.13882425605981302,0,0,0
232,carga4,2026-09-07 05:08:43,2026-09-07 05:08:53,0.1330694781596955,0,0,0
233,carga4,2026-09-07 05:08:44,2026-09-07 05:08:54,0.14287068750378812,0,0,0
234,carga4,2026-09-07 05:08:45,2026-09-07 05:08:56,0.1397799821223631,0,0,0
235,carga4,2026-09-07 05:08:46,2026-09-07 05:08:57,0.1409077222031923,0,0,0
236,carga4,2026-09-07 05:08:47,2026-09-07 05:08:58,0.14438689481821648,0,0,0
237,carga4,2026-09-07 05:08:49,2026-09-07 05:08:59,0.14151748696524685,0,0,0
238,carga4,2026-09-07 05:08:50,2026-09-07 05:09:00,0.140668665656079,0,0,0
239,carga4,2026-09-07 05:08:51,2026-09-07 05:09:01,0.14134528203935254,0,0,0
240,carga4,2026-09-07 05:08:52,2026-09-07 05:09:03,0.12474436958120988,0,0,0
241,carga4,2026-09-07 05:08:53,2026-09-07 05:09:04,0.13958418829851654,0,0,0
242,carga4,2026-09-07 05:08:54,2026-09-07 05:09:05,0.13092114524094245,0,0,0
243,carga4,2026-09-07 05:08:56,2026-09-07 05:09:06,0.13629071857349234,0,0,0
244,carga4,2026-09-07 05:08:57,2026-09-07 05:09:07,0.14334938736510405,0,0,0
245,carga4,2026-09-07 05:08:58,2026-09-07 05:09:08,0.137617966251543,0,0,0
246,carga4,2026-09-07 05:08:59,2026-09-07 05:09:10,0.1380215143060292,0,0,0
247,carga4,2026-09-07 05:09:00,2026-09-07 05:09:11,0.1441737908668112,0,0,0
248,carga4,2026-09-07 05:09:01,2026-09-07 05:09:12,0.1470294466546918,0,0,0
249,carga4,2026-09-07 05:09:03,2026-09-07 05:09:13,0.14713397165564185,0,0,0
250,carga4,2026-09-07 05:09:04,2026-09-07 05:09:14,0.14422476468519946,0,0,0
251,carga4,2026-09-07 05:09:05,2026-09-07 05:09:15,0.15067125767193196,0,0,0
252,carga4,2026-09-07 05:09:06,2026-09-07 05:09:17,0.14616346957816678,0,0,0
253,carga4,2026-09-07 05:09:07,2026-09-07 05:09:18,0.146282943430197,0,0,0
254,carga4,2026-09-07 05:09:08,2026-09-07 05:09:19,0.1486401641496144,0,0,0
255,carga4,2026-09-07 05:09:10,2026-09-07 05:09:20,0.14658001112582164,0,0,0
256,carga4,2026-09-07 05:09:11,2026-09-07 05:09:21,0.14668250098537594,0,0,0
257,carga4,2026-09-07 05:09:12,2026-09-07 05:09:23,0.1519052768117935,0,0,0
258,carga4,2026-09-07 05:09:13,2026-09-07 05:09:24,0.14605885298523397,0,0,0
259,carga4,2026-09-07 05:09:14,2026-09-07 05:09:25,0.14926421892098346,0,0,0
260,carga4,2026-09-07 05:09:15,2026-09-07 05:09:26,0.14317108693544311,0,0,0
261,carga4,2026-09-07 05:09:17,2026-09-07 05:09:27,0.14836762426451716,0,0,0
262,carga4,2026-09-07 05:09:18,2026-09-07 05:09:28,0.14361632962048065,0,0,0
263,carga4,2026-09-07 05:09:19,2026-09-07 05:09:29,0.14879910901408927,0,0,0
264,carga4,2026-09-07 05:09:20,2026-09-07 05:09:31,0.14633490688645395,0,0,0
265,carga4,2026-09-07 05:09:21,2026-09-07 05:09:32,0.147176135279535,0,0,0
266,carga4,2026-09-07 05:09:23,2026-09-07 05:09:33,0.14474794209517977,0,0,0
267,carga4,2026-09-07 05:09:24,2026-09-07 05:09:34,0.1451672317630081,0,0,0
268,carga4,2026-09-07 05:09:25,2026-09-07 05:09:35,0.14703836253578628,0,0,0
269,carga4,2026-09-07 05:09:26,2026-09-07 05:09:37,0.15013705400226185,0,0,0
270,carga4,2026-09-07 05:09:27,2026-09-07 05:09:38,0.1499948687417672,0,0,0
271,carga4,2026-09-07 05:09:28,2026-09-07 05:09:39,0.14663732914434574,0,0,0
272,carga4,2026-09-07 05:09:29,2026-09-07 05:09:40,0.15127464889282327,0,0,0
273,carga4,2026-09-07 05:09:31,2026-09-07 05:09:41,0.15017154910986846,0,0,0
274,carga4,2026-09-07 05:09:32,2026-09-07 05:09:42,0.15048448531274922,0,0,0
275,carga4,2026-09-07 05:09:33,2026-09-07 05:09:44,0.1450935233035362,0,0,0
276,carga4,2026-09-07 05:09:34,2026-09-07 05:09:45,0.14959364646763446,0,0,0
277,carga4,2026-09-07 05:09:35,2026-09-07 05:09:46,0.1421577821616241,0,0,0
278,carga4,2026-09-07 05:09:37,2026-09-07 05:09:47,0.1453037687445713,0,0,0
279,carga4,2026-09-07 05:09:38,2026-09-07 05:09:48,0.14566712571264578,0,0,0
280,carga4,2026-09-07 05:09:39,2026-09-07 05:09:50,0.13911957420039556,0,0,0
281,carga4,2026-09-07 05:09:40,2026-09-07 05:09:51,0.1513292160899954,0,0,0
282,carga4,2026-09-07 05:09:41,2026-09-07 05:09:52,0.14267874544221176,0,0,0
283,carga4,2026-09-07 05:09:42,2026-09-07 05:09:53,0.1401505513818856,0,0,0
284,carga4,2026-09-07 05:09:44,2026-09-07 05:09:57,0.140234983878273,0,0,0
285,carga4,2026-09-07 05:09:45,2026-09-07 05:09:58,0.14074129070410124,0,0,0
286,carga4,2026-09-07 05:09:46,2026-09-07 05:10:04,0.12644292582638794,0,0,0
287,carga4,2026-09-07 05:09:47,2026-09-07 05:10:06,0.11194532971617743,0,0,0
288,carga4,2026-09-07 05:09:48,2026-09-07 05:10:07,0.10979927148035057,0,0,0
289,carga4,2026-09-07 05:09:50,2026-09-07 05:10:10,0.11609846454556505,0,0,0
290,carga4,2026-09-07 05:09:51,2026-09-07 05:10:11,0.10829225524469976,0,0,0
291,carga4,2026-09-07 05:09:52,2026-09-07 05:10:12,0.10062684363086333,0,0,0
292,carga4,2026-09-07 05:09:53,2026-09-07 05:10:15,0.08830611602900146,0,0,0
293,carga4,2026-09-07 05:09:57,2026-09-07 05:10:16,0.09529060735426015,0,0,0
294,carga4,2026-09-07 05:09:58,2026-09-07 05:10:17,0.07950211487988373,0,0,0
295,carga4,2026-09-07 05:10:04,2026-09-07 05:10:20,0.09995144571221387,0,0,0
296,carga4,2026-09-07 05:10:06,2026-09-07 05:10:21,0.10231687866205635,0,0,0
297,carga4,2026-09-07 05:10:07,2026-09-07 05:10:22,0.09444800690260624,0,0,0
298,carga4,2026-09-07 05:10:10,2026-09-07 05:10:23,0.0966240955047099,0,0,0
299,carga4,2026-09-07 05:10:11,2026-09-07 05:10:26,0.10793297186311301,0,0,0
300,carga4,2026-09-07 05:10:12,2026-09-07 05:10:27,0.09388583885272622,0,0,0
301,carga4,2026-09-07 05:10:15,2026-09-07 05:10:29,0.10561715426172447,0,0,0
302,carga4,2026-09-07 05:10:16,2026-09-07 05:10:31,0.11937192988035045,0,0,0
303,carga4,2026-09-07 05:10:17,2026-09-07 05:10:32,0.11483264932607118,0,0,0
304,carga4,2026-09-07 05:10:20,2026-09-07 05:10:33,0.12454186271734935,0,0,0
305,carga4,2026-09-07 05:10:21,2026-09-07 05:10:34,0.13594697743492884,0,0,0
306,carga4,2026-09-07 05:10:22,2026-09-07 05:10:39,0.12899786547607167,0,0,0
307,carga4,2026-09-07 05:10:23,2026-09-07 05:10:41,0.12655114780870463,0,0,0
308,carga4,2026-09-07 05:10:26,2026-09-07 05:10:42,0.1205009149406609,0,0,0
309,carga4,2026-09-07 05:10:27,2026-09-07 05:10:43,0.10584183401380182,0,0,0
310,carga4,2026-09-07 05:10:29,2026-09-07 05:10:44,0.10554304768075473,0,0,0
311,carga4,2026-09-07 05:10:31,2026-09-07 05:10:45,0.12901059047730584,0,0,0
312,carga4,2026-09-07 05:10:32,2026-09-07 05:10:47,0.11662970675194395,0,0,0
313,carga4,2026-09-07 05:10:33,2026-09-07 05:10:55,0.1173546300554274,0,0,0
314,carga4,2026-09-07 05:10:34,2026-09-07 05:10:58,0.11722089370261224,0,0,0
315,carga4,2026-09-07 05:10:39,2026-09-07 05:10:59,0.11897281489756595,0,0,0
316,carga4,2026-09-07 05:10:41,2026-09-07 05:11:00,0.12391717482572934,0,0,0
317,carga4,2026-09-07 05:10:42,2026-09-07 05:11:01,0.11998321583001603,0,0,0
318,carga4,2026-09-07 05:10:43,2026-09-07 05:11:02,0.1206464042479986,0,0,0
319,carga4,2026-09-07 05:10:44,2026-09-07 05:11:03,0.1174566822236629,0,0,0
320,carga4,2026-09-07 05:10:45,2026-09-07 05:11:05,0.12961343960067206,0,0,0
321,carga4,2026-09-07 05:10:47,2026-09-07 05:11:06,0.13927575420462207,0,0,0
322,carga4,2026-09-07 05:10:55,2026-09-07 05:11:07,0.12821780385761494,0,0,0
323,carga4,2026-09-07 05:10:58,2026-09-07 05:11:08,0.1347774906680259,0,0,0
324,carga4,2026-09-07 05:10:59,2026-09-07 05:11:09,0.120939125691158,0,0,0
325,carga4,2026-09-07 05:11:00,2026-09-07 05:11:11,0.12635258294156082,0,0,0
326,carga4,2026-09-07 05:11:01,2026-09-07 05:11:12,0.14469062116473153,0,0,0
327,carga4,2026-09-07 05:11:02,2026-09-07 05:11:13,0.14381525395891487,0,0,0
328,carga4,2026-09-07 05:11:03,2026-09-07 05:11:14,0.13838438275281972,0,0,0
329,carga4,2026-09-07 05:11:05,2026-09-07 05:11:15,0.14093001477151368,0,0,0
330,carga4,2026-09-07 05:11:06,2026-09-07 05:11:16,0.1499933258312096,0,0,0
331,carga4,2026-09-07 05:11:07,2026-09-07 05:11:18,0.1418347666223917,0,0,0
332,carga4,2026-09-07 05:11:08,2026-09-07 05:11:19,0.14976415814166721,0,0,0
333,carga4,2026-09-07 05:11:09,2026-09-07 05:11:20,0.1500784723290054,0,0,0
334,carga4,2026-09-07 05:11:11,2026-09-07 05:11:21,0.1513944151352562,0,0,0
335,carga4,2026-09-07 05:11:12,2026-09-07 05:11:22,0.15479410595686222,0,0,0
336,carga4,2026-09-07 05:11:13,2026-09-07 05:11:24,0.15348359489014923,0,0,0
337,carga4,2026-09-07 05:11:14,2026-09-07 05:11:25,0.15280641812703077,0,0,0
338,carga4,2026-09-07 05:11:15,2026-09-07 05:11:26,0.14937717560704517,0,0,0
339,carga4,2026-09-07 05:11:16,2026-09-07 05:11:27,0.15579906698763096,0,0,0
340,carga4,2026-09-07 05:11:18,2026-09-07 05:11:28,0.15666690115824405,0,0,0
341,carga4,2026-09-07 05:11:19,2026-09-07 05:11:31,0.15038764155878653,0,0,0
342,carga4,2026-09-07 05:11:20,2026-09-07 05:11:34,0.1430015798936074,0,0,0
343,carga4,2026-09-07 05:11:21,2026-09-07 05:11:35,0.15454928223343228,0,0,0
344,carga4,2026-09-07 05:11:22,2026-09-07 05:11:40,0.13606025658561688,0,0,0
345,carga4,2026-09-07 05:11:24,2026-09-07 05:11:41,0.13251726632596222,0,0,0
346,carga4,2026-09-07 05:11:25,2026-09-07 05:11:45,0.13275574757374103,0,0,0
347,carga4,2026-09-07 05:11:26,2026-09-07 05:11:49,0.10616606544291363,0,0,0
348,carga4,2026-09-07 05:11:27,2026-09-07 05:11:51,0.1103055966398152,0,0,0
349,carga4,2026-09-07 05:11:28,2026-09-07 05:11:55,0.0977050374445605,0,0,0
350,carga4,2026-09-07 05:11:31,2026-09-07 05:11:57,0.10523206429732751,0,0,0
351,carga4,2026-09-07 05:11:34,2026-09-07 05:11:58,0.10929597125347557,0,0,0
352,carga4,2026-09-07 05:11:35,2026-09-07 05:11:59,0.1060454169554324,0,0,0
353,carga4,2026-09-07 05:11:40,2026-09-07 05:12:00,0.09027894802971653,0,0,0
354,carga4,2026-09-07 05:11:41,2026-09-07 05:12:01,0.11772731974191475,0,0,0
355,carga4,2026-09-07 05:11:45,2026-09-07 05:12:03,0.12119252605541325,0,0,0
356,carga4,2026-09-07 05:11:49,2026-09-07 05:12:04,0.1273518922193148,0,0,0
357,carga4,2026-09-07 05:11:51,2026-09-07 05:12:05,0.13153350108149825,0,0,0
358,carga4,2026-09-07 05:11:55,2026-09-07 05:12:06,0.14447111539135965,0,0,0
359,carga4,2026-09-07 05:11:57,2026-09-07 05:12:07,0.14583540869509198,0,0,0
360,carga4,2026-09-07 05:11:58,2026-09-07 05:12:08,0.13798141944872205,0,0,0
361,carga4,2026-09-07 05:11:59,2026-09-07 05:12:09,0.14320775995042684,0,0,0
362,carga4,2026-09-07 05:12:00,2026-09-07 05:12:11,0.14453509476964221,0,0,0
363,carga4,2026-09-07 05:12:01,2026-09-07 05:12:12,0.15364458686075805,0,0,0
364,carga4,2026-09-07 05:12:03,2026-09-07 05:12:13,0.15118431102117103,0,0,0
365,carga4,2026-09-07 05:12:04,2026-09-07 05:12:14,0.15375405032155492,0,0,0
366,carga4,2026-09-07 05:12:05,2026-09-07 05:12:15,0.1519323511512246,0,0,0
367,carga4,2026-09-07 05:12:06,2026-09-07 05:12:16,0.1577008460782819,0,0,0
368,carga4,2026-09-07 05:12:07,2026-09-07 05:12:18,0.15035173495668996,0,0,0
369,carga4,2026-09-07 05:12:08,2026-09-07 05:12:19,0.15020656003235633,0,0,0
370,carga4,2026-09-07 05:12:09,2026-09-07 05:12:20,0.1492302954701336,0,0,0
371,carga4,2026-09-07 05:12:11,2026-09-07 05:12:21,0.14730350878676962,0,0,0
372,carga4,2026-09-07 05:12:12,2026-09-07 05:12:22,0.15499929212372587,0,0,0
373,carga4,2026-09-07 05:12:13,2026-09-07 05:12:23,0.14491603157918242,0,0,0
374,carga4,2026-09-07 05:12:14,2026-09-07 05:12:25,0.14637016009706838,0,0,0
375,carga4,2026-09-07 05:12:15,2026-09-07 05:12:26,0.14041690898358195,0,0,0
376,carga4,2026-09-07 05:12:16,2026-09-07 05:12:27,0.1479648695479754,0,0,0
377,carga4,2026-09-07 05:12:18,2026-09-07 05:12:28,0.1449193213630297,0,0,0
378,carga4,2026-09-07 05:12:19,2026-09-07 05:12:29,0.13649966800473906,0,0,0
379,carga4,2026-09-07 05:12:20,2026-09-07 05:12:31,0.1456540669849346,0,0,0
380,carga4,2026-09-07 05:12:21,2026-09-07 05:12:32,0.1474988433551559,0,0,0
381,carga4,2026-09-07 05:12:22,2026-09-07 05:12:33,0.14079376066825,0,0,0
382,carga4,2026-09-07 05:12:23,2026-09-07 05:12:35,0.14085867651118417,0,0,0
383,carga4,2026-09-07 05:12:25,2026-09-07 05:12:36,0.13955445280246453,0,0,0
384,carga4,2026-09-07 05:12:26,2026-09-07 05:12:39,0.13725192470975095,0,0,0
385,carga4,2026-09-07 05:12:27,2026-09-07 05:12:41,0.11989906136802048,0,0,0
386,carga4,2026-09-07 05:12:28,2026-09-07 05:12:42,0.12098075555301518,0,0,0
387,carga4,2026-09-07 05:12:29,2026-09-07 05:12:47,0.1205208213709556,0,0,0
388,carga4,2026-09-07 05:12:31,2026-09-07 05:12:48,0.10536741028692476,0,0,0
389,carga4,2026-09-07 05:12:32,2026-09-07 05:12:49,0.10472427347828839,0,0,0
390,carga4,2026-09-07 05:12:33,2026-09-07 05:12:50,0.07830889398390573,0,0,0
391,carga4,2026-09-07 05:12:35,2026-09-07 05:12:51,0.07837571941531774,0,0,0
392,carga4,2026-09-07 05:12:36,2026-09-07 05:12:52,0.08672075243920241,0,0,0
393,carga4,2026-09-07 05:12:39,2026-09-07 05:12:54,0.0733943554441438,0,0,0
394,carga4,2026-09-07 05:12:41,2026-09-07 05:12:55,0.09589713994706783,0,0,0
395,carga4,2026-09-07 05:12:42,2026-09-07 05:12:56,0.05581848502414222,0,0,0
396,carga4,2026-09-07 05:12:47,2026-09-07 05:12:57,0.09325610839428783,0,0,0
397,carga4,2026-09-07 05:12:48,2026-09-07 05:12:59,0.08265278343040061,0,0,0
398,carga4,2026-09-07 05:12:49,2026-09-07 05:13:01,0.0877291741570927,0,0,0
399,carga4,2026-09-07 05:12:50,2026-09-07 05:13:08,0.07719487473180398,0,0,0
400,carga4,2026-09-07 05:12:51,2026-09-07 05:13:10,0.07626527610647449,0,0,0
401,carga4,2026-09-07 05:12:52,2026-09-07 05:13:11,0.10479197574184607,0,0,0
402,carga4,2026-09-07 05:12:54,2026-09-07 05:13:12,0.10940200184456406,0,0,0
403,carga4,2026-09-07 05:12:55,2026-09-07 05:13:13,0.12942294417281064,0,0,0
404,carga4,2026-09-07 05:12:56,2026-09-07 05:13:14,0.12560285792822,0,0,0
405,carga4,2026-09-07 05:12:57,2026-09-07 05:13:15,0.13366748157587793,0,0,0
406,carga4,2026-09-07 05:12:59,2026-09-07 05:13:17,0.13303253148211502,0,0,0
407,carga4,2026-09-07 05:13:01,2026-09-07 05:13:18,0.13926707634964508,0,0,0
408,carga4,2026-09-07 05:13:08,2026-09-07 05:13:19,0.13664240700907582,0,0,0
409,carga4,2026-09-07 05:13:10,2026-09-07 05:13:20,0.14668850707249703,0,0,0
410,carga4,2026-09-07 05:13:11,2026-09-07 05:13:21,0.14418561790993822,0,0,0
411,carga4,2026-09-07 05:13:12,2026-09-07 05:13:23,0.14184621258603503,0,0,0
412,carga4,2026-09-07 05:13:13,2026-09-07 05:13:24,0.13890449988318104,0,0,0
413,carga4,2026-09-07 05:13:14,2026-09-07 05:13:25,0.1356322619966015,0,0,0
414,carga4,2026-09-07 05:13:15,2026-09-07 05:13:26,0.13863840521826953,0,0,0
415,carga4,2026-09-07 05:13:17,2026-09-07 05:13:27,0.13642103891889173,0,0,0
416,carga4,2026-09-07 05:13:18,2026-09-07 05:13:28,0.13901710475096724,0,0,0
417,carga4,2026-09-07 05:13:19,2026-09-07 05:13:31,0.13338199353608504,0,0,0
418,carga4,2026-09-07 05:13:20,2026-09-07 05:13:32,0.12988949522945537,0,0,0
419,carga4,2026-09-07 05:13:21,2026-09-07 05:13:33,0.1253824731715285,0,0,0
420,carga4,2026-09-07 05:13:23,2026-09-07 05:13:34,0.11506755591366452,0,0,0
421,carga4,2026-09-07 05:13:24,2026-09-07 05:13:35,0.11538192539679382,0,0,0
422,carga4,2026-09-07 05:13:25,2026-09-07 05:13:36,0.12006479499218103,0,0,0
423,carga4,2026-09-07 05:13:26,2026-09-07 05:13:38,0.11625178640890771,0,0,0
424,carga4,2026-09-07 05:13:27,2026-09-07 05:13:39,0.12248274887626381,0,0,0
425,carga4,2026-09-07 05:13:28,2026-09-07 05:13:40,0.1260904331758318,0,0,0
426,carga4,2026-09-07 05:13:31,2026-09-07 05:13:41,0.11082576664496624,0,0,0
427,carga4,2026-09-07 05:13:32,2026-09-07 05:13:42,0.12710860087691433,0,0,0
428,carga4,2026-09-07 05:13:33,2026-09-07 06:57:32,0.115892113592509,0,0,0
429,carga4,2026-09-07 05:13:34,2026-09-07 06:57:33,0.09554185737454979,0,0,0
430,carga4,2026-09-07 05:13:35,2026-09-07 06:58:05,0.046710791721784994,0,0,0
431,carga4,2026-09-07 05:13:36,2026-09-07 06:58:18,0.012063101608978888,1,0,0
432,carga4,2026-09-07 05:13:38,2026-09-07 06:58:23,0.01993176611149239,0,0,0
433,carga4,2026-09-07 05:13:39,2026-09-07 06:58:28,0.001480709304750194,1,0,0
434,carga4,2026-09-07 05:13:40,2026-09-07 06:58:31,-0.015487305976419674,1,0,0
435,carga4,2026-09-07 05:13:41,2026-09-07 06:58:35,-0.057139822251584094,1,0,0
436,carga4,2026-09-07 05:13:42,2026-09-07 06:58:38,-0.028041149801587006,1,0,0
437,carga4,2026-09-07 06:57:32,2026-09-07 06:58:42,-0.02607795250056133,1,0,0
438,carga4,2026-09-07 06:57:33,2026-09-07 06:58:45,-0.028616064087157334,1,0,0
439,carga4,2026-09-07 06:58:05,2026-09-07 06:58:48,-0.017538975002990842,1,0,0
440,carga4,2026-09-07 06:58:18,2026-09-07 06:58:50,0.031105231546261547,0,0,0
441,carga4,2026-09-07 06:58:23,2026-09-07 06:58:54,0.036799652675216676,0,0,0
442,carga4,2026-09-07 06:58:28,2026-09-07 06:58:57,0.017396971160289376,1,0,0
443,carga4,2026-09-07 06:58:31,2026-09-07 06:59:00,0.052346890208378405,0,0,0
444,carga4,2026-09-07 06:58:35,2026-09-07 06:59:04,0.05396046591923381,0,0,0
445,carga4,2026-09-07 06:58:38,2026-09-07 06:59:07,0.05833491475595076,0,0,0
446,carga4,2026-09-07 06:58:42,2026-09-07 06:59:10,0.06852926562197736,0,0,0
447,carga4,2026-09-07 06:58:45,2026-09-07 06:59:14,0.07052592341719471,0,0,0
448,carga4,2026-09-07 06:58:48,2026-09-07 06:59:17,0.05864093346879706,0,0,0
449,carga4,2026-09-07 06:58:50,2026-09-07 06:59:21,0.06845763676283562,0,0,0
450,carga4,2026-09-07 06:58:54,2026-09-07 06:59:25,0.08064494355041235,0,0,0
451,carga4,2026-09-07 06:58:57,2026-09-07 06:59:28,0.08681316256622434,0,0,0
452,carga4,2026-09-07 06:59:00,2026-09-07 06:59:31,0.08812329068354435,0,0,0
453,carga4,2026-09-07 06:59:04,2026-09-07 06:59:34,0.08618364227256847,0,0,0
454,carga4,2026-09-07 06:59:07,2026-09-07 06:59:38,0.09660293199833336,0,0,0
455,carga4,2026-09-07 06:59:10,2026-09-07 06:59:41,0.08951264524123537,0,0,0
456,carga4,2026-09-07 06:59:14,2026-09-07 06:59:44,0.08584341636203424,0,0,0
457,carga4,2026-09-07 06:59:17,2026-09-07 06:59:47,0.08465431953062336,0,0,0
458,carga4,2026-09-07 06:59:21,2026-09-07 06:59:50,0.09384926345859701,0,0,0
459,carga4,2026-09-07 06:59:25,2026-09-07 06:59:54,0.0844227252670921,0,0,0
460,carga4,2026-09-07 06:59:28,2026-09-07 06:59:57,0.09001521994225581,0,0,0
461,carga4,2026-09-07 06:59:31,2026-09-07 07:00:00,0.09641714089579445,0,0,0
462,carga4,2026-09-07 06:59:34,2026-09-07 07:00:03,0.08978274922590379,0,0,0
463,carga4,2026-09-07 06:59:38,2026-09-07 07:00:07,0.0999687386344853,0,0,0
464,carga4,2026-09-07 06:59:41,2026-09-07 07:00:11,0.09974778146387303,0,0,0
465,carga4,2026-09-07 06:59:44,2026-09-07 07:00:14,0.09956178670823473,0,0,0
466,carga4,2026-09-07 06:59:47,2026-09-07 07:00:17,0.09396053410653071,0,0,0
467,carga4,2026-09-07 06:59:50,2026-09-07 07:00:21,0.10202642619039959,0,0,0
468,carga4,2026-09-07 06:59:54,2026-09-07 07:00:24,0.11032304708879753,0,0,0
469,carga4,2026-09-07 06:59:57,2026-09-07 07:00:27,0.1157363614936085,0,0,0
470,carga4,2026-09-07 07:00:00,2026-09-07 07:00:30,0.1106192585355486,0,0,0
471,carga4,2026-09-07 07:00:03,2026-09-07 07:00:33,0.10742293033891903,0,0,0
472,carga4,2026-09-07 07:00:07,2026-09-07 07:00:36,0.1119578996980749,0,0,0
473,carga4,2026-09-07 07:00:11,2026-09-07 07:00:40,0.11418095541348955,0,0,0
474,carga4,2026-09-07 07:00:14,2026-09-07 07:00:43,0.10555317677079534,0,0,0
475,carga4,2026-09-07 07:00:17,2026-09-07 07:00:46,0.10359556356963123,0,0,0
476,carga4,2026-09-07 07:00:21,2026-09-07 07:00:49,0.11062199598266043,0,0,0
477,carga4,2026-09-07 07:00:24,2026-09-07 07:00:53,0.10727809319929987,0,0,0
478,carga4,2026-09-07 07:00:27,2026-09-07 07:00:56,0.10900770678208344,0,0,0
479,carga4,2026-09-07 07:00:30,2026-09-07 07:00:59,0.1047750556558395,0,0,0
480,carga4,2026-09-07 07:00:33,2026-09-07 07:01:03,0.10585202474495875,0,0,0
481,carga4,2026-09-07 07:00:36,2026-09-07 07:01:07,0.10314087668613786,0,0,0
482,carga4,2026-09-07 07:00:40,2026-09-07 07:01:10,0.0903525570974813,0,0,0
483,carga4,2026-09-07 07:00:43,2026-09-07 07:01:14,0.08700575584754439,0,0,0
484,carga4,2026-09-07 07:00:46,2026-09-07 07:01:17,0.08970297658255805,0,0,0
485,carga4,2026-09-07 07:00:49,2026-09-07 07:01:20,0.09098789968855742,0,0,0
486,carga4,2026-09-07 07:00:53,2026-09-07 07:01:23,0.10058092252606621,0,0,0
487,carga4,2026-09-07 07:00:56,2026-09-07 07:01:27,0.09786480102454798,0,0,0
488,carga4,2026-09-07 07:00:59,2026-09-07 07:01:30,0.10137305888672876,0,0,0
489,carga4,2026-09-07 07:01:03,2026-09-07 07:01:33,0.10115529495207787,0,0,0
490,carga4,2026-09-07 07:01:07,2026-09-07 07:01:37,0.10765122877656447,0,0,0
491,carga4,2026-09-07 07:01:10,2026-09-07 07:01:40,0.10056311027643439,0,0,0
492,carga4,2026-09-07 07:01:14,2026-09-07 07:01:43,0.11086804928045674,0,0,0
493,carga4,2026-09-07 07:01:17,2026-09-07 07:01:46,0.11028601307394609,0,0,0
494,carga4,2026-09-07 07:01:20,2026-09-07 07:01:50,0.10790804603989362,0,0,0
495,carga4,2026-09-07 07:01:23,2026-09-07 07:01:53,0.10836284569312243,0,0,0
496,carga4,2026-09-07 07:01:27,2026-09-07 07:01:56,0.1111575653334273,0,0,0
497,carga4,2026-09-07 07:01:30,2026-09-07 07:01:59,0.11151243372070363,0,0,0
498,carga4,2026-09-07 07:01:33,2026-09-07 07:02:02,0.10905738387865538,0,0,0
499,carga4,2026-09-07 07:01:37,2026-09-07 07:02:06,0.10859251095925959,0,0,0
500,carga4,2026-09-07 07:01:40,2026-09-07 07:02:10,0.10924996105750479,0,0,0
501,carga4,2026-09-07 07:01:43,2026-09-07 07:02:16,0.10182756159214218,0,0,0
502,carga4,2026-09-07 07:01:46,2026-09-07 07:02:19,0.09798541926900273,0,0,0
503,carga4,2026-09-07 07:01:50,2026-09-07 07:02:22,0.09943586279006844,0,0,0
504,carga4,2026-09-07 07:01:53,2026-09-07 07:02:25,0.10706683211312285,0,0,0
505,carga4,2026-09-07 07:01:56,2026-09-07 07:02:29,0.1028631719174114,0,0,0
506,carga4,2026-09-07 07:01:59,2026-09-07 07:02:32,0.0918894449846846,0,0,0
507,carga4,2026-09-07 07:02:02,2026-09-07 07:02:34,0.09116065073350504,0,0,0
508,carga4,2026-09-07 07:02:06,2026-09-07 07:02:37,0.09070531453280767,0,0,0
509,carga4,2026-09-07 07:02:10,2026-09-07 07:02:40,0.08727849150539452,0,0,0
510,carga4,2026-09-07 07:02:16,2026-09-07 07:02:44,0.10445221981730135,0,0,0
511,carga4,2026-09-07 07:02:19,2026-09-07 07:02:47,0.08883675547180159,0,0,0
512,carga4,2026-09-07 07:02:22,2026-09-07 07:02:51,0.09908871419711784,0,0,0
513,carga4,2026-09-07 07:02:25,2026-09-07 07:02:54,0.10239628279891916,0,0,0
514,carga4,2026-09-07 07:02:29,2026-09-07 07:02:57,0.1068599095823467,0,0,0
515,carga4,2026-09-07 07:02:32,2026-09-07 07:03:00,0.09915248999549708,0,0,0
516,carga4,2026-09-07 07:02:34,2026-09-07 07:03:04,0.10969465593198774,0,0,0
517,carga4,2026-09-07 07:02:37,2026-09-07 07:03:08,0.1069698303511682,0,0,0
518,carga4,2026-09-07 07:02:40,2026-09-07 07:03:11,0.10618140681706428,0,0,0
519,carga4,2026-09-07 07:02:44,2026-09-07 07:03:14,0.10295689066365898,0,0,0
520,carga4,2026-09-07 07:02:47,2026-09-07 07:03:17,0.10379931672900772,0,0,0
521,carga4,2026-09-07 07:02:51,2026-09-07 07:03:21,0.0857462466648316,0,0,0
522,carga4,2026-09-07 07:02:54,2026-09-07 07:03:24,0.08227869825176243,0,0,0
523,carga4,2026-09-07 07:02:57,2026-09-07 07:03:27,0.09216145653830105,0,0,0
524,carga4,2026-09-07 07:03:00,2026-09-07 07:03:31,0.08954388651414968,0,0,0
525,carga4,2026-09-07 07:03:04,2026-09-07 07:03:34,0.093879036185398,0,0,0
526,carga4,2026-09-07 07:03:08,2026-09-07 07:03:37,0.0884866371484429,0,0,0
527,carga4,2026-09-07 07:03:11,2026-09-07 07:03:41,0.09601794508347661,0,0,0
528,carga4,2026-09-07 07:03:14,2026-09-07 07:03:43,0.09452578101720804,0,0,0
529,carga4,2026-09-07 07:03:17,2026-09-07 07:03:47,0.09829781093272444,0,0,0
530,carga4,2026-09-07 07:03:21,2026-09-07 07:03:50,0.09936871083457766,0,0,0
531,carga4,2026-09-07 07:03:24,2026-09-07 07:03:53,0.10836301737985715,0,0,0
532,carga4,2026-09-07 07:03:27,2026-09-07 07:03:56,0.10982777366634638,0,0,0
533,carga4,2026-09-07 07:03:31,2026-09-07 07:03:59,0.09427635918629307,0,0,0
534,carga4,2026-09-07 07:03:34,2026-09-07 07:04:02,0.1049927577435652,0,0,0
535,carga4,2026-09-07 07:03:37,2026-09-07 07:04:05,0.1159107941848802,0,0,0
536,carga4,2026-09-07 07:03:41,2026-09-07 07:04:09,0.11789108785314473,0,0,0
537,carga4,2026-09-07 07:03:43,2026-09-07 07:04:12,0.10804806255426758,0,0,0
538,carga4,2026-09-07 07:03:47,2026-09-07 07:04:15,0.10319887005032952,0,0,0
539,carga4,2026-09-07 07:03:50,2026-09-07 07:04:18,0.0919214317911689,0,0,0
540,carga4,2026-09-07 07:03:53,2026-09-07 07:04:21,0.09621188513861806,0,0,0
541,carga4,2026-09-07 07:03:56,2026-09-07 07:04:24,0.10574120426118805,0,0,0
542,carga4,2026-09-07 07:03:59,2026-09-07 07:04:28,0.12267290326425306,0,0,0
543,carga4,2026-09-07 07:04:02,2026-09-07 07:04:31,0.10058533519351437,0,0,0
544,carga4,2026-09-07 07:04:05,2026-09-07 07:04:34,0.10363254394810817,0,0,0
545,carga4,2026-09-07 07:04:09,2026-09-07 07:04:38,0.09005013049294647,0,0,0
546,carga4,2026-09-07 07:04:12,2026-09-07 07:04:41,0.097774223905499,0,0,0
547,carga4,2026-09-07 07:04:15,2026-09-07 07:04:44,0.08727521372071273,0,0,0
548,carga4,2026-09-07 07:04:18,2026-09-07 07:04:47,0.10657690856753854,0,0,0
549,carga4,2026-09-07 07:04:21,2026-09-07 07:04:51,0.10525369357637593,0,0,0
550,carga4,2026-09-07 07:04:24,2026-09-07 07:04:53,0.09134883765613083,0,0,0
551,carga4,2026-09-07 07:04:28,2026-09-07 07:04:56,0.10156522127140538,0,0,0
552,carga4,2026-09-07 07:04:31,2026-09-07 07:05:00,0.09829625403745368,0,0,0
553,carga4,2026-09-07 07:04:34,2026-09-07 07:05:02,0.10000165715778014,0,0,0
554,carga4,2026-09-07 07:04:38,2026-09-07 07:05:05,0.10333450448308673,0,0,0
555,carga4,2026-09-07 07:04:41,2026-09-07 07:05:09,0.09661673600070397,0,0,0
556,carga4,2026-09-07 07:04:44,2026-09-07 07:05:12,0.06868145119742464,0,0,0
557,carga4,2026-09-07 07:04:47,2026-09-07 07:05:15,0.057358942636584254,0,0,0
558,carga4,2026-09-07 07:04:51,2026-09-07 07:05:19,0.055618448385182595,0,0,0
559,carga4,2026-09-07 07:04:53,2026-09-07 07:05:22,0.05428459474687358,0,0,0
560,carga4,2026-09-07 07:04:56,2026-09-07 07:05:25,0.06653492281567774,0,0,0
561,carga4,2026-09-07 07:05:00,2026-09-07 07:05:28,0.07791865873896581,0,0,0
562,carga4,2026-09-07 07:05:02,2026-09-07 07:05:32,0.06310422686835315,0,0,0
563,carga4,2026-09-07 07:05:05,2026-09-07 07:05:35,0.06690154337856213,0,0,0
564,carga4,2026-09-07 07:05:09,2026-09-07 07:05:38,0.05340315973082427,0,0,0
565,carga4,2026-09-07 07:05:12,2026-09-07 07:05:41,0.08399020332395674,0,0,0
566,carga4,2026-09-07 07:05:15,2026-09-07 07:05:44,0.10007628732199275,0,0,0
567,carga4,2026-09-07 07:05:19,2026-09-07 07:05:47,0.11395510651232671,0,0,0
568,carga4,2026-09-07 07:05:22,2026-09-07 07:05:50,0.11932861980522325,0,0,0
569,carga4,2026-09-07 07:05:25,2026-09-07 07:05:53,0.11874878964249808,0,0,0
570,carga4,2026-09-07 07:05:28,2026-09-07 07:05:56,0.11720412100447508,0,0,0
571,carga4,2026-09-07 07:05:32,2026-09-07 07:05:59,0.12314075553162485,0,0,0
572,carga4,2026-09-07 07:05:35,2026-09-07 07:06:02,0.11546292122949398,0,0,0
573,carga4,2026-09-07 07:05:38,2026-09-07 07:06:05,0.11676653401375658,0,0,0
574,carga5,2026-09-11 10:39:17,2026-09-11 10:40:06,-0.03658173266415299,1,0,0
575,carga5,2026-09-11 10:39:25,2026-09-11 10:40:12,-0.015268329921007351,1,0,0
576,carga5,2026-09-11 10:39:30,2026-09-11 10:40:17,-0.03133558359433153,1,0,0
577,carga5,2026-09-11 10:39:35,2026-09-11 10:40:22,-0.024619768481722204,1,0,0
578,carga5,2026-09-11 10:39:40,2026-09-11 10:40:27,-0.04805785468652113,1,0,0
579,carga5,2026-09-11 10:39:46,2026-09-11 10:40:33,-0.02650920643901422,1,0,0
580,carga5,2026-09-11 10:39:51,2026-09-11 10:40:38,-0.03237760513677945,1,0,0
581,carga5,2026-09-11 10:39:56,2026-09-11 10:40:43,-0.02683863622268723,1,0,0
582,carga5,2026-09-11 10:40:01,2026-09-11 10:40:48,-0.02570741145265676,1,0,0
583,carga5,2026-09-11 10:40:06,2026-09-11 10:40:53,-0.033973606893525576,1,0,0
584,carga5,2026-09-11 10:40:12,2026-09-11 10:40:59,-0.04421904423534462,1,0,0
585,carga5,2026-09-11 10:40:17,2026-09-11 10:41:04,-0.03871772351401692,1,0,0
586,carga5,2026-09-11 10:40:22,2026-09-11 10:41:09,-0.034082205936512566,1,0,0
587,carga5,2026-09-11 10:40:27,2026-09-11 10:41:14,-0.03079472599674571,1,0,0
588,carga5,2026-09-11 10:40:33,2026-09-11 10:41:19,-0.03376855159554448,1,0,0
589,carga5,2026-09-11 10:40:38,2026-09-11 10:41:25,-0.039336108438573714,1,0,0
590,carga5,2026-09-11 10:40:43,2026-09-11 10:41:31,-0.031116710724326757,1,0,0
591,carga5,2026-09-11 10:40:48,2026-09-11 10:41:38,-0.06827726112469834,1,0,0
592,carga5,2026-09-11 10:40:53,2026-09-11 10:41:43,-0.04646699408911603,1,0,0
593,carga5,2026-09-11 10:40:59,2026-09-11 10:41:48,-0.04288494518679864,1,0,0
594,carga5,2026-09-11 10:41:04,2026-09-11 10:41:54,-0.04343232497462757,1,0,0
595,carga5,2026-09-11 10:41:09,2026-09-11 10:41:59,-0.0556890470147936,1,0,0
596,carga5,2026-09-11 10:41:14,2026-09-11 10:42:04,-0.0424721337565972,1,0,0
597,carga5,2026-09-11 10:41:19,2026-09-11 10:42:09,-0.05036218755190769,1,0,0
598,carga5,2026-09-11 10:41:25,2026-09-11 10:42:15,-0.03316354873381022,1,0,0
599,carga5,2026-09-11 10:41:31,2026-09-11 10:42:20,-0.04550158370261914,1,0,0
600,carga5,2026-09-11 10:41:38,2026-09-11 10:42:25,-0.02903905613387847,1,0,0
601,carga7,2026-09-11 03:03:22,2026-09-11 03:04:10,-0.11833285279867045,1,1,0
602,carga7,2026-09-11 03:03:28,2026-09-11 03:04:15,-0.09398890675730909,1,1,0
603,carga7,2026-09-11 03:03:33,2026-09-11 03:04:20,-0.0922588668735368,1,1,0
604,carga7,2026-09-11 03:03:38,2026-09-11 03:04:26,-0.09395919430409594,1,1,0
605,carga7,2026-09-11 03:03:44,2026-09-11 03:04:31,-0.08569361322191438,1,1,0
606,carga7,2026-09-11 03:03:49,2026-09-11 03:04:36,-0.09580161301442824,1,1,0
607,carga7,2026-09-11 03:03:54,2026-09-11 03:04:42,-0.09409341029491614,1,1,0
608,carga7,2026-09-11 03:03:59,2026-09-11 03:04:47,-0.09237067632981677,1,1,0
609,carga7,2026-09-11 03:04:05,2026-09-11 03:04:52,-0.10329228609611207,1,1,0
610,carga7,2026-09-11 03:04:10,2026-09-11 03:04:57,-0.09706066057737017,1,1,0
611,run1,2026-09-04 05:01:46,2026-09-04 05:03:55,0.034046720991608215,0,0,0
612,run1,2026-09-04 05:01:57,2026-09-04 05:04:10,0.04385891976317202,0,0,0
613,run1,2026-09-04 05:02:09,2026-09-04 05:04:25,0.06820123675104328,0,0,0
614,run1,2026-09-04 05:02:24,2026-09-04 05:04:41,0.0689853308617423,0,0,0
615,run1,2026-09-04 05:02:39,2026-09-04 05:04:56,0.05715934509971099,0,0,0
616,run1,2026-09-04 05:02:54,2026-09-04 05:05:11,0.06522091437881988,0,0,0
617,run1,2026-09-04 05:03:09,2026-09-04 05:05:26,0.06029495156491599,0,0,0
618,run1,2026-09-04 05:03:25,2026-09-04 05:05:41,0.06850921049993186,0,0,0
619,run1,2026-09-04 05:03:40,2026-09-04 05:05:57,0.07550810366940269,0,0,0
620,run1,2026-09-04 05:03:55,2026-09-04 05:06:12,0.08499709212789042,0,0,0
621,run1,2026-09-04 05:04:10,2026-09-04 05:06:27,0.09847132273533754,0,0,0
622,run1,2026-09-04 05:04:25,2026-09-04 05:06:42,0.10618848947910964,0,0,0
623,run1,2026-09-04 05:04:41,2026-09-04 05:06:57,0.09011783272148077,0,0,0
624,run1,2026-09-04 05:04:56,2026-09-04 05:07:12,0.07867223930007866,0,0,0
625,run1,2026-09-04 05:05:11,2026-09-04 05:07:28,0.08998504623506798,0,0,0
626,run1,2026-09-04 05:05:26,2026-09-04 05:07:43,0.08922524689146888,0,0,0
627,run1,2026-09-04 05:05:41,2026-09-04 05:07:58,0.09280104096872627,0,0,0
628,run1,2026-09-04 05:05:57,2026-09-04 05:08:13,0.09698250825407773,0,0,0
629,run1,2026-09-04 05:06:12,2026-09-04 05:08:28,0.09737259298709344,0,0,0
630,run1,2026-09-04 05:06:27,2026-09-04 05:08:43,0.10227111351280155,0,0,0
631,run1,2026-09-04 05:06:42,2026-09-04 05:08:59,0.09802988155074033,0,0,0
632,run1,2026-09-04 05:06:57,2026-09-04 05:09:14,0.09891142293803123,0,0,0
633,run1,2026-09-04 05:07:12,2026-09-04 05:09:29,0.10192726667578722,0,0,0
634,run1,2026-09-04 05:07:28,2026-09-04 05:09:44,0.10891919545601741,0,0,0
635,run1,2026-09-04 05:07:43,2026-09-04 05:09:59,0.10434278307327227,0,0,0
636,run1,2026-09-04 05:07:58,2026-09-04 05:10:14,0.1150231959936237,0,0,0
637,run1,2026-09-04 05:08:13,2026-09-04 05:10:30,0.10809556167439266,0,0,0
638,run1,2026-09-04 05:08:28,2026-09-04 05:10:45,0.10235138103992392,0,0,0
639,run1,2026-09-04 05:08:43,2026-09-04 05:11:00,0.10077753422962105,0,0,0
640,run1,2026-09-04 05:08:59,2026-09-04 05:11:15,0.11326921358699094,0,0,0
641,run1,2026-09-04 05:09:14,2026-09-04 05:11:30,0.1059199946069016,0,0,0
642,run1,2026-09-04 05:09:29,2026-09-04 05:11:46,0.11559060445581854,0,0,0
643,run1,2026-09-04 05:09:44,2026-09-04 05:12:01,0.10482236092672326,0,0,0
644,run1,2026-09-04 05:09:59,2026-09-04 05:12:16,0.11377872278854972,0,0,0
645,run1,2026-09-04 05:10:14,2026-09-04 05:12:31,0.10954731677820845,0,0,0
646,run1,2026-09-04 05:10:30,2026-09-04 05:12:46,0.1162135950956873,0,0,0
647,run1,2026-09-04 05:10:45,2026-09-04 05:13:01,0.10789275992531361,0,0,0
648,run1,2026-09-04 05:11:00,2026-09-04 05:13:17,0.12022857423997996,0,0,0
649,run1,2026-09-04 05:11:15,2026-09-04 05:13:32,0.11693913379960497,0,0,0
650,run1,2026-09-04 05:11:30,2026-09-04 05:13:47,0.12017619346589198,0,0,0
651,run1,2026-09-04 05:11:46,2026-09-04 05:14:02,0.1133966952647637,0,0,0
652,run1,2026-09-04 05:12:01,2026-09-04 05:14:17,0.1197262243088219,0,0,0
653,run1,2026-09-04 05:12:16,2026-09-04 05:14:32,0.11748983851860512,0,0,0
654,run1,2026-09-04 05:12:31,2026-09-04 05:14:48,0.11130719554789048,0,0,0
655,run1,2026-09-04 05:12:46,2026-09-04 05:15:03,0.11120598075870375,0,0,0
656,run1,2026-09-04 05:13:01,2026-09-04 05:15:18,0.10724365628039134,0,0,0
657,run1,2026-09-04 05:13:17,2026-09-04 05:15:33,0.10167365041801385,0,0,0
658,run1,2026-09-04 05:13:32,2026-09-04 05:15:48,0.11153955169404794,0,0,0
659,run1,2026-09-04 05:13:47,2026-09-04 05:16:03,0.10631802696847847,0,0,0
660,run1,2026-09-04 05:14:02,2026-09-04 05:16:19,0.1161353796194381,0,0,0
661,run1,2026-09-04 05:14:17,2026-09-04 05:16:34,0.10692736240078266,0,0,0
662,run1,2026-09-04 05:14:32,2026-09-04 05:16:49,0.11851153815643012,0,0,0
663,run1,2026-09-04 05:14:48,2026-09-04 05:17:04,0.10641269027539219,0,0,0
664,run2,2026-09-07 04:26:22,2026-09-07 04:28:35,0.0024555502220093284,1,0,0
665,run2,2026-09-07 04:26:33,2026-09-07 04:28:53,0.03486910599456988,0,0,0
666,run2,2026-09-07 04:26:48,2026-09-07 04:29:08,0.04449286924355217,0,0,0
667,run2,2026-09-07 04:27:04,2026-09-07 04:29:27,0.03373101455751237,0,0,0
668,run2,2026-09-07 04:27:19,2026-09-07 04:29:43,0.0500556875257695,0,0,0
669,run2,2026-09-07 04:27:34,2026-09-07 04:29:59,0.04800590897707652,0,0,0
670,run2,2026-09-07 04:27:49,2026-09-07 04:30:14,0.03046437719538503,0,0,0
671,run2,2026-09-07 04:28:05,2026-09-07 04:30:31,0.017239587645067722,1,0,0
672,run2,2026-09-07 04:28:20,2026-09-07 04:30:46,0.0003910970189955898,1,0,0
673,run3,2026-09-07 04:33:00,2026-09-07 04:35:13,0.057738561095481256,0,0,0
674,run3,2026-09-07 04:33:10,2026-09-07 04:35:28,0.06286925360847284,0,0,0
675,run3,2026-09-07 04:33:26,2026-09-07 04:35:43,0.05756660908075545,0,0,0
676,run3,2026-09-07 04:33:41,2026-09-07 04:35:58,0.06836009302804313,0,0,0
677,run3,2026-09-07 04:33:57,2026-09-07 04:36:14,0.08284997180002873,0,0,0
678,run3,2026-09-07 04:34:12,2026-09-07 04:36:29,0.08682263260612699,0,0,0
679,run3,2026-09-07 04:34:27,2026-09-07 04:36:44,0.09713454231607749,0,0,0
680,run3,2026-09-07 04:34:42,2026-09-07 04:36:59,0.09536662442998739,0,0,0
681,run3,2026-09-07 04:34:58,2026-09-07 04:37:14,0.1021999589139535,0,0,0
682,run3,2026-09-07 04:35:13,2026-09-07 04:37:30,0.08473342195542599,0,0,0
683,run3,2026-09-07 04:35:28,2026-09-07 04:37:45,0.07216889903043577,0,0,0
684,run3,2026-09-07 04:35:43,2026-09-07 04:38:00,0.08182151563450407,0,0,0
685,run3,2026-09-07 04:35:58,2026-09-07 04:38:15,0.08327967669258607,0,0,0
686,run3,2026-09-07 04:36:14,2026-09-07 04:38:30,0.09075549046944231,0,0,0
687,run3,2026-09-07 04:36:29,2026-09-07 04:38:46,0.08012628456694693,0,0,0
688,run3,2026-09-07 04:36:44,2026-09-07 04:39:01,0.0904698089279129,0,0,0
689,run3,2026-09-07 04:36:59,2026-09-07 04:39:16,0.08940875869979825,0,0,0
690,run3,2026-09-07 04:37:14,2026-09-07 04:39:31,0.09240567186635162,0,0,0
691,run3,2026-09-07 04:37:30,2026-09-07 04:39:46,0.08343480169512862,0,0,0
692,run3,2026-09-07 04:37:45,2026-09-07 04:40:02,0.10024611819526219,0,0,0
693,run3,2026-09-07 04:38:00,2026-09-07 04:40:17,0.09366814820921965,0,0,0
694,run3,2026-09-07 04:38:15,2026-09-07 04:40:32,0.08751981582015889,0,0,0
695,run3,2026-09-07 04:38:30,2026-09-07 04:40:47,0.08553451298077969,0,0,0
696,run3,2026-09-07 04:38:46,2026-09-07 04:41:02,0.06991834690191123,0,0,0
697,run3,2026-09-07 04:39:01,2026-09-07 04:41:17,0.08795543128799538,0,0,0
698,run3,2026-09-07 04:39:16,2026-09-07 04:41:33,0.08148689352457711,0,0,0
699,run3,2026-09-07 04:39:31,2026-09-07 04:41:48,0.08901750808102804,0,0,0
700,run3,2026-09-07 04:39:46,2026-09-07 04:42:03,0.09070312647562984,0,0,0
701,run3,2026-09-07 04:40:02,2026-09-07 04:42:18,0.08260295838509779,0,0,0
702,run3,2026-09-07 04:40:17,2026-09-07 04:42:33,0.09126308604599903,0,0,0
703,run3,2026-09-07 04:40:32,2026-09-07 04:42:48,0.09073520527505785,0,0,0
704,run3,2026-09-07 04:40:47,2026-09-07 04:43:04,0.09067709297017196,0,0,0
705,run4,2026-09-07 05:07:11,2026-09-07 05:07:30,0.044987746187808375,0,0,0
706,run4,2026-09-07 05:07:12,2026-09-07 05:07:31,0.04544518953808557,0,0,0
707,run4,2026-09-07 05:07:13,2026-09-07 05:07:32,0.044620728691016964,0,0,0
708,run4,2026-09-07 05:07:14,2026-09-07 05:07:33,0.07760921922834207,0,0,0
709,run4,2026-09-07 05:07:16,2026-09-07 05:07:35,0.07158032319031271,0,0,0
710,run4,2026-09-07 05:07:18,2026-09-07 05:07:36,0.10009958044507111,0,0,0
711,run4,2026-09-07 05:07:26,2026-09-07 05:07:37,0.09784753354882242,0,0,0
712,run4,2026-09-07 05:07:28,2026-09-07 05:07:38,0.09873021507494034,0,0,0
713,run4,2026-09-07 05:07:29,2026-09-07 05:07:39,0.1279846376218744,0,0,0
714,run4,2026-09-07 05:07:30,2026-09-07 05:07:44,0.11653168668969138,0,0,0
715,run4,2026-09-07 05:07:31,2026-09-07 05:07:46,0.12264012738976621,0,0,0
716,run4,2026-09-07 05:07:32,2026-09-07 05:07:50,0.1238026948637429,0,0,0
717,run4,2026-09-07 05:07:33,2026-09-07 05:07:51,0.11174694363393384,0,0,0
718,run4,2026-09-07 05:07:35,2026-09-07 05:07:54,0.09888391686602638,0,0,0
719,run4,2026-09-07 05:07:36,2026-09-07 05:07:55,0.10995841738728801,0,0,0
720,run4,2026-09-07 05:07:37,2026-09-07 05:07:58,0.10934546603094131,0,0,0
721,run4,2026-09-07 05:07:38,2026-09-07 05:07:59,0.096018162874133,0,0,0
722,run4,2026-09-07 05:07:39,2026-09-07 05:08:00,0.11567477233110746,0,0,0
723,run4,2026-09-07 05:07:44,2026-09-07 05:08:01,0.09507749823634537,0,0,0
724,run4,2026-09-07 05:07:46,2026-09-07 05:08:02,0.10828786862874001,0,0,0
725,run4,2026-09-07 05:07:50,2026-09-07 05:08:03,0.09946793997459408,0,0,0
726,run4,2026-09-07 05:07:51,2026-09-07 05:08:05,0.09642839165022321,0,0,0
727,run4,2026-09-07 05:07:54,2026-09-07 05:08:06,0.1071345696605589,0,0,0
728,run4,2026-09-07 05:07:55,2026-09-07 05:08:07,0.10782200626179816,0,0,0
729,run4,2026-09-07 05:07:58,2026-09-07 05:08:08,0.08425708675464016,0,0,0
730,run4,2026-09-07 05:07:59,2026-09-07 05:08:09,0.08470912585656454,0,0,0
731,run4,2026-09-07 05:08:00,2026-09-07 05:08:10,0.10139764014807418,0,0,0
732,run4,2026-09-07 05:08:01,2026-09-07 05:08:11,0.10963861650014883,0,0,0
733,run4,2026-09-07 05:08:02,2026-09-07 05:08:12,0.1181480840647875,0,0,0
734,run4,2026-09-07 05:08:03,2026-09-07 05:08:13,0.10428144306439979,0,0,0
735,run4,2026-09-07 05:08:05,2026-09-07 05:08:15,0.11334879564245437,0,0,0
736,run4,2026-09-07 05:08:06,2026-09-07 05:08:16,0.11757515341459679,0,0,0
737,run4,2026-09-07 05:08:07,2026-09-07 05:08:22,0.11427907042731994,0,0,0
738,run4,2026-09-07 05:08:08,2026-09-07 05:08:27,0.09408810968291564,0,0,0
739,run4,2026-09-07 05:08:09,2026-09-07 05:08:28,0.12408105763304672,0,0,0
740,run4,2026-09-07 05:08:10,2026-09-07 05:08:29,0.11581128316922834,0,0,0
741,run4,2026-09-07 05:08:11,2026-09-07 05:08:30,0.1059887734788948,0,0,0
742,run4,2026-09-07 05:08:12,2026-09-07 05:08:31,0.09946372277421722,0,0,0
743,run4,2026-09-07 05:08:13,2026-09-07 05:08:32,0.10007302895390152,0,0,0
744,run4,2026-09-07 05:08:15,2026-09-07 05:08:34,0.11406842429720637,0,0,0
745,run4,2026-09-07 05:08:16,2026-09-07 05:08:35,0.11247901783708597,0,0,0
746,run4,2026-09-07 05:08:22,2026-09-07 05:08:36,0.12041887548910823,0,0,0
747,run4,2026-09-07 05:08:27,2026-09-07 05:08:37,0.12417459724968749,0,0,0
748,run4,2026-09-07 05:08:28,2026-09-07 05:08:38,0.1339894262280112,0,0,0
749,run4,2026-09-07 05:08:29,2026-09-07 05:08:39,0.13655946427178722,0,0,0
750,run4,2026-09-07 05:08:30,2026-09-07 05:08:41,0.1346919251417394,0,0,0
751,run4,2026-09-07 05:08:31,2026-09-07 05:08:42,0.13926954108446116,0,0,0
752,run4,2026-09-07 05:08:32,2026-09-07 05:08:43,0.13848099524854957,0,0,0
753,run4,2026-09-07 05:08:34,2026-09-07 05:08:44,0.14227289795571807,0,0,0
754,run4,2026-09-07 05:08:35,2026-09-07 05:08:45,0.13631056322973512,0,0,0
755,run4,2026-09-07 05:08:36,2026-09-07 05:08:46,0.13332005615272802,0,0,0
756,run4,2026-09-07 05:08:37,2026-09-07 05:08:47,0.13556547710201816,0,0,0
757,run4,2026-09-07 05:08:38,2026-09-07 05:08:49,0.13576078941029263,0,0,0
758,run4,2026-09-07 05:08:39,2026-09-07 05:08:50,0.1376530878135735,0,0,0
759,run4,2026-09-07 05:08:41,2026-09-07 05:08:51,0.1348307549069433,0,0,0
760,run4,2026-09-07 05:08:42,2026-09-07 05:08:52,0.13882425605981302,0,0,0
761,run4,2026-09-07 05:08:43,2026-09-07 05:08:53,0.1330694781596955,0,0,0
762,run4,2026-09-07 05:08:44,2026-09-07 05:08:54,0.14287068750378812,0,0,0
763,run4,2026-09-07 05:08:45,2026-09-07 05:08:56,0.1397799821223631,0,0,0
764,run4,2026-09-07 05:08:46,2026-09-07 05:08:57,0.1409077222031923,0,0,0
765,run4,2026-09-07 05:08:47,2026-09-07 05:08:58,0.14438689481821648,0,0,0
766,run4,2026-09-07 05:08:49,2026-09-07 05:08:59,0.14151748696524685,0,0,0
767,run4,2026-09-07 05:08:50,2026-09-07 05:09:00,0.140668665656079,0,0,0
768,run4,2026-09-07 05:08:51,2026-09-07 05:09:01,0.14134528203935254,0,0,0
769,run4,2026-09-07 05:08:52,2026-09-07 05:09:03,0.12474436958120988,0,0,0
770,run4,2026-09-07 05:08:53,2026-09-07 05:09:04,0.13958418829851654,0,0,0
771,run4,2026-09-07 05:08:54,2026-09-07 05:09:05,0.13092114524094245,0,0,0
772,run4,2026-09-07 05:08:56,2026-09-07 05:09:06,0.13629071857349234,0,0,0
773,run4,2026-09-07 05:08:57,2026-09-07 05:09:07,0.14334938736510405,0,0,0
774,run4,2026-09-07 05:08:58,2026-09-07 05:09:08,0.137617966251543,0,0,0
775,run4,2026-09-07 05:08:59,2026-09-07 05:09:10,0.1380215143060292,0,0,0
776,run4,2026-09-07 05:09:00,2026-09-07 05:09:11,0.1441737908668112,0,0,0
777,run4,2026-09-07 05:09:01,2026-09-07 05:09:12,0.1470294466546918,0,0,0
778,run4,2026-09-07 05:09:03,2026-09-07 05:09:13,0.14713397165564185,0,0,0
779,run4,2026-09-07 05:09:04,2026-09-07 05:09:14,0.14422476468519946,0,0,0
780,run4,2026-09-07 05:09:05,2026-09-07 05:09:15,0.15067125767193196,0,0,0
781,run4,2026-09-07 05:09:06,2026-09-07 05:09:17,0.14616346957816678,0,0,0
782,run4,2026-09-07 05:09:07,2026-09-07 05:09:18,0.146282943430197,0,0,0
783,run4,2026-09-07 05:09:08,2026-09-07 05:09:19,0.1486401641496144,0,0,0
784,run4,2026-09-07 05:09:10,2026-09-07 05:09:20,0.14658001112582164,0,0,0
785,run4,2026-09-07 05:09:11,2026-09-07 05:09:21,0.14668250098537594,0,0,0
786,run4,2026-09-07 05:09:12,2026-09-07 05:09:23,0.1519052768117935,0,0,0
787,run4,2026-09-07 05:09:13,2026-09-07 05:09:24,0.14605885298523397,0,0,0
788,run4,2026-09-07 05:09:14,2026-09-07 05:09:25,0.14926421892098346,0,0,0
789,run4,2026-09-07 05:09:15,2026-09-07 05:09:26,0.14317108693544311,0,0,0
790,run4,2026-09-07 05:09:17,2026-09-07 05:09:27,0.14836762426451716,0,0,0
791,run4,2026-09-07 05:09:18,2026-09-07 05:09:28,0.14361632962048065,0,0,0
792,run4,2026-09-07 05:09:19,2026-09-07 05:09:29,0.14879910901408927,0,0,0
793,run4,2026-09-07 05:09:20,2026-09-07 05:09:31,0.14633490688645395,0,0,0
794,run4,2026-09-07 05:09:21,2026-09-07 05:09:32,0.147176135279535,0,0,0
795,run4,2026-09-07 05:09:23,2026-09-07 05:09:33,0.14474794209517977,0,0,0
796,run4,2026-09-07 05:09:24,2026-09-07 05:09:34,0.1451672317630081,0,0,0
797,run4,2026-09-07 05:09:25,2026-09-07 05:09:35,0.14703836253578628,0,0,0
798,run4,2026-09-07 05:09:26,2026-09-07 05:09:37,0.15013705400226185,0,0,0
799,run4,2026-09-07 05:09:27,2026-09-07 05:09:38,0.1499948687417672,0,0,0
800,run4,2026-09-07 05:09:28,2026-09-07 05:09:39,0.14663732914434574,0,0,0
801,run4,2026-09-07 05:09:29,2026-09-07 05:09:40,0.15127464889282327,0,0,0
802,run4,2026-09-07 05:09:31,2026-09-07 05:09:41,0.15017154910986846,0,0,0
803,run4,2026-09-07 05:09:32,2026-09-07 05:09:42,0.15048448531274922,0,0,0
804,run4,2026-09-07 05:09:33,2026-09-07 05:09:44,0.1450935233035362,0,0,0
805,run4,2026-09-07 05:09:34,2026-09-07 05:09:45,0.14959364646763446,0,0,0
806,run4,2026-09-07 05:09:35,2026-09-07 05:09:46,0.1421577821616241,0,0,0
807,run4,2026-09-07 05:09:37,2026-09-07 05:09:47,0.1453037687445713,0,0,0
808,run4,2026-09-07 05:09:38,2026-09-07 05:09:48,0.14566712571264578,0,0,0
809,run4,2026-09-07 05:09:39,2026-09-07 05:09:50,0.13911957420039556,0,0,0
810,run4,2026-09-07 05:09:40,2026-09-07 05:09:51,0.1513292160899954,0,0,0
811,run4,2026-09-07 05:09:41,2026-09-07 05:09:52,0.14267874544221176,0,0,0
812,run4,2026-09-07 05:09:42,2026-09-07 05:09:53,0.1401505513818856,0,0,0
813,run4,2026-09-07 05:09:44,2026-09-07 05:09:57,0.140234983878273,0,0,0
814,run4,2026-09-07 05:09:45,2026-09-07 05:09:58,0.14074129070410124,0,0,0
815,run4,2026-09-07 05:09:46,2026-09-07 05:10:04,0.12644292582638794,0,0,0
816,run4,2026-09-07 05:09:47,2026-09-07 05:10:06,0.11194532971617743,0,0,0
817,run4,2026-09-07 05:09:48,2026-09-07 05:10:07,0.10979927148035057,0,0,0
818,run4,2026-09-07 05:09:50,2026-09-07 05:10:10,0.11609846454556505,0,0,0
819,run4,2026-09-07 05:09:51,2026-09-07 05:10:11,0.10829225524469976,0,0,0
820,run4,2026-09-07 05:09:52,2026-09-07 05:10:12,0.10062684363086333,0,0,0
821,run4,2026-09-07 05:09:53,2026-09-07 05:10:15,0.08830611602900146,0,0,0
822,run4,2026-09-07 05:09:57,2026-09-07 05:10:16,0.09529060735426015,0,0,0
823,run4,2026-09-07 05:09:58,2026-09-07 05:10:17,0.07950211487988373,0,0,0
824,run4,2026-09-07 05:10:04,2026-09-07 05:10:20,0.09995144571221387,0,0,0
825,run4,2026-09-07 05:10:06,2026-09-07 05:10:21,0.10231687866205635,0,0,0
826,run4,2026-09-07 05:10:07,2026-09-07 05:10:22,0.09444800690260624,0,0,0
827,run4,2026-09-07 05:10:10,2026-09-07 05:10:23,0.0966240955047099,0,0,0
828,run4,2026-09-07 05:10:11,2026-09-07 05:10:26,0.10793297186311301,0,0,0
829,run4,2026-09-07 05:10:12,2026-09-07 05:10:27,0.09388583885272622,0,0,0
830,run4,2026-09-07 05:10:15,2026-09-07 05:10:29,0.10561715426172447,0,0,0
831,run4,2026-09-07 05:10:16,2026-09-07 05:10:31,0.11937192988035045,0,0,0
832,run4,2026-09-07 05:10:17,2026-09-07 05:10:32,0.11483264932607118,0,0,0
833,run4,2026-09-07 05:10:20,2026-09-07 05:10:33,0.12454186271734935,0,0,0
834,run4,2026-09-07 05:10:21,2026-09-07 05:10:34,0.13594697743492884,0,0,0
835,run4,2026-09-07 05:10:22,2026-09-07 05:10:39,0.12899786547607167,0,0,0
836,run4,2026-09-07 05:10:23,2026-09-07 05:10:41,0.12655114780870463,0,0,0
837,run4,2026-09-07 05:10:26,2026-09-07 05:10:42,0.1205009149406609,0,0,0
838,run4,2026-09-07 05:10:27,2026-09-07 05:10:43,0.10584183401380182,0,0,0
839,run4,2026-09-07 05:10:29,2026-09-07 05:10:44,0.10554304768075473,0,0,0
840,run4,2026-09-07 05:10:31,2026-09-07 05:10:45,0.12901059047730584,0,0,0
841,run4,2026-09-07 05:10:32,2026-09-07 05:10:47,0.11662970675194395,0,0,0
842,run4,2026-09-07 05:10:33,2026-09-07 05:10:55,0.1173546300554274,0,0,0
843,run4,2026-09-07 05:10:34,2026-09-07 05:10:58,0.11722089370261224,0,0,0
844,run4,2026-09-07 05:10:39,2026-09-07 05:10:59,0.11897281489756595,0,0,0
845,run4,2026-09-07 05:10:41,2026-09-07 05:11:00,0.12391717482572934,0,0,0
846,run4,2026-09-07 05:10:42,2026-09-07 05:11:01,0.11998321583001603,0,0,0
847,run4,2026-09-07 05:10:43,2026-09-07 05:11:02,0.1206464042479986,0,0,0
848,run4,2026-09-07 05:10:44,2026-09-07 05:11:03,0.1174566822236629,0,0,0
849,run4,2026-09-07 05:10:45,2026-09-07 05:11:05,0.12961343960067206,0,0,0
850,run4,2026-09-07 05:10:47,2026-09-07 05:11:06,0.13927575420462207,0,0,0
851,run4,2026-09-07 05:10:55,2026-09-07 05:11:07,0.12821780385761494,0,0,0
852,run4,2026-09-07 05:10:58,2026-09-07 05:11:08,0.1347774906680259,0,0,0
853,run4,2026-09-07 05:10:59,2026-09-07 05:11:09,0.120939125691158,0,0,0
854,run4,2026-09-07 05:11:00,2026-09-07 05:11:11,0.12635258294156082,0,0,0
855,run4,2026-09-07 05:11:01,2026-09-07 05:11:12,0.14469062116473153,0,0,0
856,run4,2026-09-07 05:11:02,2026-09-07 05:11:13,0.14381525395891487,0,0,0
857,run4,2026-09-07 05:11:03,2026-09-07 05:11:14,0.13838438275281972,0,0,0
858,run4,2026-09-07 05:11:05,2026-09-07 05:11:15,0.14093001477151368,0,0,0
859,run4,2026-09-07 05:11:06,2026-09-07 05:11:16,0.1499933258312096,0,0,0
860,run4,2026-09-07 05:11:07,2026-09-07 05:11:18,0.1418347666223917,0,0,0
861,run4,2026-09-07 05:11:08,2026-09-07 05:11:19,0.14976415814166721,0,0,0
862,run4,2026-09-07 05:11:09,2026-09-07 05:11:20,0.1500784723290054,0,0,0
863,run4,2026-09-07 05:11:11,2026-09-07 05:11:21,0.1513944151352562,0,0,0
864,run4,2026-09-07 05:11:12,2026-09-07 05:11:22,0.15479410595686222,0,0,0
865,run4,2026-09-07 05:11:13,2026-09-07 05:11:24,0.15348359489014923,0,0,0
866,run4,2026-09-07 05:11:14,2026-09-07 05:11:25,0.15280641812703077,0,0,0
867,run4,2026-09-07 05:11:15,2026-09-07 05:11:26,0.14937717560704517,0,0,0
868,run4,2026-09-07 05:11:16,2026-09-07 05:11:27,0.15579906698763096,0,0,0
869,run4,2026-09-07 05:11:18,2026-09-07 05:11:28,0.15666690115824405,0,0,0
870,run4,2026-09-07 05:11:19,2026-09-07 05:11:31,0.15038764155878653,0,0,0
871,run4,2026-09-07 05:11:20,2026-09-07 05:11:34,0.1430015798936074,0,0,0
872,run4,2026-09-07 05:11:21,2026-09-07 05:11:35,0.15454928223343228,0,0,0
873,run4,2026-09-07 05:11:22,2026-09-07 05:11:40,0.13606025658561688,0,0,0
874,run4,2026-09-07 05:11:24,2026-09-07 05:11:41,0.13251726632596222,0,0,0
875,run4,2026-09-07 05:11:25,2026-09-07 05:11:45,0.13275574757374103,0,0,0
876,run4,2026-09-07 05:11:26,2026-09-07 05:11:49,0.10616606544291363,0,0,0
877,run4,2026-09-07 05:11:27,2026-09-07 05:11:51,0.1103055966398152,0,0,0
878,run4,2026-09-07 05:11:28,2026-09-07 05:11:55,0.0977050374445605,0,0,0
879,run4,2026-09-07 05:11:31,2026-09-07 05:11:57,0.10523206429732751,0,0,0
880,run4,2026-09-07 05:11:34,2026-09-07 05:11:58,0.10929597125347557,0,0,0
881,run4,2026-09-07 05:11:35,2026-09-07 05:11:59,0.1060454169554324,0,0,0
882,run4,2026-09-07 05:11:40,2026-09-07 05:12:00,0.09027894802971653,0,0,0
883,run4,2026-09-07 05:11:41,2026-09-07 05:12:01,0.11772731974191475,0,0,0
884,run4,2026-09-07 05:11:45,2026-09-07 05:12:03,0.12119252605541325,0,0,0
885,run4,2026-09-07 05:11:49,2026-09-07 05:12:04,0.1273518922193148,0,0,0
886,run4,2026-09-07 05:11:51,2026-09-07 05:12:05,0.13153350108149825,0,0,0
887,run4,2026-09-07 05:11:55,2026-09-07 05:12:06,0.14447111539135965,0,0,0
888,run4,2026-09-07 05:11:57,2026-09-07 05:12:07,0.14583540869509198,0,0,0
889,run4,2026-09-07 05:11:58,2026-09-07 05:12:08,0.13798141944872205,0,0,0
890,run4,2026-09-07 05:11:59,2026-09-07 05:12:09,0.14320775995042684,0,0,0
891,run4,2026-09-07 05:12:00,2026-09-07 05:12:11,0.14453509476964221,0,0,0
892,run4,2026-09-07 05:12:01,2026-09-07 05:12:12,0.15364458686075805,0,0,0
893,run4,2026-09-07 05:12:03,2026-09-07 05:12:13,0.15118431102117103,0,0,0
894,run4,2026-09-07 05:12:04,2026-09-07 05:12:14,0.15375405032155492,0,0,0
895,run4,2026-09-07 05:12:05,2026-09-07 05:12:15,0.1519323511512246,0,0,0
896,run4,2026-09-07 05:12:06,2026-09-07 05:12:16,0.1577008460782819,0,0,0
897,run4,2026-09-07 05:12:07,2026-09-07 05:12:18,0.15035173495668996,0,0,0
898,run4,2026-09-07 05:12:08,2026-09-07 05:12:19,0.15020656003235633,0,0,0
899,run4,2026-09-07 05:12:09,2026-09-07 05:12:20,0.1492302954701336,0,0,0
900,run4,2026-09-07 05:12:11,2026-09-07 05:12:21,0.14730350878676962,0,0,0
901,run4,2026-09-07 05:12:12,2026-09-07 05:12:22,0.15499929212372587,0,0,0
902,run4,2026-09-07 05:12:13,2026-09-07 05:12:23,0.14491603157918242,0,0,0
903,run4,2026-09-07 05:12:14,2026-09-07 05:12:25,0.14637016009706838,0,0,0
904,run4,2026-09-07 05:12:15,2026-09-07 05:12:26,0.14041690898358195,0,0,0
905,run4,2026-09-07 05:12:16,2026-09-07 05:12:27,0.1479648695479754,0,0,0
906,run4,2026-09-07 05:12:18,2026-09-07 05:12:28,0.1449193213630297,0,0,0
907,run4,2026-09-07 05:12:19,2026-09-07 05:12:29,0.13649966800473906,0,0,0
908,run4,2026-09-07 05:12:20,2026-09-07 05:12:31,0.1456540669849346,0,0,0
909,run4,2026-09-07 05:12:21,2026-09-07 05:12:32,0.1474988433551559,0,0,0
910,run4,2026-09-07 05:12:22,2026-09-07 05:12:33,0.14079376066825,0,0,0
911,run4,2026-09-07 05:12:23,2026-09-07 05:12:35,0.14085867651118417,0,0,0
912,run4,2026-09-07 05:12:25,2026-09-07 05:12:36,0.13955445280246453,0,0,0
913,run4,2026-09-07 05:12:26,2026-09-07 05:12:39,0.13725192470975095,0,0,0
914,run4,2026-09-07 05:12:27,2026-09-07 05:12:41,0.11989906136802048,0,0,0
915,run4,2026-09-07 05:12:28,2026-09-07 05:12:42,0.12098075555301518,0,0,0
916,run4,2026-09-07 05:12:29,2026-09-07 05:12:47,0.1205208213709556,0,0,0
917,run4,2026-09-07 05:12:31,2026-09-07 05:12:48,0.10536741028692476,0,0,0
918,run4,2026-09-07 05:12:32,2026-09-07 05:12:49,0.10472427347828839,0,0,0
919,run4,2026-09-07 05:12:33,2026-09-07 05:12:50,0.07830889398390573,0,0,0
920,run4,2026-09-07 05:12:35,2026-09-07 05:12:51,0.07837571941531774,0,0,0
921,run4,2026-09-07 05:12:36,2026-09-07 05:12:52,0.08672075243920241,0,0,0
922,run4,2026-09-07 05:12:39,2026-09-07 05:12:54,0.0733943554441438,0,0,0
923,run4,2026-09-07 05:12:41,2026-09-07 05:12:55,0.09589713994706783,0,0,0
924,run4,2026-09-07 05:12:42,2026-09-07 05:12:56,0.05581848502414222,0,0,0
925,run4,2026-09-07 05:12:47,2026-09-07 05:12:57,0.09325610839428783,0,0,0
926,run4,2026-09-07 05:12:48,2026-09-07 05:12:59,0.08265278343040061,0,0,0
927,run4,2026-09-07 05:12:49,2026-09-07 05:13:01,0.0877291741570927,0,0,0
928,run4,2026-09-07 05:12:50,2026-09-07 05:13:08,0.07719487473180398,0,0,0
929,run4,2026-09-07 05:12:51,2026-09-07 05:13:10,0.07626527610647449,0,0,0
930,run4,2026-09-07 05:12:52,2026-09-07 05:13:11,0.10479197574184607,0,0,0
931,run4,2026-09-07 05:12:54,2026-09-07 05:13:12,0.10940200184456406,0,0,0
932,run4,2026-09-07 05:12:55,2026-09-07 05:13:13,0.12942294417281064,0,0,0
933,run4,2026-09-07 05:12:56,2026-09-07 05:13:14,0.12560285792822,0,0,0
934,run4,2026-09-07 05:12:57,2026-09-07 05:13:15,0.13366748157587793,0,0,0
935,run4,2026-09-07 05:12:59,2026-09-07 05:13:17,0.13303253148211502,0,0,0
936,run4,2026-09-07 05:13:01,2026-09-07 05:13:18,0.13926707634964508,0,0,0
937,run4,2026-09-07 05:13:08,2026-09-07 05:13:19,0.13664240700907582,0,0,0
938,run4,2026-09-07 05:13:10,2026-09-07 05:13:20,0.14668850707249703,0,0,0
939,run4,2026-09-07 05:13:11,2026-09-07 05:13:21,0.14418561790993822,0,0,0
940,run4,2026-09-07 05:13:12,2026-09-07 05:13:23,0.14184621258603503,0,0,0
941,run4,2026-09-07 05:13:13,2026-09-07 05:13:24,0.13890449988318104,0,0,0
942,run4,2026-09-07 05:13:14,2026-09-07 05:13:25,0.1356322619966015,0,0,0
943,run4,2026-09-07 05:13:15,2026-09-07 05:13:26,0.13863840521826953,0,0,0
944,run4,2026-09-07 05:13:17,2026-09-07 05:13:27,0.13642103891889173,0,0,0
945,run4,2026-09-07 05:13:18,2026-09-07 05:13:28,0.13901710475096724,0,0,0
946,run4,2026-09-07 05:13:19,2026-09-07 05:13:31,0.13338199353608504,0,0,0
947,run4,2026-09-07 05:13:20,2026-09-07 05:13:32,0.12988949522945537,0,0,0
948,run4,2026-09-07 05:13:21,2026-09-07 05:13:33,0.1253824731715285,0,0,0
949,run4,2026-09-07 05:13:23,2026-09-07 05:13:34,0.11506755591366452,0,0,0
950,run4,2026-09-07 05:13:24,2026-09-07 05:13:35,0.11538192539679382,0,0,0
951,run4,2026-09-07 05:13:25,2026-09-07 05:13:36,0.12006479499218103,0,0,0
952,run4,2026-09-07 05:13:26,2026-09-07 05:13:38,0.11625178640890771,0,0,0
953,run4,2026-09-07 05:13:27,2026-09-07 05:13:39,0.12248274887626381,0,0,0
954,run4,2026-09-07 05:13:28,2026-09-07 05:13:40,0.1260904331758318,0,0,0
955,run4,2026-09-07 05:13:31,2026-09-07 05:13:41,0.11082576664496624,0,0,0
956,run4,2026-09-07 05:13:32,2026-09-07 05:13:42,0.12710860087691433,0,0,0
957,run4,2026-09-07 05:13:33,2026-09-07 06:57:32,0.115892113592509,0,0,0
958,run4,2026-09-07 05:13:34,2026-09-07 06:57:33,0.09554185737454979,0,0,0
959,run4,2026-09-07 05:13:35,2026-09-07 06:58:05,0.046710791721784994,0,0,0
960,run4,2026-09-07 05:13:36,2026-09-07 06:58:18,0.012063101608978888,1,0,0
961,run4,2026-09-07 05:13:38,2026-09-07 06:58:23,0.01993176611149239,0,0,0
962,run4,2026-09-07 05:13:39,2026-09-07 06:58:28,0.001480709304750194,1,0,0
963,run4,2026-09-07 05:13:40,2026-09-07 06:58:31,-0.015487305976419674,1,0,0
964,run4,2026-09-07 05:13:41,2026-09-07 06:58:35,-0.057139822251584094,1,0,0
965,run4,2026-09-07 05:13:42,2026-09-07 06:58:38,-0.028041149801587006,1,0,0
966,run4,2026-09-07 06:57:32,2026-09-07 06:58:42,-0.02607795250056133,1,0,0
967,run4,2026-09-07 06:57:33,2026-09-07 06:58:45,-0.028616064087157334,1,0,0
968,run4,2026-09-07 06:58:05,2026-09-07 06:58:48,-0.017538975002990842,1,0,0
969,run4,2026-09-07 06:58:18,2026-09-07 06:58:50,0.031105231546261547,0,0,0
970,run4,2026-09-07 06:58:23,2026-09-07 06:58:54,0.036799652675216676,0,0,0
971,run4,2026-09-07 06:58:28,2026-09-07 06:58:57,0.017396971160289376,1,0,0
972,run4,2026-09-07 06:58:31,2026-09-07 06:59:00,0.052346890208378405,0,0,0
973,run4,2026-09-07 06:58:35,2026-09-07 06:59:04,0.05396046591923381,0,0,0
974,run4,2026-09-07 06:58:38,2026-09-07 06:59:07,0.05833491475595076,0,0,0
975,run4,2026-09-07 06:58:42,2026-09-07 06:59:10,0.06852926562197736,0,0,0
976,run4,2026-09-07 06:58:45,2026-09-07 06:59:14,0.07052592341719471,0,0,0
977,run4,2026-09-07 06:58:48,2026-09-07 06:59:17,0.05864093346879706,0,0,0
978,run4,2026-09-07 06:58:50,2026-09-07 06:59:21,0.06845763676283562,0,0,0
979,run4,2026-09-07 06:58:54,2026-09-07 06:59:25,0.08064494355041235,0,0,0
980,run4,2026-09-07 06:58:57,2026-09-07 06:59:28,0.08681316256622434,0,0,0
981,run4,2026-09-07 06:59:00,2026-09-07 06:59:31,0.08812329068354435,0,0,0
982,run4,2026-09-07 06:59:04,2026-09-07 06:59:34,0.08618364227256847,0,0,0
983,run4,2026-09-07 06:59:07,2026-09-07 06:59:38,0.09660293199833336,0,0,0
984,run4,2026-09-07 06:59:10,2026-09-07 06:59:41,0.08951264524123537,0,0,0
985,run4,2026-09-07 06:59:14,2026-09-07 06:59:44,0.08584341636203424,0,0,0
986,run4,2026-09-07 06:59:17,2026-09-07 06:59:47,0.08465431953062336,0,0,0
987,run4,2026-09-07 06:59:21,2026-09-07 06:59:50,0.09384926345859701,0,0,0
988,run4,2026-09-07 06:59:25,2026-09-07 06:59:54,0.0844227252670921,0,0,0
989,run4,2026-09-07 06:59:28,2026-09-07 06:59:57,0.09001521994225581,0,0,0
990,run4,2026-09-07 06:59:31,2026-09-07 07:00:00,0.09641714089579445,0,0,0
991,run4,2026-09-07 06:59:34,2026-09-07 07:00:03,0.08978274922590379,0,0,0
992,run4,2026-09-07 06:59:38,2026-09-07 07:00:07,0.0999687386344853,0,0,0
993,run4,2026-09-07 06:59:41,2026-09-07 07:00:11,0.09974778146387303,0,0,0
994,run4,2026-09-07 06:59:44,2026-09-07 07:00:14,0.09956178670823473,0,0,0
995,run4,2026-09-07 06:59:47,2026-09-07 07:00:17,0.09396053410653071,0,0,0
996,run4,2026-09-07 06:59:50,2026-09-07 07:00:21,0.10202642619039959,0,0,0
997,run4,2026-09-07 06:59:54,2026-09-07 07:00:24,0.11032304708879753,0,0,0
998,run4,2026-09-07 06:59:57,2026-09-07 07:00:27,0.1157363614936085,0,0,0
999,run4,2026-09-07 07:00:00,2026-09-07 07:00:30,0.1106192585355486,0,0,0
1000,run4,2026-09-07 07:00:03,2026-09-07 07:00:33,0.10742293033891903,0,0,0
1001,run4,2026-09-07 07:00:07,2026-09-07 07:00:36,0.1119578996980749,0,0,0
1002,run4,2026-09-07 07:00:11,2026-09-07 07:00:40,0.11418095541348955,0,0,0
1003,run4,2026-09-07 07:00:14,2026-09-07 07:00:43,0.10555317677079534,0,0,0
1004,run4,2026-09-07 07:00:17,2026-09-07 07:00:46,0.10359556356963123,0,0,0
1005,run4,2026-09-07 07:00:21,2026-09-07 07:00:49,0.11062199598266043,0,0,0
1006,run4,2026-09-07 07:00:24,2026-09-07 07:00:53,0.10727809319929987,0,0,0
1007,run4,2026-09-07 07:00:27,2026-09-07 07:00:56,0.10900770678208344,0,0,0
1008,run4,2026-09-07 07:00:30,2026-09-07 07:00:59,0.1047750556558395,0,0,0
1009,run4,2026-09-07 07:00:33,2026-09-07 07:01:03,0.10585202474495875,0,0,0
1010,run4,2026-09-07 07:00:36,2026-09-07 07:01:07,0.10314087668613786,0,0,0
1011,run4,2026-09-07 07:00:40,2026-09-07 07:01:10,0.0903525570974813,0,0,0
1012,run4,2026-09-07 07:00:43,2026-09-07 07:01:14,0.08700575584754439,0,0,0
1013,run4,2026-09-07 07:00:46,2026-09-07 07:01:17,0.08970297658255805,0,0,0
1014,run4,2026-09-07 07:00:49,2026-09-07 07:01:20,0.09098789968855742,0,0,0
1015,run4,2026-09-07 07:00:53,2026-09-07 07:01:23,0.10058092252606621,0,0,0
1016,run4,2026-09-07 07:00:56,2026-09-07 07:01:27,0.09786480102454798,0,0,0
1017,run4,2026-09-07 07:00:59,2026-09-07 07:01:30,0.10137305888672876,0,0,0
1018,run4,2026-09-07 07:01:03,2026-09-07 07:01:33,0.10115529495207787,0,0,0
1019,run4,2026-09-07 07:01:07,2026-09-07 07:01:37,0.10765122877656447,0,0,0
1020,run4,2026-09-07 07:01:10,2026-09-07 07:01:40,0.10056311027643439,0,0,0
1021,run4,2026-09-07 07:01:14,2026-09-07 07:01:43,0.11086804928045674,0,0,0
1022,run4,2026-09-07 07:01:17,2026-09-07 07:01:46,0.11028601307394609,0,0,0
1023,run4,2026-09-07 07:01:20,2026-09-07 07:01:50,0.10790804603989362,0,0,0
1024,run4,2026-09-07 07:01:23,2026-09-07 07:01:53,0.10836284569312243,0,0,0
1025,run4,2026-09-07 07:01:27,2026-09-07 07:01:56,0.1111575653334273,0,0,0
1026,run4,2026-09-07 07:01:30,2026-09-07 07:01:59,0.11151243372070363,0,0,0
1027,run4,2026-09-07 07:01:33,2026-09-07 07:02:02,0.10905738387865538,0,0,0
1028,run4,2026-09-07 07:01:37,2026-09-07 07:02:06,0.10859251095925959,0,0,0
1029,run4,2026-09-07 07:01:40,2026-09-07 07:02:10,0.10924996105750479,0,0,0
1030,run4,2026-09-07 07:01:43,2026-09-07 07:02:16,0.10182756159214218,0,0,0
1031,run4,2026-09-07 07:01:46,2026-09-07 07:02:19,0.09798541926900273,0,0,0
1032,run4,2026-09-07 07:01:50,2026-09-07 07:02:22,0.09943586279006844,0,0,0
1033,run4,2026-09-07 07:01:53,2026-09-07 07:02:25,0.10706683211312285,0,0,0
1034,run4,2026-09-07 07:01:56,2026-09-07 07:02:29,0.1028631719174114,0,0,0
1035,run4,2026-09-07 07:01:59,2026-09-07 07:02:32,0.0918894449846846,0,0,0
1036,run4,2026-09-07 07:02:02,2026-09-07 07:02:34,0.09116065073350504,0,0,0
1037,run4,2026-09-07 07:02:06,2026-09-07 07:02:37,0.09070531453280767,0,0,0
1038,run4,2026-09-07 07:02:10,2026-09-07 07:02:40,0.08727849150539452,0,0,0
1039,run4,2026-09-07 07:02:16,2026-09-07 07:02:44,0.10445221981730135,0,0,0
1040,run4,2026-09-07 07:02:19,2026-09-07 07:02:47,0.08883675547180159,0,0,0
1041,run4,2026-09-07 07:02:22,2026-09-07 07:02:51,0.09908871419711784,0,0,0
1042,run4,2026-09-07 07:02:25,2026-09-07 07:02:54,0.10239628279891916,0,0,0
1043,run4,2026-09-07 07:02:29,2026-09-07 07:02:57,0.1068599095823467,0,0,0
1044,run4,2026-09-07 07:02:32,2026-09-07 07:03:00,0.09915248999549708,0,0,0
1045,run4,2026-09-07 07:02:34,2026-09-07 07:03:04,0.10969465593198774,0,0,0
1046,run4,2026-09-07 07:02:37,2026-09-07 07:03:08,0.1069698303511682,0,0,0
1047,run4,2026-09-07 07:02:40,2026-09-07 07:03:11,0.10618140681706428,0,0,0
1048,run4,2026-09-07 07:02:44,2026-09-07 07:03:14,0.10295689066365898,0,0,0
1049,run4,2026-09-07 07:02:47,2026-09-07 07:03:17,0.10379931672900772,0,0,0
1050,run4,2026-09-07 07:02:51,2026-09-07 07:03:21,0.0857462466648316,0,0,0
1051,run4,2026-09-07 07:02:54,2026-09-07 07:03:24,0.08227869825176243,0,0,0
1052,run4,2026-09-07 07:02:57,2026-09-07 07:03:27,0.09216145653830105,0,0,0
1053,run4,2026-09-07 07:03:00,2026-09-07 07:03:31,0.08954388651414968,0,0,0
1054,run4,2026-09-07 07:03:04,2026-09-07 07:03:34,0.093879036185398,0,0,0
1055,run4,2026-09-07 07:03:08,2026-09-07 07:03:37,0.0884866371484429,0,0,0
1056,run4,2026-09-07 07:03:11,2026-09-07 07:03:41,0.09601794508347661,0,0,0
1057,run4,2026-09-07 07:03:14,2026-09-07 07:03:43,0.09452578101720804,0,0,0
1058,run4,2026-09-07 07:03:17,2026-09-07 07:03:47,0.09829781093272444,0,0,0
1059,run4,2026-09-07 07:03:21,2026-09-07 07:03:50,0.09936871083457766,0,0,0
1060,run4,2026-09-07 07:03:24,2026-09-07 07:03:53,0.10836301737985715,0,0,0
1061,run4,2026-09-07 07:03:27,2026-09-07 07:03:56,0.10982777366634638,0,0,0
1062,run4,2026-09-07 07:03:31,2026-09-07 07:03:59,0.09427635918629307,0,0,0
1063,run4,2026-09-07 07:03:34,2026-09-07 07:04:02,0.1049927577435652,0,0,0
1064,run4,2026-09-07 07:03:37,2026-09-07 07:04:05,0.1159107941848802,0,0,0
1065,run4,2026-09-07 07:03:41,2026-09-07 07:04:09,0.11789108785314473,0,0,0
1066,run4,2026-09-07 07:03:43,2026-09-07 07:04:12,0.10804806255426758,0,0,0
1067,run4,2026-09-07 07:03:47,2026-09-07 07:04:15,0.10319887005032952,0,0,0
1068,run4,2026-09-07 07:03:50,2026-09-07 07:04:18,0.0919214317911689,0,0,0
1069,run4,2026-09-07 07:03:53,2026-09-07 07:04:21,0.09621188513861806,0,0,0
1070,run4,2026-09-07 07:03:56,2026-09-07 07:04:24,0.10574120426118805,0,0,0
1071,run4,2026-09-07 07:03:59,2026-09-07 07:04:28,0.12267290326425306,0,0,0
1072,run4,2026-09-07 07:04:02,2026-09-07 07:04:31,0.10058533519351437,0,0,0
1073,run4,2026-09-07 07:04:05,2026-09-07 07:04:34,0.10363254394810817,0,0,0
1074,run4,2026-09-07 07:04:09,2026-09-07 07:04:38,0.09005013049294647,0,0,0
1075,run4,2026-09-07 07:04:12,2026-09-07 07:04:41,0.097774223905499,0,0,0
1076,run4,2026-09-07 07:04:15,2026-09-07 07:04:44,0.08727521372071273,0,0,0
1077,run4,2026-09-07 07:04:18,2026-09-07 07:04:47,0.10657690856753854,0,0,0
1078,run4,2026-09-07 07:04:21,2026-09-07 07:04:51,0.10525369357637593,0,0,0
1079,run4,2026-09-07 07:04:24,2026-09-07 07:04:53,0.09134883765613083,0,0,0
1080,run4,2026-09-07 07:04:28,2026-09-07 07:04:56,0.10156522127140538,0,0,0
1081,run4,2026-09-07 07:04:31,2026-09-07 07:05:00,0.09829625403745368,0,0,0
1082,run4,2026-09-07 07:04:34,2026-09-07 07:05:02,0.10000165715778014,0,0,0
1083,run4,2026-09-07 07:04:38,2026-09-07 07:05:05,0.10333450448308673,0,0,0
1084,run4,2026-09-07 07:04:41,2026-09-07 07:05:09,0.09661673600070397,0,0,0
1085,run4,2026-09-07 07:04:44,2026-09-07 07:05:12,0.06868145119742464,0,0,0
1086,run4,2026-09-07 07:04:47,2026-09-07 07:05:15,0.057358942636584254,0,0,0
1087,run4,2026-09-07 07:04:51,2026-09-07 07:05:19,0.055618448385182595,0,0,0
1088,run4,2026-09-07 07:04:53,2026-09-07 07:05:22,0.05428459474687358,0,0,0
1089,run4,2026-09-07 07:04:56,2026-09-07 07:05:25,0.06653492281567774,0,0,0
1090,run4,2026-09-07 07:05:00,2026-09-07 07:05:28,0.07791865873896581,0,0,0
1091,run4,2026-09-07 07:05:02,2026-09-07 07:05:32,0.06310422686835315,0,0,0
1092,run4,2026-09-07 07:05:05,2026-09-07 07:05:35,0.06690154337856213,0,0,0
1093,run4,2026-09-07 07:05:09,2026-09-07 07:05:38,0.05340315973082427,0,0,0
1094,run4,2026-09-07 07:05:12,2026-09-07 07:05:41,0.08399020332395674,0,0,0
1095,run4,2026-09-07 07:05:15,2026-09-07 07:05:44,0.10007628732199275,0,0,0
1096,run4,2026-09-07 07:05:19,2026-09-07 07:05:47,0.11395510651232671,0,0,0
1097,run4,2026-09-07 07:05:22,2026-09-07 07:05:50,0.11932861980522325,0,0,0
1098,run4,2026-09-07 07:05:25,2026-09-07 07:05:53,0.11874878964249808,0,0,0
1099,run4,2026-09-07 07:05:28,2026-09-07 07:05:56,0.11720412100447508,0,0,0
1100,run4,2026-09-07 07:05:32,2026-09-07 07:05:59,0.12314075553162485,0,0,0
1101,run4,2026-09-07 07:05:35,2026-09-07 07:06:02,0.11546292122949398,0,0,0
1102,run4,2026-09-07 07:05:38,2026-09-07 07:06:05,0.11676653401375658,0,0,0
1103,run5,2026-09-11 03:05:45,2026-09-11 03:06:32,-0.03303772450802955,1,0,0
1104,run5,2026-09-11 03:05:51,2026-09-11 03:06:38,-0.028257401734896215,1,0,0
1105,run5,2026-09-11 03:05:56,2026-09-11 03:06:43,-0.02624264651402508,1,0,0
1106,run5,2026-09-11 03:06:01,2026-09-11 03:06:48,-0.026110545034771615,1,0,0
1107,run5,2026-09-11 03:06:06,2026-09-11 03:06:53,-0.02669977671405721,1,0,0
1108,run5,2026-09-11 03:06:12,2026-09-11 03:06:58,-0.035482834283011244,1,0,0
1109,run5,2026-09-11 03:06:17,2026-09-11 03:07:03,-0.023739567206584766,1,0,0
1110,run5,2026-09-11 03:06:22,2026-09-11 03:07:09,-0.012949176975483367,1,0,0
1111,run5,2026-09-11 03:06:27,2026-09-11 03:07:14,-0.03426384658309989,1,0,0
1112,run5,2026-09-11 03:06:32,2026-09-11 03:07:19,-0.025762475234584747,1,0,0
1113,run5,2026-09-11 03:06:38,2026-09-11 03:07:24,-0.027884674156813616,1,0,0
1114,run5,2026-09-11 03:06:43,2026-09-11 03:07:29,-0.052884574832556486,1,0,0
1115,run5,2026-09-11 03:06:48,2026-09-11 03:07:35,-0.03779304234009839,1,0,0
1116,run5,2026-09-11 03:06:53,2026-09-11 03:07:40,-0.054764523212717964,1,0,0
1117,run5,2026-09-11 03:06:58,2026-09-11 03:07:45,-0.06735783557228248,1,0,0
1118,run5,2026-09-11 03:07:03,2026-09-11 03:07:50,-0.04914236454609089,1,0,0
1119,run5,2026-09-11 03:07:09,2026-09-11 03:07:56,-0.0322457471966936,1,0,0
1120,run5,2026-09-11 03:07:14,2026-09-11 03:08:02,-0.051835261576442915,1,0,0
1121,run5,2026-09-11 03:07:19,2026-09-11 03:08:07,-0.05658442470258773,1,0,0
1122,run5,2026-09-11 03:07:24,2026-09-11 03:08:12,-0.05874472969641997,1,0,0
1123,run5,2026-09-11 03:07:29,2026-09-11 03:08:17,-0.05957036352012601,1,0,0
1124,run5,2026-09-11 03:07:35,2026-09-11 03:08:23,-0.04868888525932824,1,0,0
1125,run5,2026-09-11 03:07:40,2026-09-11 03:08:28,-0.049223237306558754,1,0,0
1126,run5,2026-09-11 03:07:45,2026-09-11 03:08:33,-0.05269043248717886,1,0,0
1127,run5,2026-09-11 03:07:50,2026-09-11 03:08:38,-0.053765126172744315,1,0,0
1128,run5,2026-09-11 03:07:56,2026-09-11 03:08:43,-0.06044881149304582,1,0,0
1129,run5,2026-09-11 03:08:02,2026-09-11 03:08:48,-0.04458799905799615,1,0,0
1130,run7,2026-09-11 03:03:22,2026-09-11 03:04:10,-0.11833285279867045,1,1,0
1131,run7,2026-09-11 03:03:28,2026-09-11 03:04:15,-0.09398890675730909,1,1,0
1132,run7,2026-09-11 03:03:33,2026-09-11 03:04:20,-0.0922588668735368,1,1,0
1133,run7,2026-09-11 03:03:38,2026-09-11 03:04:26,-0.09395919430409594,1,1,0
1134,run7,2026-09-11 03:03:44,2026-09-11 03:04:31,-0.08569361322191438,1,1,0
1135,run7,2026-09-11 03:03:49,2026-09-11 03:04:36,-0.09580161301442824,1,1,0
1136,run7,2026-09-11 03:03:54,2026-09-11 03:04:42,-0.09409341029491614,1,1,0
1137,run7,2026-09-11 03:03:59,2026-09-11 03:04:47,-0.09237067632981677,1,1,0
1138,run7,2026-09-11 03:04:05,2026-09-11 03:04:52,-0.10329228609611207,1,1,0
1139,run7,2026-09-11 03:04:10,2026-09-11 03:04:57,-0.09706066057737017,1,1,0
