idx,run,score,prediccion
0,8,-7.14709132253466e-05,-1
1,8,0.020090447946455536,1
2,8,0.010455893456545073,1
3,8,0.008045655170998423,1
4,8,0.004252891050460006,1
5,8,0.0004046500448671164,1
6,8,0.0002911553086167862,1
7,8,0.00034397409721442784,1
8,8,-0.0001486945493022196,-1
9,8,7.572264351973779e-05,1
10,carga20,0.00013362146949857934,1
11,carga20,0.0761962114359438,1
12,carga20,0.14794072596377517,1
13,carga20,0.09256072947204053,1
14,carga20,0.07710977861144308,1
15,carga20,0.08084844283730042,1
16,carga20,0.11466355404024464,1
17,carga20,0.10865153918033288,1
18,carga20,0.12859290144413416,1
19,carga20,0.12312283079589526,1
20,carga20,0.11997168498739552,1
21,carga20,0.11993618374059178,1
22,carga20,0.12523165884398846,1
23,carga20,0.22726125632426153,1
24,carga20,0.24212543111048757,1
25,carga20,0.20335410868153347,1
26,carga20,0.222985625358194,1
27,carga20,0.22186843563279934,1
28,carga20,0.22422751643390126,1
29,carga20,0.2301123678360727,1
30,carga20,0.22401390531173027,1
31,carga20,0.17869396284425987,1
32,carga20,0.1801284329021705,1
33,carga20,0.1711835062289997,1
34,carga20,0.1759119269484679,1
35,carga20,0.17993001058820335,1
36,carga20,0.15538121256155102,1
37,carga20,0.19010109330500058,1
38,carga20,0.1725834674648149,1
39,carga20,0.13942341966860072,1
40,carga20,0.17902986253781605,1
41,carga20,0.21152713450483207,1
42,carga20,0.2038023982278454,1
43,carga20,0.18332961006355486,1
44,carga20,0.1526801196348312,1
45,carga20,0.15389658155475694,1
46,carga20,0.16018990463918448,1
47,carga20,0.15987069599719805,1
48,carga20,0.16987109798184918,1
49,carga20,0.17198567224290584,1
50,carga20,0.17814824748028335,1
51,carga20,0.169945202587087,1
52,carga20,0.13660843719452975,1
53,carga20,0.14487936009651814,1
54,carga20,0.15485132951178515,1
55,carga20,0.15094733331502352,1
56,carga20,0.14040080887818962,1
57,carga20,0.13445056171109504,1
58,carga20,0.13601801885392129,1
59,carga20,0.14246808554370916,1
60,carga20,0.14356059465313298,1
61,carga20,0.15347350252135217,1
62,carga20,0.1740242410674322,1
63,carga20,0.17460215703994686,1
64,carga20,0.18993530781248535,1
65,carga20,0.21019953107922262,1
66,carga20,0.21291599632014024,1
67,carga20,0.24656433536862365,1
68,carga20,0.28472092335209065,1
69,carga20,0.2877262648138178,1
70,carga20,0.2614664986877683,1
71,carga20,0.25348545008923984,1
72,carga20,0.25538210424828467,1
73,carga20,0.2601318870214149,1
74,carga20,0.25703276211500903,1
75,carga20,0.2535783229554003,1
76,carga20,0.26767268957580526,1
77,carga20,0.2861957785663565,1
78,carga20,0.2648959614373423,1
79,carga20,0.26869511197983964,1
80,carga20,0.282525606893657,1
81,carga20,0.268788748821174,1
82,carga20,0.26524318687706927,1
83,carga20,0.25682557119242355,1
84,carga20,0.24488334758255792,1
85,carga20,0.24938280632595478,1
86,carga20,0.2401185125879718,1
87,carga20,0.23041724968113342,1
88,carga20,0.22087449843546558,1
89,carga20,0.232305457426487,1
90,carga20,0.23364999272492093,1
91,carga20,0.2437966563664674,1
92,carga20,0.25658817499539643,1
93,carga20,0.2665332592042975,1
94,carga20,0.26640521407599793,1
95,carga20,0.25874217554563483,1
96,carga20,0.2385339983286312,1
97,carga20,0.22072888104450683,1
98,carga20,0.22853729741952356,1
99,carga20,0.21637862923874274,1
100,carga20,0.2060053264337195,1
101,carga20,0.19691341155862696,1
102,carga20,0.12224397947558807,1
103,carga20,0.0208579761408334,1
104,carga20,-0.00015451537889821232,-1
105,carga20,-0.00016950404934978902,-1
106,carga20,-0.00019039915627616644,-1
107,carga20,0.00033642048632753774,1
108,carga20,1.6469445966005303e-05,1
109,carga20,0.00013298792044058594,1
110,carga20,-4.857402272984146e-05,-1
111,carga20,0.00011656998316522671,1
112,carga20,0.00035671975523965394,1
113,carga20,-0.0004387758838069189,-1
114,carga20,0.027564542136253034,1
115,carga20,0.03465512813522664,1
116,carga20,0.01037853920398335,1
117,carga20,0.00020988928121534745,1
118,carga20,0.022074958823262936,1
119,carga20,0.04864677275373286,1
120,carga20,0.08461937045483858,1
121,carga20,0.1189139128545349,1
122,carga20,0.1377240899548734,1
123,carga20,0.15385038146631091,1
124,carga20,0.17268496755359974,1
125,carga20,0.17597700549094242,1
126,carga20,0.12073660381067419,1
127,carga20,0.15416975587569448,1
128,carga20,0.14596178508618862,1
129,carga20,0.18971020219846824,1
130,carga20,0.2012721282112957,1
131,carga20,0.06434177075752423,1
132,carga20,0.060799436345492786,1
133,carga20,0.06422569833631253,1
134,carga20,0.054710209694545875,1
135,carga20,0.058231773941067266,1
136,carga20,0.13023044880738865,1
137,carga20,0.13234742101455377,1
138,carga20,0.14581124875591644,1
139,carga20,0.13008883499348878,1
140,carga20,0.10833548332347664,1
141,carga20,0.23855413274313875,1
142,carga20,0.24625140687132396,1
143,carga20,0.24241175618301558,1
144,carga20,0.20783203187749366,1
145,carga20,0.021000944889066897,1
146,carga20,0.00040231337704377257,1
147,carga20,3.694858835900927e-05,1
148,carga20,-0.00021163865607320975,-1
149,carga20,0.00020127021925531174,1
150,carga20,2.2696272955480268e-06,1
151,carga20,-4.8144323675169964e-05,-1
152,carga20,2.387023751171391e-05,1
153,carga20,0.0001645581340238289,1
154,carga20,-8.139373670368322e-05,-1
155,carga20,0.06726991271329474,1
156,carga20,0.09660971761793269,1
157,carga20,0.11794653367765673,1
158,carga20,0.1267146772970451,1
159,carga20,0.12603961468483071,1
160,carga20,0.10840780249844784,1
161,carga20,0.11139203667015363,1
162,carga20,0.12509071322620513,1
163,carga20,0.13250285301115983,1
164,carga20,0.14736876372620655,1
165,carga20,0.15697485975247571,1
166,carga20,0.1511657376899601,1
167,carga20,0.13434924184249886,1
168,carga20,0.12320554710315501,1
169,carga20,0.017012507416188316,1
170,carga18,0.00021173990748935,1
171,carga18,-0.0003581565501619144,-1
172,carga18,0.004976626622625435,1
173,carga18,0.00019868909085052344,1
174,carga18,0.1498657551858531,1
175,carga18,0.11948480902584002,1
176,carga18,0.11190963043104518,1
177,carga18,0.11961407913913236,1
178,carga18,0.14389659067576532,1
179,carga18,0.1482885723947055,1
180,carga18,0.1326918794764017,1
181,carga18,9.080345587342276e-05,1
182,carga18,-6.480849894885399e-05,-1
183,carga18,-0.0002742194359047767,-1
184,carga18,-0.00012905390284356777,-1
185,carga18,-1.1106004533689706e-05,-1
186,carga19,0.00016091232874326789,1
187,carga19,6.45716709548605e-05,1
188,carga19,0.10893192867856438,1
189,carga19,0.11345091912257899,1
190,carga19,0.1418820548410672,1
191,carga19,0.1508867299702359,1
192,carga19,0.1358739542196793,1
193,carga19,0.11795668121606784,1
194,carga19,0.11030387640478712,1
195,carga19,0.09817817162453502,1
196,carga19,0.061135031296810305,1
197,carga19,0.08562748858346625,1
198,carga19,0.08497948047044035,1
199,carga19,0.08793002685456652,1
200,carga19,0.1116697292874479,1
201,carga19,-0.0003627798864547227,-1
202,carga11,-1.740861618515499e-05,-1
203,carga11,5.173844108619097e-05,1
204,carga11,0.00011972185490283227,1
205,carga11,5.1464358319819326e-05,1
206,carga11,-0.0005261898789552522,-1
207,carga11,0.00019903368782059339,1
208,carga11,-2.3714532274676792e-05,-1
209,carga11,0.00016115105871195023,1
210,10,7.870145654065297e-07,1
211,10,-0.0002559387230177679,-1
212,10,0.00011275790994358381,1
213,10,-0.00013632282504949522,-1
214,10,-0.00033448128937163535,-1
215,10,-0.000276055712561174,-1
216,10,1.0382007262110804e-05,1
217,10,-0.0001075906709803176,-1
218,10,-0.00032031076654925883,-1
219,10,-0.00017504665853174117,-1
220,carga7,0.00044609766229875003,1
221,carga7,-0.0002848417192902186,-1
222,carga7,0.00011558187523053043,1
223,carga7,-2.3715311044059106e-05,-1
224,carga7,0.008709625142256261,1
225,carga7,0.010031158889579173,1
226,carga7,0.026125173313852557,1
227,carga7,0.03854954792358689,1
228,carga7,0.041351645602465514,1
229,carga7,0.03611964950837221,1
