corrida,grupo,muestras,alertas_q10,alertas_q05,alertas_q01,predichas_anomalas_if,tasa_alertas_q10,detecciones_reglas,detectada_global,detectada_if
10,baseline,0,0,0,0,0,0.0,0,0,0
11,anomalias,27,27,27,26,27,1.0,0,1,1
6,anomalias,27,27,27,25,27,1.0,0,1,1
8,baseline,0,0,0,0,0,0.0,0,0,0
carga1,baseline,0,0,0,0,0,0.0,0,0,0
carga11,baseline,0,0,0,0,0,0.0,0,0,0
carga18,baseline,0,0,0,0,0,0.0,0,0,0
carga19,baseline,0,0,0,0,0,0.0,0,0,0
carga2,baseline,0,0,0,0,0,0.0,9,1,0
carga20,baseline,0,0,0,0,0,0.0,0,0,0
carga3,anomalias,0,0,0,0,0,0.0,1,1,0
carga4,baseline,0,0,0,0,0,0.0,8,1,0
carga5,anomalias,27,27,27,27,27,1.0,0,1,1
carga7,baseline,0,0,0,0,0,0.0,0,0,0
normal_alta_01,baseline,47,2,0,0,0,0.0426,0,1,1
normal_baja_01,baseline,0,0,0,0,0,0.0,0,0,0
normal_baja_02,baseline,51,1,0,0,0,0.0196,0,1,1
normal_larga_01,baseline,73,0,0,0,0,0.0,0,0,0
normal_media_01,baseline,0,0,0,0,0,0.0,0,0,0
normal_media_02,baseline,49,10,8,2,5,0.2041,0,1,1
normal_prueba_01,baseline,10,10,4,1,3,1.0,0,1,1
