timestamp,active_requests,active_sessions,api_latency_ms,api_status,auditoria_locks,batch_requests_per_sec,caja_locks,cpu_idl,cpu_stl,cpu_sys,cpu_usr,cpu_wai,deadlocks_per_sec,detalle_venta_locks,disk_read_per_sec,disk_write_per_sec,idle_sessions,inventario_locks,kardex_locks,load1,load15,load5,lock_waits,long_queries,long_transactions,memory_available_mb,memory_percent,memory_used_mb,movimiento_caja_locks,net_recv_per_sec,net_send_per_sec,page_life_expectancy,page_reads_per_sec,page_writes_per_sec,products_count,rollbacks_per_sec,sales_count,sql_compilations_per_sec,total_locks,total_reads,total_writes,transactions_per_sec,venta_locks,events_login_count,events_logout_count,events_lock_acquired_count,events_lock_released_count,events_wait_count,batch_count,batch_duration_avg_ms,batch_duration_max_ms,run_name
2026-09-18 16:42:28,23.0,37.0,802.0,403.0,0.0,,0.0,44.1,0.0,30.6,24.1,0.0,0.0,0.0,8454452.0,0.0,36.0,0.0,0.0,0.0,0.0,0.0,0.0,22.0,22.0,1372.0,91.5,14776.0,0.0,77093.0,40249.0,1962.0,,,0.0,,0.0,,14.0,0.0,16.333333333333332,635.755,0.0,0,0,0,0,0,0,0.0,0.0,carga19
2026-09-18 16:42:34,29.0,48.0,16.0,403.0,0.0,0.0,0.0,60.2,0.0,25.6,11.7,0.0,0.0,0.0,8927714.0,841226.0,40.0,0.0,0.0,0.08,0.01,0.02,0.0,22.0,22.0,1351.0,91.6,14797.0,0.0,92403.0,37421.0,1967.0,0.0,0.0,0.0,0.0,0.0,0.0,90.0,0.0,16.333333333333332,304.85,0.0,12,0,31,0,0,0,0.0,0.0,carga19
2026-09-18 16:42:39,33.0,49.0,28.0,403.0,0.0,0.0,0.0,43.8,0.0,43.4,10.0,0.0,0.0,0.0,677441.0,1422763.0,38.0,0.0,0.0,0.07,0.01,0.02,0.0,22.0,22.0,1385.0,91.4,14762.0,0.0,109835.0,40078.0,1972.0,0.0,0.0,0.0,0.0,0.0,0.0,85.0,0.0,43.4,573.31,3.0,0,0,7,8,0,0,0.0,0.0,carga19
2026-09-18 16:42:45,32.0,48.0,24.0,403.0,0.0,0.0,0.0,41.8,0.0,43.7,11.1,0.0,0.0,0.0,1088518.0,1402389.0,40.0,0.0,0.0,0.07,0.01,0.02,0.0,22.0,22.0,1340.0,91.7,14807.0,0.0,125749.0,38838.0,1977.0,0.0,0.0,0.0,0.0,0.0,0.0,74.0,0.0,39.666666666666664,659.21,0.0,0,0,11,9,0,0,0.0,0.0,carga19
2026-09-18 16:42:50,21.0,39.0,27.0,403.0,0.0,0.0,0.0,40.5,0.0,44.8,12.1,0.0,0.0,0.0,21098266.0,1551827.0,30.0,0.0,0.0,0.06,0.01,0.02,0.0,13.0,13.0,1299.0,92.0,14849.0,0.0,103109.0,38484.0,1982.0,0.0,0.0,0.0,0.0,0.0,0.0,105.0,0.0,47.0,650.69,0.0,0,0,9,12,0,0,0.0,0.0,carga19
2026-09-18 16:42:55,19.0,36.0,18.0,403.0,0.0,0.0,0.0,44.0,0.0,43.8,9.5,0.0,0.0,0.0,1030699.0,1305297.0,30.0,0.0,0.0,0.06,0.01,0.02,0.0,10.0,10.0,1328.0,91.8,14819.0,0.0,101038.0,38569.0,1988.0,0.0,0.0,0.0,0.0,0.0,0.0,74.0,0.0,46.8,652.66,0.0,0,9,9,12,0,0,0.0,0.0,carga19
2026-09-18 16:43:00,19.0,35.0,21.0,403.0,0.0,0.0,0.0,43.0,0.0,44.6,9.1,0.0,0.0,0.0,756935.0,1264646.0,26.0,0.0,0.0,0.05,0.01,0.02,4.0,9.0,9.0,1323.0,91.8,14825.0,0.0,109648.0,43083.0,1993.0,0.0,0.0,0.0,0.0,0.0,0.0,96.0,0.0,46.8,635.55,0.0,1,4,18,8,0,0,0.0,0.0,carga19
2026-09-18 16:43:06,19.0,36.0,23.0,403.0,0.0,0.0,0.0,40.2,0.0,45.4,11.1,0.0,0.0,0.0,520456.0,1332070.0,27.0,0.0,0.0,0.05,0.01,0.01,0.0,9.0,9.0,1392.0,91.4,14755.0,0.0,114832.0,34106.0,1998.0,0.0,0.0,0.0,0.0,0.0,0.0,73.0,0.0,38.166666666666664,635.96,0.0,0,1,2,8,0,0,0.0,0.0,carga19
2026-09-18 16:43:11,17.0,35.0,25.0,403.0,0.0,0.0,0.0,40.9,0.0,44.9,11.2,0.0,0.0,0.0,320080.0,1520554.0,27.0,0.0,0.0,0.12,0.01,0.03,0.0,9.0,9.0,1456.0,91.0,14691.0,0.0,110278.0,35160.0,2003.0,0.0,0.0,0.0,0.0,0.0,0.0,95.0,0.0,48.0,679.08,0.0,1,0,7,3,0,0,0.0,0.0,carga19
2026-09-18 16:43:16,16.0,35.0,23.0,403.0,0.0,0.0,0.0,41.1,0.0,44.5,11.1,0.0,0.0,0.0,20611607.0,1587052.0,25.0,0.0,0.0,0.11,0.01,0.03,0.0,9.0,9.0,1428.0,91.2,14720.0,0.0,87229.0,38633.0,2008.0,0.0,0.0,0.0,0.0,0.0,0.0,77.0,0.0,49.6,663.56,1.0,0,0,9,10,0,0,0.0,0.0,carga19
2026-09-18 16:43:21,18.0,35.0,16.0,403.0,0.0,0.0,0.0,43.5,0.0,44.8,9.0,0.0,0.0,0.0,359506.0,1390058.0,26.0,0.0,0.0,0.11,0.01,0.03,0.0,9.0,9.0,1440.0,91.1,14707.0,0.0,95310.0,36757.0,2013.0,0.0,0.0,0.0,0.0,0.0,0.0,78.0,0.0,49.0,695.46,0.0,0,1,10,17,0,0,0.0,0.0,carga19
2026-09-18 16:43:26,15.0,35.0,31.0,403.0,0.0,0.0,0.0,47.3,0.0,42.2,8.2,0.0,0.0,0.0,376833.0,1207744.0,27.0,0.0,0.0,0.1,0.01,0.03,0.0,9.0,9.0,1466.0,90.9,14681.0,0.0,108755.0,37947.0,2019.0,0.0,0.0,0.0,0.0,0.0,0.0,63.0,0.0,46.8,657.03,0.0,0,0,9,3,0,0,0.0,0.0,carga19
2026-09-18 16:43:32,18.0,35.0,14.0,403.0,0.0,0.0,0.0,46.2,0.0,42.7,8.6,0.0,0.0,0.0,86618.0,1356920.0,26.0,0.0,0.0,0.09,0.01,0.03,0.0,9.0,9.0,1499.0,90.7,14649.0,0.0,99352.0,37544.0,2024.0,0.0,0.0,0.0,0.0,0.0,0.0,81.0,0.0,38.333333333333336,628.07,0.0,0,0,4,8,0,0,0.0,0.0,carga19
2026-09-18 16:43:37,19.0,34.0,26.0,403.0,0.0,0.0,0.0,37.6,0.0,46.5,12.9,0.0,0.0,0.0,895122.0,1708050.0,24.0,0.0,0.0,0.08,0.01,0.03,0.0,9.0,9.0,1407.0,91.3,14740.0,0.0,107064.0,44470.0,2029.0,0.0,0.0,0.0,0.0,0.0,0.0,88.0,0.0,47.6,635.44,0.0,0,1,14,10,0,0,0.0,0.0,carga19
2026-09-18 16:43:42,17.0,34.0,17.0,403.0,0.0,0.0,0.0,46.9,0.0,43.0,7.9,0.0,0.0,0.0,2377009.0,2518789.0,24.0,0.0,0.0,0.08,0.01,0.03,0.0,9.0,9.0,1440.0,91.1,14707.0,0.0,102774.0,39382.0,2035.0,0.0,0.0,0.0,0.0,0.0,0.0,73.0,0.0,47.6,592.68,0.0,0,0,8,10,0,0,0.0,0.0,carga19
2026-09-18 16:43:47,19.0,34.0,22.0,403.0,0.0,0.0,0.0,46.8,0.0,41.7,9.5,0.0,0.0,0.0,363974.0,1712790.0,25.0,0.0,0.0,0.07,0.01,0.03,0.0,9.0,9.0,1450.0,91.0,14697.0,0.0,91217.0,38571.0,2040.0,0.0,0.0,0.0,0.0,0.0,0.0,91.0,0.0,52.6,666.18,0.0,0,0,4,5,0,0,0.0,0.0,carga19
2026-09-18 16:43:53,18.0,33.0,16.0,403.0,0.0,0.0,0.0,39.8,0.0,46.6,11.0,0.0,0.0,0.0,790404.0,1567995.0,26.0,0.0,0.0,0.06,0.01,0.03,0.0,9.0,9.0,1374.0,91.5,14773.0,0.0,98833.0,40110.0,2046.0,0.0,0.0,0.0,0.0,0.0,0.0,85.0,0.0,37.666666666666664,605.2,1.0,1,0,5,5,0,0,0.0,0.0,carga19
2026-09-18 16:43:58,19.0,34.0,34.0,403.0,0.0,0.0,0.0,42.2,0.0,43.6,11.5,0.0,0.0,0.0,479468.0,1400316.0,24.0,0.0,0.0,0.06,0.01,0.03,0.0,9.0,9.0,1335.0,91.7,14813.0,0.0,116113.0,36708.0,2051.0,0.0,0.0,0.0,0.0,0.0,0.0,61.0,0.0,44.4,647.71,0.0,0,2,5,9,0,0,0.0,0.0,carga19
2026-09-18 16:44:03,18.0,33.0,17.0,403.0,0.0,0.0,0.0,37.5,0.0,46.3,13.2,0.0,0.0,0.0,737299.0,1565656.0,26.0,0.0,0.0,0.53,0.04,0.13,0.0,9.0,9.0,1365.0,91.5,14782.0,0.0,115525.0,51587.0,2056.0,0.0,0.0,0.0,0.0,0.0,0.0,60.0,0.0,44.2,626.11,0.0,0,0,9,6,0,0,0.0,0.0,carga19
2026-09-18 16:44:08,18.0,33.0,42.0,403.0,0.0,0.0,0.0,17.4,0.0,50.7,28.9,0.0,0.0,0.0,869032.0,1410320.0,25.0,0.0,0.0,1.05,0.08,0.24,1.0,9.0,9.0,1310.0,91.9,14837.0,0.0,128583.0,53960.0,2061.0,0.0,0.0,0.0,0.0,0.0,0.0,98.0,0.0,37.0,568.51,0.0,0,0,7,6,0,0,0.0,0.0,carga19
2026-09-18 16:44:13,17.0,33.0,26.0,403.0,0.0,0.0,0.0,35.4,0.0,46.2,15.6,0.0,0.0,0.0,549714.0,1311886.0,25.0,0.0,0.0,0.97,0.08,0.24,0.0,9.0,9.0,1281.0,92.1,14866.0,0.0,100524.0,40731.0,2066.0,0.0,0.0,0.0,0.0,0.0,0.0,76.0,0.0,46.2,629.69,0.0,0,0,6,3,0,0,0.0,0.0,carga19
2026-09-18 16:44:19,16.0,33.0,16.0,403.0,0.0,0.0,0.0,39.5,0.0,43.8,14.3,0.0,0.0,0.0,777500.0,1269587.0,24.0,0.0,0.0,0.89,0.08,0.23,2.0,9.0,9.0,1251.0,92.3,14896.0,0.0,110214.0,35762.0,2072.0,0.0,0.0,0.0,0.0,0.0,0.0,87.0,0.0,38.833333333333336,639.6,0.0,0,0,16,22,0,0,0.0,0.0,carga19
2026-09-18 16:44:24,20.0,34.0,18.0,403.0,0.0,0.0,0.0,30.2,0.0,47.2,20.4,0.0,0.0,0.0,1162863.0,1645516.0,22.0,0.0,0.0,1.14,0.1,0.29,0.0,9.0,9.0,1235.0,92.4,14912.0,0.0,153833.0,46368.0,2077.0,0.0,0.0,0.0,0.0,0.0,0.0,88.0,0.0,45.4,577.73,0.0,0,0,0,0,0,0,0.0,0.0,carga19
2026-09-18 16:44:29,17.0,33.0,30.0,403.0,0.0,0.0,0.0,43.9,0.0,43.1,11.2,0.0,0.0,0.0,237043.0,1576608.0,24.0,0.0,0.0,1.05,0.1,0.29,0.0,9.0,9.0,1287.0,92.0,14860.0,0.0,127657.0,45163.0,2082.0,0.0,0.0,0.0,0.0,0.0,0.0,83.0,0.0,50.4,644.16,0.0,0,0,10,9,0,0,0.0,0.0,carga19
2026-09-18 16:44:34,10.0,23.0,23.0,403.0,0.0,0.0,0.0,49.1,0.0,32.3,16.3,0.0,0.0,0.0,2636806.0,4199538.0,22.0,0.0,0.0,0.89,0.1,0.28,0.0,9.0,9.0,1291.0,92.0,14857.0,0.0,109621.0,36514.0,2087.0,0.0,0.0,0.0,0.0,0.0,0.0,13.0,0.0,21.0,320.23,0.0,0,0,8,8,0,0,0.0,0.0,carga19
