event_name,timestamp,session_id,login_name,program_name,database_name,_linea,resource_type,mode,severity,error_number,message,process_type
login,2026-09-11 03:05:50.230,88.0,sa,Python,SteelNort,"{""event_name"": ""login"", ""timestamp"": ""2026-09-11 03:05:50.230"", ""session_id"": 88, ""login_name"": ""sa"", ""program_name"": ""Python"", ""database_name"": ""SteelNort""}",0,0,0.0,0.0,0,UNKNOWN
login,2026-09-11 03:05:50.230,89.0,sa,SteelNortCargaNormal,SteelNort,"{""event_name"": ""login"", ""timestamp"": ""2026-09-11 03:05:50.230"", ""session_id"": 89, ""login_name"": ""sa"", ""program_name"": ""SteelNortCargaNormal"", ""database_name"": ""SteelNort""}",0,0,0.0,0.0,0,UNKNOWN
login,2026-09-11 03:05:50.230,86.0,sa,Python,SteelNort,"{""event_name"": ""login"", ""timestamp"": ""2026-09-11 03:05:50.230"", ""session_id"": 86, ""login_name"": ""sa"", ""program_name"": ""Python"", ""database_name"": ""SteelNort""}",0,0,0.0,0.0,0,UNKNOWN
lock_acquired,2026-09-11 03:05:50.230,89.0,0,0,0,"{""event_name"": ""lock_acquired"", ""timestamp"": ""2026-09-11 03:05:50.230"", ""session_id"": 89, ""resource_type"": ""DATABASE"", ""mode"": ""S""}",DATABASE,S,0.0,0.0,0,UNKNOWN
lock_acquired,2026-09-11 03:05:50.230,88.0,0,0,0,"{""event_name"": ""lock_acquired"", ""timestamp"": ""2026-09-11 03:05:50.230"", ""session_id"": 88, ""resource_type"": ""DATABASE"", ""mode"": ""S""}",DATABASE,S,0.0,0.0,0,UNKNOWN
lock_acquired,2026-09-11 03:05:50.230,86.0,0,0,0,"{""event_name"": ""lock_acquired"", ""timestamp"": ""2026-09-11 03:05:50.230"", ""session_id"": 86, ""resource_type"": ""DATABASE"", ""mode"": ""S""}",DATABASE,S,0.0,0.0,0,UNKNOWN
lock_released,2026-09-11 03:05:50.230,77.0,0,0,0,"{""event_name"": ""lock_released"", ""timestamp"": ""2026-09-11 03:05:50.230"", ""session_id"": 77, ""resource_type"": ""KEY"", ""mode"": ""X""}",KEY,X,0.0,0.0,0,UNKNOWN
lock_released,2026-09-11 03:05:50.230,77.0,0,0,0,"{""event_name"": ""lock_released"", ""timestamp"": ""2026-09-11 03:05:50.230"", ""session_id"": 77, ""resource_type"": ""OBJECT"", ""mode"": ""IX""}",OBJECT,IX,0.0,0.0,0,UNKNOWN
lock_released,2026-09-11 03:05:50.230,77.0,0,0,0,"{""event_name"": ""lock_released"", ""timestamp"": ""2026-09-11 03:05:50.230"", ""session_id"": 77, ""resource_type"": ""METADATA"", ""mode"": ""Sch-M""}",METADATA,Sch-M,0.0,0.0,0,UNKNOWN
lock_released,2026-09-11 03:05:50.230,77.0,0,0,0,"{""event_name"": ""lock_released"", ""timestamp"": ""2026-09-11 03:05:50.230"", ""session_id"": 77, ""resource_type"": ""METADATA"", ""mode"": ""Sch-S""}",METADATA,Sch-S,0.0,0.0,0,UNKNOWN
lock_acquired,2026-09-11 03:05:55.257,89.0,0,0,0,"{""event_name"": ""lock_acquired"", ""timestamp"": ""2026-09-11 03:05:55.257"", ""session_id"": 89, ""resource_type"": ""OBJECT"", ""mode"": ""IX""}",OBJECT,IX,0.0,0.0,0,UNKNOWN
lock_acquired,2026-09-11 03:05:55.257,89.0,0,0,0,"{""event_name"": ""lock_acquired"", ""timestamp"": ""2026-09-11 03:05:55.257"", ""session_id"": 89, ""resource_type"": ""PAGE"", ""mode"": ""S""}",PAGE,S,0.0,0.0,0,UNKNOWN
lock_acquired,2026-09-11 03:06:00.286,89.0,0,0,0,"{""event_name"": ""lock_acquired"", ""timestamp"": ""2026-09-11 03:06:00.286"", ""session_id"": 89, ""resource_type"": ""PAGE"", ""mode"": ""IS""}",PAGE,IS,0.0,0.0,0,UNKNOWN
lock_acquired,2026-09-11 03:06:00.286,89.0,0,0,0,"{""event_name"": ""lock_acquired"", ""timestamp"": ""2026-09-11 03:06:00.286"", ""session_id"": 89, ""resource_type"": ""OBJECT"", ""mode"": ""IS""}",OBJECT,IS,0.0,0.0,0,UNKNOWN
lock_released,2026-09-11 03:06:00.286,89.0,0,0,0,"{""event_name"": ""lock_released"", ""timestamp"": ""2026-09-11 03:06:00.286"", ""session_id"": 89, ""resource_type"": ""OBJECT"", ""mode"": ""IX""}",OBJECT,IX,0.0,0.0,0,UNKNOWN
lock_released,2026-09-11 03:06:00.286,89.0,0,0,0,"{""event_name"": ""lock_released"", ""timestamp"": ""2026-09-11 03:06:00.286"", ""session_id"": 89, ""resource_type"": ""PAGE"", ""mode"": ""S""}",PAGE,S,0.0,0.0,0,UNKNOWN
lock_acquired,2026-09-11 03:06:05.323,89.0,0,0,0,"{""event_name"": ""lock_acquired"", ""timestamp"": ""2026-09-11 03:06:05.323"", ""session_id"": 89, ""resource_type"": ""OBJECT"", ""mode"": ""Sch-S""}",OBJECT,Sch-S,0.0,0.0,0,UNKNOWN
lock_released,2026-09-11 03:06:05.323,89.0,0,0,0,"{""event_name"": ""lock_released"", ""timestamp"": ""2026-09-11 03:06:05.323"", ""session_id"": 89, ""resource_type"": ""PAGE"", ""mode"": ""IS""}",PAGE,IS,0.0,0.0,0,UNKNOWN
lock_released,2026-09-11 03:06:05.323,89.0,0,0,0,"{""event_name"": ""lock_released"", ""timestamp"": ""2026-09-11 03:06:05.323"", ""session_id"": 89, ""resource_type"": ""OBJECT"", ""mode"": ""IS""}",OBJECT,IS,0.0,0.0,0,UNKNOWN
login,2026-09-11 03:06:10.355,96.0,sa,SteelNortCargaAnomalia,SteelNort,"{""event_name"": ""login"", ""timestamp"": ""2026-09-11 03:06:10.355"", ""session_id"": 96, ""login_name"": ""sa"", ""program_name"": ""SteelNortCargaAnomalia"", ""database_name"": ""SteelNort""}",0,0,0.0,0.0,0,UNKNOWN
login,2026-09-11 03:06:10.355,90.0,sa,SteelNortCargaAnomalia,SteelNort,"{""event_name"": ""login"", ""timestamp"": ""2026-09-11 03:06:10.355"", ""session_id"": 90, ""login_name"": ""sa"", ""program_name"": ""SteelNortCargaAnomalia"", ""database_name"": ""SteelNort""}",0,0,0.0,0.0,0,UNKNOWN
login,2026-09-11 03:06:10.355,91.0,sa,SteelNortCargaAnomalia,SteelNort,"{""event_name"": ""login"", ""timestamp"": ""2026-09-11 03:06:10.355"", ""session_id"": 91, ""login_name"": ""sa"", ""program_name"": ""SteelNortCargaAnomalia"", ""database_name"": ""SteelNort""}",0,0,0.0,0.0,0,UNKNOWN
login,2026-09-11 03:06:10.355,92.0,sa,SteelNortCargaAnomalia,SteelNort,"{""event_name"": ""login"", ""timestamp"": ""2026-09-11 03:06:10.355"", ""session_id"": 92, ""login_name"": ""sa"", ""program_name"": ""SteelNortCargaAnomalia"", ""database_name"": ""SteelNort""}",0,0,0.0,0.0,0,UNKNOWN
login,2026-09-11 03:06:10.355,93.0,sa,SteelNortCargaAnomalia,SteelNort,"{""event_name"": ""login"", ""timestamp"": ""2026-09-11 03:06:10.355"", ""session_id"": 93, ""login_name"": ""sa"", ""program_name"": ""SteelNortCargaAnomalia"", ""database_name"": ""SteelNort""}",0,0,0.0,0.0,0,UNKNOWN
login,2026-09-11 03:06:10.355,94.0,sa,SteelNortCargaAnomalia,SteelNort,"{""event_name"": ""login"", ""timestamp"": ""2026-09-11 03:06:10.355"", ""session_id"": 94, ""login_name"": ""sa"", ""program_name"": ""SteelNortCargaAnomalia"", ""database_name"": ""SteelNort""}",0,0,0.0,0.0,0,UNKNOWN
login,2026-09-11 03:06:10.355,95.0,sa,SteelNortCargaAnomalia,SteelNort,"{""event_name"": ""login"", ""timestamp"": ""2026-09-11 03:06:10.355"", ""session_id"": 95, ""login_name"": ""sa"", ""program_name"": ""SteelNortCargaAnomalia"", ""database_name"": ""SteelNort""}",0,0,0.0,0.0,0,UNKNOWN
lock_acquired,2026-09-11 03:06:10.355,92.0,0,0,0,"{""event_name"": ""lock_acquired"", ""timestamp"": ""2026-09-11 03:06:10.355"", ""session_id"": 92, ""resource_type"": ""OBJECT"", ""mode"": ""IX""}",OBJECT,IX,0.0,0.0,0,UNKNOWN
lock_acquired,2026-09-11 03:06:10.355,90.0,0,0,0,"{""event_name"": ""lock_acquired"", ""timestamp"": ""2026-09-11 03:06:10.355"", ""session_id"": 90, ""resource_type"": ""DATABASE"", ""mode"": ""S""}",DATABASE,S,0.0,0.0,0,UNKNOWN
lock_acquired,2026-09-11 03:06:10.355,93.0,0,0,0,"{""event_name"": ""lock_acquired"", ""timestamp"": ""2026-09-11 03:06:10.355"", ""session_id"": 93, ""resource_type"": ""OBJECT"", ""mode"": ""IX""}",OBJECT,IX,0.0,0.0,0,UNKNOWN
lock_acquired,2026-09-11 03:06:10.355,91.0,0,0,0,"{""event_name"": ""lock_acquired"", ""timestamp"": ""2026-09-11 03:06:10.355"", ""session_id"": 91, ""resource_type"": ""PAGE"", ""mode"": ""IX""}",PAGE,IX,0.0,0.0,0,UNKNOWN
lock_acquired,2026-09-11 03:06:10.355,96.0,0,0,0,"{""event_name"": ""lock_acquired"", ""timestamp"": ""2026-09-11 03:06:10.355"", ""session_id"": 96, ""resource_type"": ""DATABASE"", ""mode"": ""S""}",DATABASE,S,0.0,0.0,0,UNKNOWN
lock_acquired,2026-09-11 03:06:10.355,94.0,0,0,0,"{""event_name"": ""lock_acquired"", ""timestamp"": ""2026-09-11 03:06:10.355"", ""session_id"": 94, ""resource_type"": ""OBJECT"", ""mode"": ""IX""}",OBJECT,IX,0.0,0.0,0,UNKNOWN
lock_acquired,2026-09-11 03:06:10.355,92.0,0,0,0,"{""event_name"": ""lock_acquired"", ""timestamp"": ""2026-09-11 03:06:10.355"", ""session_id"": 92, ""resource_type"": ""PAGE"", ""mode"": ""IX""}",PAGE,IX,0.0,0.0,0,UNKNOWN
lock_acquired,2026-09-11 03:06:10.355,93.0,0,0,0,"{""event_name"": ""lock_acquired"", ""timestamp"": ""2026-09-11 03:06:10.355"", ""session_id"": 93, ""resource_type"": ""PAGE"", ""mode"": ""IX""}",PAGE,IX,0.0,0.0,0,UNKNOWN
lock_acquired,2026-09-11 03:06:10.355,90.0,0,0,0,"{""event_name"": ""lock_acquired"", ""timestamp"": ""2026-09-11 03:06:10.355"", ""session_id"": 90, ""resource_type"": ""OBJECT"", ""mode"": ""IX""}",OBJECT,IX,0.0,0.0,0,UNKNOWN
lock_acquired,2026-09-11 03:06:10.355,94.0,0,0,0,"{""event_name"": ""lock_acquired"", ""timestamp"": ""2026-09-11 03:06:10.355"", ""session_id"": 94, ""resource_type"": ""PAGE"", ""mode"": ""IX""}",PAGE,IX,0.0,0.0,0,UNKNOWN
lock_acquired,2026-09-11 03:06:10.355,95.0,0,0,0,"{""event_name"": ""lock_acquired"", ""timestamp"": ""2026-09-11 03:06:10.355"", ""session_id"": 95, ""resource_type"": ""DATABASE"", ""mode"": ""S""}",DATABASE,S,0.0,0.0,0,UNKNOWN
lock_acquired,2026-09-11 03:06:10.355,96.0,0,0,0,"{""event_name"": ""lock_acquired"", ""timestamp"": ""2026-09-11 03:06:10.355"", ""session_id"": 96, ""resource_type"": ""OBJECT"", ""mode"": ""IX""}",OBJECT,IX,0.0,0.0,0,UNKNOWN
lock_acquired,2026-09-11 03:06:10.355,90.0,0,0,0,"{""event_name"": ""lock_acquired"", ""timestamp"": ""2026-09-11 03:06:10.355"", ""session_id"": 90, ""resource_type"": ""PAGE"", ""mode"": ""IX""}",PAGE,IX,0.0,0.0,0,UNKNOWN
lock_acquired,2026-09-11 03:06:10.355,96.0,0,0,0,"{""event_name"": ""lock_acquired"", ""timestamp"": ""2026-09-11 03:06:10.355"", ""session_id"": 96, ""resource_type"": ""PAGE"", ""mode"": ""IX""}",PAGE,IX,0.0,0.0,0,UNKNOWN
lock_acquired,2026-09-11 03:06:10.355,91.0,0,0,0,"{""event_name"": ""lock_acquired"", ""timestamp"": ""2026-09-11 03:06:10.355"", ""session_id"": 91, ""resource_type"": ""DATABASE"", ""mode"": ""S""}",DATABASE,S,0.0,0.0,0,UNKNOWN
lock_acquired,2026-09-11 03:06:10.355,95.0,0,0,0,"{""event_name"": ""lock_acquired"", ""timestamp"": ""2026-09-11 03:06:10.355"", ""session_id"": 95, ""resource_type"": ""OBJECT"", ""mode"": ""IX""}",OBJECT,IX,0.0,0.0,0,UNKNOWN
lock_acquired,2026-09-11 03:06:10.355,92.0,0,0,0,"{""event_name"": ""lock_acquired"", ""timestamp"": ""2026-09-11 03:06:10.355"", ""session_id"": 92, ""resource_type"": ""DATABASE"", ""mode"": ""S""}",DATABASE,S,0.0,0.0,0,UNKNOWN
lock_acquired,2026-09-11 03:06:10.355,94.0,0,0,0,"{""event_name"": ""lock_acquired"", ""timestamp"": ""2026-09-11 03:06:10.355"", ""session_id"": 94, ""resource_type"": ""DATABASE"", ""mode"": ""S""}",DATABASE,S,0.0,0.0,0,UNKNOWN
lock_acquired,2026-09-11 03:06:10.355,93.0,0,0,0,"{""event_name"": ""lock_acquired"", ""timestamp"": ""2026-09-11 03:06:10.355"", ""session_id"": 93, ""resource_type"": ""DATABASE"", ""mode"": ""S""}",DATABASE,S,0.0,0.0,0,UNKNOWN
lock_acquired,2026-09-11 03:06:10.355,91.0,0,0,0,"{""event_name"": ""lock_acquired"", ""timestamp"": ""2026-09-11 03:06:10.355"", ""session_id"": 91, ""resource_type"": ""KEY"", ""mode"": ""X""}",KEY,X,0.0,0.0,0,UNKNOWN
lock_acquired,2026-09-11 03:06:10.355,91.0,0,0,0,"{""event_name"": ""lock_acquired"", ""timestamp"": ""2026-09-11 03:06:10.355"", ""session_id"": 91, ""resource_type"": ""OBJECT"", ""mode"": ""IX""}",OBJECT,IX,0.0,0.0,0,UNKNOWN
lock_acquired,2026-09-11 03:06:10.355,95.0,0,0,0,"{""event_name"": ""lock_acquired"", ""timestamp"": ""2026-09-11 03:06:10.355"", ""session_id"": 95, ""resource_type"": ""PAGE"", ""mode"": ""IX""}",PAGE,IX,0.0,0.0,0,UNKNOWN
lock_released,2026-09-11 03:06:10.355,89.0,0,0,0,"{""event_name"": ""lock_released"", ""timestamp"": ""2026-09-11 03:06:10.355"", ""session_id"": 89, ""resource_type"": ""OBJECT"", ""mode"": ""Sch-S""}",OBJECT,Sch-S,0.0,0.0,0,UNKNOWN
logout,2026-09-11 03:06:20.420,51.0,0,0,0,"{""event_name"": ""logout"", ""timestamp"": ""2026-09-11 03:06:20.420"", ""session_id"": 51}",0,0,0.0,0.0,0,UNKNOWN
logout,2026-09-11 03:06:20.420,52.0,0,0,0,"{""event_name"": ""logout"", ""timestamp"": ""2026-09-11 03:06:20.420"", ""session_id"": 52}",0,0,0.0,0.0,0,UNKNOWN
logout,2026-09-11 03:06:20.420,53.0,0,0,0,"{""event_name"": ""logout"", ""timestamp"": ""2026-09-11 03:06:20.420"", ""session_id"": 53}",0,0,0.0,0.0,0,UNKNOWN
logout,2026-09-11 03:06:20.420,54.0,0,0,0,"{""event_name"": ""logout"", ""timestamp"": ""2026-09-11 03:06:20.420"", ""session_id"": 54}",0,0,0.0,0.0,0,UNKNOWN
logout,2026-09-11 03:06:20.420,55.0,0,0,0,"{""event_name"": ""logout"", ""timestamp"": ""2026-09-11 03:06:20.420"", ""session_id"": 55}",0,0,0.0,0.0,0,UNKNOWN
logout,2026-09-11 03:06:20.420,57.0,0,0,0,"{""event_name"": ""logout"", ""timestamp"": ""2026-09-11 03:06:20.420"", ""session_id"": 57}",0,0,0.0,0.0,0,UNKNOWN
logout,2026-09-11 03:06:20.420,59.0,0,0,0,"{""event_name"": ""logout"", ""timestamp"": ""2026-09-11 03:06:20.420"", ""session_id"": 59}",0,0,0.0,0.0,0,UNKNOWN
logout,2026-09-11 03:06:20.420,60.0,0,0,0,"{""event_name"": ""logout"", ""timestamp"": ""2026-09-11 03:06:20.420"", ""session_id"": 60}",0,0,0.0,0.0,0,UNKNOWN
logout,2026-09-11 03:06:20.420,61.0,0,0,0,"{""event_name"": ""logout"", ""timestamp"": ""2026-09-11 03:06:20.420"", ""session_id"": 61}",0,0,0.0,0.0,0,UNKNOWN
logout,2026-09-11 03:06:25.450,56.0,0,0,0,"{""event_name"": ""logout"", ""timestamp"": ""2026-09-11 03:06:25.450"", ""session_id"": 56}",0,0,0.0,0.0,0,UNKNOWN
lock_released,2026-09-11 03:06:25.450,92.0,0,0,0,"{""event_name"": ""lock_released"", ""timestamp"": ""2026-09-11 03:06:25.450"", ""session_id"": 92, ""resource_type"": ""PAGE"", ""mode"": ""IX""}",PAGE,IX,0.0,0.0,0,UNKNOWN
lock_released,2026-09-11 03:06:25.450,95.0,0,0,0,"{""event_name"": ""lock_released"", ""timestamp"": ""2026-09-11 03:06:25.450"", ""session_id"": 95, ""resource_type"": ""OBJECT"", ""mode"": ""IX""}",OBJECT,IX,0.0,0.0,0,UNKNOWN
lock_released,2026-09-11 03:06:25.450,92.0,0,0,0,"{""event_name"": ""lock_released"", ""timestamp"": ""2026-09-11 03:06:25.450"", ""session_id"": 92, ""resource_type"": ""OBJECT"", ""mode"": ""IX""}",OBJECT,IX,0.0,0.0,0,UNKNOWN
lock_released,2026-09-11 03:06:25.450,96.0,0,0,0,"{""event_name"": ""lock_released"", ""timestamp"": ""2026-09-11 03:06:25.450"", ""session_id"": 96, ""resource_type"": ""OBJECT"", ""mode"": ""IX""}",OBJECT,IX,0.0,0.0,0,UNKNOWN
lock_released,2026-09-11 03:06:25.450,93.0,0,0,0,"{""event_name"": ""lock_released"", ""timestamp"": ""2026-09-11 03:06:25.450"", ""session_id"": 93, ""resource_type"": ""PAGE"", ""mode"": ""IX""}",PAGE,IX,0.0,0.0,0,UNKNOWN
lock_released,2026-09-11 03:06:25.450,90.0,0,0,0,"{""event_name"": ""lock_released"", ""timestamp"": ""2026-09-11 03:06:25.450"", ""session_id"": 90, ""resource_type"": ""PAGE"", ""mode"": ""IX""}",PAGE,IX,0.0,0.0,0,UNKNOWN
lock_released,2026-09-11 03:06:25.450,90.0,0,0,0,"{""event_name"": ""lock_released"", ""timestamp"": ""2026-09-11 03:06:25.450"", ""session_id"": 90, ""resource_type"": ""OBJECT"", ""mode"": ""IX""}",OBJECT,IX,0.0,0.0,0,UNKNOWN
lock_released,2026-09-11 03:06:25.450,91.0,0,0,0,"{""event_name"": ""lock_released"", ""timestamp"": ""2026-09-11 03:06:25.450"", ""session_id"": 91, ""resource_type"": ""KEY"", ""mode"": ""X""}",KEY,X,0.0,0.0,0,UNKNOWN
lock_released,2026-09-11 03:06:25.450,94.0,0,0,0,"{""event_name"": ""lock_released"", ""timestamp"": ""2026-09-11 03:06:25.450"", ""session_id"": 94, ""resource_type"": ""PAGE"", ""mode"": ""IX""}",PAGE,IX,0.0,0.0,0,UNKNOWN
lock_released,2026-09-11 03:06:25.450,93.0,0,0,0,"{""event_name"": ""lock_released"", ""timestamp"": ""2026-09-11 03:06:25.450"", ""session_id"": 93, ""resource_type"": ""OBJECT"", ""mode"": ""IX""}",OBJECT,IX,0.0,0.0,0,UNKNOWN
lock_released,2026-09-11 03:06:25.450,91.0,0,0,0,"{""event_name"": ""lock_released"", ""timestamp"": ""2026-09-11 03:06:25.450"", ""session_id"": 91, ""resource_type"": ""PAGE"", ""mode"": ""IX""}",PAGE,IX,0.0,0.0,0,UNKNOWN
lock_released,2026-09-11 03:06:25.450,94.0,0,0,0,"{""event_name"": ""lock_released"", ""timestamp"": ""2026-09-11 03:06:25.450"", ""session_id"": 94, ""resource_type"": ""OBJECT"", ""mode"": ""IX""}",OBJECT,IX,0.0,0.0,0,UNKNOWN
lock_released,2026-09-11 03:06:25.450,96.0,0,0,0,"{""event_name"": ""lock_released"", ""timestamp"": ""2026-09-11 03:06:25.450"", ""session_id"": 96, ""resource_type"": ""PAGE"", ""mode"": ""IX""}",PAGE,IX,0.0,0.0,0,UNKNOWN
lock_released,2026-09-11 03:06:25.450,91.0,0,0,0,"{""event_name"": ""lock_released"", ""timestamp"": ""2026-09-11 03:06:25.450"", ""session_id"": 91, ""resource_type"": ""OBJECT"", ""mode"": ""IX""}",OBJECT,IX,0.0,0.0,0,UNKNOWN
lock_released,2026-09-11 03:06:25.450,95.0,0,0,0,"{""event_name"": ""lock_released"", ""timestamp"": ""2026-09-11 03:06:25.450"", ""session_id"": 95, ""resource_type"": ""PAGE"", ""mode"": ""IX""}",PAGE,IX,0.0,0.0,0,UNKNOWN
lock_acquired,2026-09-11 03:06:30.480,89.0,0,0,0,"{""event_name"": ""lock_acquired"", ""timestamp"": ""2026-09-11 03:06:30.480"", ""session_id"": 89, ""resource_type"": ""OBJECT"", ""mode"": ""IX""}",OBJECT,IX,0.0,0.0,0,UNKNOWN
lock_acquired,2026-09-11 03:06:30.480,89.0,0,0,0,"{""event_name"": ""lock_acquired"", ""timestamp"": ""2026-09-11 03:06:30.480"", ""session_id"": 89, ""resource_type"": ""PAGE"", ""mode"": ""S""}",PAGE,S,0.0,0.0,0,UNKNOWN
lock_released,2026-09-11 03:06:35.525,89.0,0,0,0,"{""event_name"": ""lock_released"", ""timestamp"": ""2026-09-11 03:06:35.525"", ""session_id"": 89, ""resource_type"": ""OBJECT"", ""mode"": ""IX""}",OBJECT,IX,0.0,0.0,0,UNKNOWN
lock_released,2026-09-11 03:06:35.525,89.0,0,0,0,"{""event_name"": ""lock_released"", ""timestamp"": ""2026-09-11 03:06:35.525"", ""session_id"": 89, ""resource_type"": ""PAGE"", ""mode"": ""S""}",PAGE,S,0.0,0.0,0,UNKNOWN
login,2026-09-11 03:06:40.556,51.0,sa,SteelNortCargaAnomalia,SteelNort,"{""event_name"": ""login"", ""timestamp"": ""2026-09-11 03:06:40.556"", ""session_id"": 51, ""login_name"": ""sa"", ""program_name"": ""SteelNortCargaAnomalia"", ""database_name"": ""SteelNort""}",0,0,0.0,0.0,0,UNKNOWN
login,2026-09-11 03:06:40.556,52.0,sa,SteelNortCargaAnomalia,SteelNort,"{""event_name"": ""login"", ""timestamp"": ""2026-09-11 03:06:40.556"", ""session_id"": 52, ""login_name"": ""sa"", ""program_name"": ""SteelNortCargaAnomalia"", ""database_name"": ""SteelNort""}",0,0,0.0,0.0,0,UNKNOWN
login,2026-09-11 03:06:40.556,53.0,sa,SteelNortCargaAnomalia,SteelNort,"{""event_name"": ""login"", ""timestamp"": ""2026-09-11 03:06:40.556"", ""session_id"": 53, ""login_name"": ""sa"", ""program_name"": ""SteelNortCargaAnomalia"", ""database_name"": ""SteelNort""}",0,0,0.0,0.0,0,UNKNOWN
login,2026-09-11 03:06:40.556,54.0,sa,SteelNortCargaAnomalia,SteelNort,"{""event_name"": ""login"", ""timestamp"": ""2026-09-11 03:06:40.556"", ""session_id"": 54, ""login_name"": ""sa"", ""program_name"": ""SteelNortCargaAnomalia"", ""database_name"": ""SteelNort""}",0,0,0.0,0.0,0,UNKNOWN
lock_acquired,2026-09-11 03:06:40.556,94.0,0,0,0,"{""event_name"": ""lock_acquired"", ""timestamp"": ""2026-09-11 03:06:40.556"", ""session_id"": 94, ""resource_type"": ""KEY"", ""mode"": ""S""}",KEY,S,0.0,0.0,0,UNKNOWN
lock_acquired,2026-09-11 03:06:40.556,90.0,0,0,0,"{""event_name"": ""lock_acquired"", ""timestamp"": ""2026-09-11 03:06:40.556"", ""session_id"": 90, ""resource_type"": ""KEY"", ""mode"": ""X""}",KEY,X,0.0,0.0,0,UNKNOWN
lock_acquired,2026-09-11 03:06:40.556,51.0,0,0,0,"{""event_name"": ""lock_acquired"", ""timestamp"": ""2026-09-11 03:06:40.556"", ""session_id"": 51, ""resource_type"": ""DATABASE"", ""mode"": ""S""}",DATABASE,S,0.0,0.0,0,UNKNOWN
lock_acquired,2026-09-11 03:06:40.556,93.0,0,0,0,"{""event_name"": ""lock_acquired"", ""timestamp"": ""2026-09-11 03:06:40.556"", ""session_id"": 93, ""resource_type"": ""OBJECT"", ""mode"": ""IX""}",OBJECT,IX,0.0,0.0,0,UNKNOWN
lock_acquired,2026-09-11 03:06:40.556,93.0,0,0,0,"{""event_name"": ""lock_acquired"", ""timestamp"": ""2026-09-11 03:06:40.556"", ""session_id"": 93, ""resource_type"": ""KEY"", ""mode"": ""X""}",KEY,X,0.0,0.0,0,UNKNOWN
lock_acquired,2026-09-11 03:06:40.556,53.0,0,0,0,"{""event_name"": ""lock_acquired"", ""timestamp"": ""2026-09-11 03:06:40.556"", ""session_id"": 53, ""resource_type"": ""OBJECT"", ""mode"": ""IX""}",OBJECT,IX,0.0,0.0,0,UNKNOWN
lock_acquired,2026-09-11 03:06:40.556,94.0,0,0,0,"{""event_name"": ""lock_acquired"", ""timestamp"": ""2026-09-11 03:06:40.556"", ""session_id"": 94, ""resource_type"": ""OBJECT"", ""mode"": ""IX""}",OBJECT,IX,0.0,0.0,0,UNKNOWN
lock_acquired,2026-09-11 03:06:40.556,52.0,0,0,0,"{""event_name"": ""lock_acquired"", ""timestamp"": ""2026-09-11 03:06:40.556"", ""session_id"": 52, ""resource_type"": ""DATABASE"", ""mode"": ""S""}",DATABASE,S,0.0,0.0,0,UNKNOWN
lock_acquired,2026-09-11 03:06:40.556,95.0,0,0,0,"{""event_name"": ""lock_acquired"", ""timestamp"": ""2026-09-11 03:06:40.556"", ""session_id"": 95, ""resource_type"": ""KEY"", ""mode"": ""U""}",KEY,U,0.0,0.0,0,UNKNOWN
lock_acquired,2026-09-11 03:06:40.556,93.0,0,0,0,"{""event_name"": ""lock_acquired"", ""timestamp"": ""2026-09-11 03:06:40.556"", ""session_id"": 93, ""resource_type"": ""PAGE"", ""mode"": ""IU""}",PAGE,IU,0.0,0.0,0,UNKNOWN
lock_acquired,2026-09-11 03:06:40.556,51.0,0,0,0,"{""event_name"": ""lock_acquired"", ""timestamp"": ""2026-09-11 03:06:40.556"", ""session_id"": 51, ""resource_type"": ""KEY"", ""mode"": ""X""}",KEY,X,0.0,0.0,0,UNKNOWN
lock_acquired,2026-09-11 03:06:40.556,54.0,0,0,0,"{""event_name"": ""lock_acquired"", ""timestamp"": ""2026-09-11 03:06:40.556"", ""session_id"": 54, ""resource_type"": ""OBJECT"", ""mode"": ""IX""}",OBJECT,IX,0.0,0.0,0,UNKNOWN
lock_acquired,2026-09-11 03:06:40.556,93.0,0,0,0,"{""event_name"": ""lock_acquired"", ""timestamp"": ""2026-09-11 03:06:40.556"", ""session_id"": 93, ""resource_type"": ""KEY"", ""mode"": ""S""}",KEY,S,0.0,0.0,0,UNKNOWN
lock_acquired,2026-09-11 03:06:40.556,94.0,0,0,0,"{""event_name"": ""lock_acquired"", ""timestamp"": ""2026-09-11 03:06:40.556"", ""session_id"": 94, ""resource_type"": ""PAGE"", ""mode"": ""IU""}",PAGE,IU,0.0,0.0,0,UNKNOWN
lock_acquired,2026-09-11 03:06:40.556,52.0,0,0,0,"{""event_name"": ""lock_acquired"", ""timestamp"": ""2026-09-11 03:06:40.556"", ""session_id"": 52, ""resource_type"": ""KEY"", ""mode"": ""X""}",KEY,X,0.0,0.0,0,UNKNOWN
lock_acquired,2026-09-11 03:06:40.556,93.0,0,0,0,"{""event_name"": ""lock_acquired"", ""timestamp"": ""2026-09-11 03:06:40.556"", ""session_id"": 93, ""resource_type"": ""PAGE"", ""mode"": ""IX""}",PAGE,IX,0.0,0.0,0,UNKNOWN
lock_acquired,2026-09-11 03:06:40.556,53.0,0,0,0,"{""event_name"": ""lock_acquired"", ""timestamp"": ""2026-09-11 03:06:40.556"", ""session_id"": 53, ""resource_type"": ""PAGE"", ""mode"": ""IS""}",PAGE,IS,0.0,0.0,0,UNKNOWN
lock_acquired,2026-09-11 03:06:40.556,90.0,0,0,0,"{""event_name"": ""lock_acquired"", ""timestamp"": ""2026-09-11 03:06:40.556"", ""session_id"": 90, ""resource_type"": ""OBJECT"", ""mode"": ""IX""}",OBJECT,IX,0.0,0.0,0,UNKNOWN
lock_acquired,2026-09-11 03:06:40.556,94.0,0,0,0,"{""event_name"": ""lock_acquired"", ""timestamp"": ""2026-09-11 03:06:40.556"", ""session_id"": 94, ""resource_type"": ""PAGE"", ""mode"": ""IX""}",PAGE,IX,0.0,0.0,0,UNKNOWN
lock_acquired,2026-09-11 03:06:40.556,53.0,0,0,0,"{""event_name"": ""lock_acquired"", ""timestamp"": ""2026-09-11 03:06:40.556"", ""session_id"": 53, ""resource_type"": ""PAGE"", ""mode"": ""IX""}",PAGE,IX,0.0,0.0,0,UNKNOWN
lock_acquired,2026-09-11 03:06:40.556,54.0,0,0,0,"{""event_name"": ""lock_acquired"", ""timestamp"": ""2026-09-11 03:06:40.556"", ""session_id"": 54, ""resource_type"": ""PAGE"", ""mode"": ""IS""}",PAGE,IS,0.0,0.0,0,UNKNOWN
lock_acquired,2026-09-11 03:06:40.556,54.0,0,0,0,"{""event_name"": ""lock_acquired"", ""timestamp"": ""2026-09-11 03:06:40.556"", ""session_id"": 54, ""resource_type"": ""PAGE"", ""mode"": ""IX""}",PAGE,IX,0.0,0.0,0,UNKNOWN
lock_acquired,2026-09-11 03:06:40.556,51.0,0,0,0,"{""event_name"": ""lock_acquired"", ""timestamp"": ""2026-09-11 03:06:40.556"", ""session_id"": 51, ""resource_type"": ""OBJECT"", ""mode"": ""IX""}",OBJECT,IX,0.0,0.0,0,UNKNOWN
lock_acquired,2026-09-11 03:06:40.556,90.0,0,0,0,"{""event_name"": ""lock_acquired"", ""timestamp"": ""2026-09-11 03:06:40.556"", ""session_id"": 90, ""resource_type"": ""PAGE"", ""mode"": ""IS""}",PAGE,IS,0.0,0.0,0,UNKNOWN
lock_acquired,2026-09-11 03:06:40.556,52.0,0,0,0,"{""event_name"": ""lock_acquired"", ""timestamp"": ""2026-09-11 03:06:40.556"", ""session_id"": 52, ""resource_type"": ""OBJECT"", ""mode"": ""IX""}",OBJECT,IX,0.0,0.0,0,UNKNOWN
lock_acquired,2026-09-11 03:06:40.556,90.0,0,0,0,"{""event_name"": ""lock_acquired"", ""timestamp"": ""2026-09-11 03:06:40.556"", ""session_id"": 90, ""resource_type"": ""PAGE"", ""mode"": ""IX""}",PAGE,IX,0.0,0.0,0,UNKNOWN
lock_acquired,2026-09-11 03:06:40.556,51.0,0,0,0,"{""event_name"": ""lock_acquired"", ""timestamp"": ""2026-09-11 03:06:40.556"", ""session_id"": 51, ""resource_type"": ""PAGE"", ""mode"": ""IS""}",PAGE,IS,0.0,0.0,0,UNKNOWN
lock_acquired,2026-09-11 03:06:40.556,95.0,0,0,0,"{""event_name"": ""lock_acquired"", ""timestamp"": ""2026-09-11 03:06:40.556"", ""session_id"": 95, ""resource_type"": ""KEY"", ""mode"": ""X""}",KEY,X,0.0,0.0,0,UNKNOWN
lock_acquired,2026-09-11 03:06:40.556,51.0,0,0,0,"{""event_name"": ""lock_acquired"", ""timestamp"": ""2026-09-11 03:06:40.556"", ""session_id"": 51, ""resource_type"": ""PAGE"", ""mode"": ""IX""}",PAGE,IX,0.0,0.0,0,UNKNOWN
lock_acquired,2026-09-11 03:06:40.556,52.0,0,0,0,"{""event_name"": ""lock_acquired"", ""timestamp"": ""2026-09-11 03:06:40.556"", ""session_id"": 52, ""resource_type"": ""PAGE"", ""mode"": ""IX""}",PAGE,IX,0.0,0.0,0,UNKNOWN
lock_acquired,2026-09-11 03:06:40.556,52.0,0,0,0,"{""event_name"": ""lock_acquired"", ""timestamp"": ""2026-09-11 03:06:40.556"", ""session_id"": 52, ""resource_type"": ""PAGE"", ""mode"": ""IS""}",PAGE,IS,0.0,0.0,0,UNKNOWN
lock_acquired,2026-09-11 03:06:40.556,95.0,0,0,0,"{""event_name"": ""lock_acquired"", ""timestamp"": ""2026-09-11 03:06:40.556"", ""session_id"": 95, ""resource_type"": ""OBJECT"", ""mode"": ""IX""}",OBJECT,IX,0.0,0.0,0,UNKNOWN
lock_acquired,2026-09-11 03:06:40.556,54.0,0,0,0,"{""event_name"": ""lock_acquired"", ""timestamp"": ""2026-09-11 03:06:40.556"", ""session_id"": 54, ""resource_type"": ""DATABASE"", ""mode"": ""S""}",DATABASE,S,0.0,0.0,0,UNKNOWN
lock_acquired,2026-09-11 03:06:40.556,53.0,0,0,0,"{""event_name"": ""lock_acquired"", ""timestamp"": ""2026-09-11 03:06:40.556"", ""session_id"": 53, ""resource_type"": ""KEY"", ""mode"": ""X""}",KEY,X,0.0,0.0,0,UNKNOWN
lock_acquired,2026-09-11 03:06:40.556,53.0,0,0,0,"{""event_name"": ""lock_acquired"", ""timestamp"": ""2026-09-11 03:06:40.556"", ""session_id"": 53, ""resource_type"": ""DATABASE"", ""mode"": ""S""}",DATABASE,S,0.0,0.0,0,UNKNOWN
lock_acquired,2026-09-11 03:06:40.556,94.0,0,0,0,"{""event_name"": ""lock_acquired"", ""timestamp"": ""2026-09-11 03:06:40.556"", ""session_id"": 94, ""resource_type"": ""KEY"", ""mode"": ""X""}",KEY,X,0.0,0.0,0,UNKNOWN
lock_acquired,2026-09-11 03:06:40.556,54.0,0,0,0,"{""event_name"": ""lock_acquired"", ""timestamp"": ""2026-09-11 03:06:40.556"", ""session_id"": 54, ""resource_type"": ""KEY"", ""mode"": ""X""}",KEY,X,0.0,0.0,0,UNKNOWN
lock_acquired,2026-09-11 03:06:40.556,95.0,0,0,0,"{""event_name"": ""lock_acquired"", ""timestamp"": ""2026-09-11 03:06:40.556"", ""session_id"": 95, ""resource_type"": ""PAGE"", ""mode"": ""IX""}",PAGE,IX,0.0,0.0,0,UNKNOWN
xml_deadlock_report,2026-09-11 03:06:45.584,0.0,0,0,SteelNort,"{""event_name"": ""xml_deadlock_report"", ""timestamp"": ""2026-09-11 03:06:45.584"", ""database_name"": ""SteelNort"", ""severity"": 13, ""error_number"": 1205, ""message"": ""Deadlock detected""}",0,0,13.0,1205.0,Deadlock detected,UNKNOWN
lock_acquired,2026-09-11 03:06:45.584,94.0,0,0,0,"{""event_name"": ""lock_acquired"", ""timestamp"": ""2026-09-11 03:06:45.584"", ""session_id"": 94, ""resource_type"": ""KEY"", ""mode"": ""U""}",KEY,U,0.0,0.0,0,UNKNOWN
lock_acquired,2026-09-11 03:06:45.584,95.0,0,0,0,"{""event_name"": ""lock_acquired"", ""timestamp"": ""2026-09-11 03:06:45.584"", ""session_id"": 95, ""resource_type"": ""PAGE"", ""mode"": ""IS""}",PAGE,IS,0.0,0.0,0,UNKNOWN
lock_released,2026-09-11 03:06:45.584,95.0,0,0,0,"{""event_name"": ""lock_released"", ""timestamp"": ""2026-09-11 03:06:45.584"", ""session_id"": 95, ""resource_type"": ""KEY"", ""mode"": ""U""}",KEY,U,0.0,0.0,0,UNKNOWN
lock_released,2026-09-11 03:06:45.584,94.0,0,0,0,"{""event_name"": ""lock_released"", ""timestamp"": ""2026-09-11 03:06:45.584"", ""session_id"": 94, ""resource_type"": ""PAGE"", ""mode"": ""IU""}",PAGE,IU,0.0,0.0,0,UNKNOWN
lock_released,2026-09-11 03:06:45.584,94.0,0,0,0,"{""event_name"": ""lock_released"", ""timestamp"": ""2026-09-11 03:06:45.584"", ""session_id"": 94, ""resource_type"": ""KEY"", ""mode"": ""S""}",KEY,S,0.0,0.0,0,UNKNOWN
xml_deadlock_report,2026-09-11 03:06:50.620,0.0,0,0,SteelNort,"{""event_name"": ""xml_deadlock_report"", ""timestamp"": ""2026-09-11 03:06:50.620"", ""database_name"": ""SteelNort"", ""severity"": 13, ""error_number"": 1205, ""message"": ""Deadlock detected""}",0,0,13.0,1205.0,Deadlock detected,UNKNOWN
xml_deadlock_report,2026-09-11 03:06:50.620,0.0,0,0,SteelNort,"{""event_name"": ""xml_deadlock_report"", ""timestamp"": ""2026-09-11 03:06:50.620"", ""database_name"": ""SteelNort"", ""severity"": 13, ""error_number"": 1205, ""message"": ""Deadlock detected""}",0,0,13.0,1205.0,Deadlock detected,UNKNOWN
lock_acquired,2026-09-11 03:06:50.620,53.0,0,0,0,"{""event_name"": ""lock_acquired"", ""timestamp"": ""2026-09-11 03:06:50.620"", ""session_id"": 53, ""resource_type"": ""KEY"", ""mode"": ""S""}",KEY,S,0.0,0.0,0,UNKNOWN
lock_acquired,2026-09-11 03:06:50.620,53.0,0,0,0,"{""event_name"": ""lock_acquired"", ""timestamp"": ""2026-09-11 03:06:50.620"", ""session_id"": 53, ""resource_type"": ""PAGE"", ""mode"": ""IU""}",PAGE,IU,0.0,0.0,0,UNKNOWN
lock_acquired,2026-09-11 03:06:50.620,94.0,0,0,0,"{""event_name"": ""lock_acquired"", ""timestamp"": ""2026-09-11 03:06:50.620"", ""session_id"": 94, ""resource_type"": ""PAGE"", ""mode"": ""IS""}",PAGE,IS,0.0,0.0,0,UNKNOWN
lock_acquired,2026-09-11 03:06:50.620,52.0,0,0,0,"{""event_name"": ""lock_acquired"", ""timestamp"": ""2026-09-11 03:06:50.620"", ""session_id"": 52, ""resource_type"": ""KEY"", ""mode"": ""U""}",KEY,U,0.0,0.0,0,UNKNOWN
lock_acquired,2026-09-11 03:06:50.620,54.0,0,0,0,"{""event_name"": ""lock_acquired"", ""timestamp"": ""2026-09-11 03:06:50.620"", ""session_id"": 54, ""resource_type"": ""PAGE"", ""mode"": ""IU""}",PAGE,IU,0.0,0.0,0,UNKNOWN
lock_acquired,2026-09-11 03:06:50.620,51.0,0,0,0,"{""event_name"": ""lock_acquired"", ""timestamp"": ""2026-09-11 03:06:50.620"", ""session_id"": 51, ""resource_type"": ""PAGE"", ""mode"": ""IU""}",PAGE,IU,0.0,0.0,0,UNKNOWN
lock_acquired,2026-09-11 03:06:50.620,54.0,0,0,0,"{""event_name"": ""lock_acquired"", ""timestamp"": ""2026-09-11 03:06:50.620"", ""session_id"": 54, ""resource_type"": ""KEY"", ""mode"": ""S""}",KEY,S,0.0,0.0,0,UNKNOWN
lock_acquired,2026-09-11 03:06:50.620,51.0,0,0,0,"{""event_name"": ""lock_acquired"", ""timestamp"": ""2026-09-11 03:06:50.620"", ""session_id"": 51, ""resource_type"": ""KEY"", ""mode"": ""S""}",KEY,S,0.0,0.0,0,UNKNOWN
lock_acquired,2026-09-11 03:06:50.620,95.0,0,0,0,"{""event_name"": ""lock_acquired"", ""timestamp"": ""2026-09-11 03:06:50.620"", ""session_id"": 95, ""resource_type"": ""PAGE"", ""mode"": ""IU""}",PAGE,IU,0.0,0.0,0,UNKNOWN
lock_acquired,2026-09-11 03:06:50.620,90.0,0,0,0,"{""event_name"": ""lock_acquired"", ""timestamp"": ""2026-09-11 03:06:50.620"", ""session_id"": 90, ""resource_type"": ""PAGE"", ""mode"": ""IU""}",PAGE,IU,0.0,0.0,0,UNKNOWN
lock_acquired,2026-09-11 03:06:50.620,90.0,0,0,0,"{""event_name"": ""lock_acquired"", ""timestamp"": ""2026-09-11 03:06:50.620"", ""session_id"": 90, ""resource_type"": ""KEY"", ""mode"": ""S""}",KEY,S,0.0,0.0,0,UNKNOWN
lock_acquired,2026-09-11 03:06:50.620,95.0,0,0,0,"{""event_name"": ""lock_acquired"", ""timestamp"": ""2026-09-11 03:06:50.620"", ""session_id"": 95, ""resource_type"": ""KEY"", ""mode"": ""S""}",KEY,S,0.0,0.0,0,UNKNOWN
lock_acquired,2026-09-11 03:06:50.620,93.0,0,0,0,"{""event_name"": ""lock_acquired"", ""timestamp"": ""2026-09-11 03:06:50.620"", ""session_id"": 93, ""resource_type"": ""PAGE"", ""mode"": ""IS""}",PAGE,IS,0.0,0.0,0,UNKNOWN
lock_released,2026-09-11 03:06:50.620,90.0,0,0,0,"{""event_name"": ""lock_released"", ""timestamp"": ""2026-09-11 03:06:50.620"", ""session_id"": 90, ""resource_type"": ""PAGE"", ""mode"": ""IS""}",PAGE,IS,0.0,0.0,0,UNKNOWN
lock_released,2026-09-11 03:06:50.620,53.0,0,0,0,"{""event_name"": ""lock_released"", ""timestamp"": ""2026-09-11 03:06:50.620"", ""session_id"": 53, ""resource_type"": ""PAGE"", ""mode"": ""IS""}",PAGE,IS,0.0,0.0,0,UNKNOWN
lock_released,2026-09-11 03:06:50.620,54.0,0,0,0,"{""event_name"": ""lock_released"", ""timestamp"": ""2026-09-11 03:06:50.620"", ""session_id"": 54, ""resource_type"": ""PAGE"", ""mode"": ""IS""}",PAGE,IS,0.0,0.0,0,UNKNOWN
lock_released,2026-09-11 03:06:50.620,51.0,0,0,0,"{""event_name"": ""lock_released"", ""timestamp"": ""2026-09-11 03:06:50.620"", ""session_id"": 51, ""resource_type"": ""PAGE"", ""mode"": ""IS""}",PAGE,IS,0.0,0.0,0,UNKNOWN
lock_released,2026-09-11 03:06:50.620,94.0,0,0,0,"{""event_name"": ""lock_released"", ""timestamp"": ""2026-09-11 03:06:50.620"", ""session_id"": 94, ""resource_type"": ""KEY"", ""mode"": ""U""}",KEY,U,0.0,0.0,0,UNKNOWN
lock_released,2026-09-11 03:06:50.620,95.0,0,0,0,"{""event_name"": ""lock_released"", ""timestamp"": ""2026-09-11 03:06:50.620"", ""session_id"": 95, ""resource_type"": ""PAGE"", ""mode"": ""IS""}",PAGE,IS,0.0,0.0,0,UNKNOWN
lock_released,2026-09-11 03:06:50.620,93.0,0,0,0,"{""event_name"": ""lock_released"", ""timestamp"": ""2026-09-11 03:06:50.620"", ""session_id"": 93, ""resource_type"": ""PAGE"", ""mode"": ""IU""}",PAGE,IU,0.0,0.0,0,UNKNOWN
lock_released,2026-09-11 03:06:50.620,52.0,0,0,0,"{""event_name"": ""lock_released"", ""timestamp"": ""2026-09-11 03:06:50.620"", ""session_id"": 52, ""resource_type"": ""PAGE"", ""mode"": ""IS""}",PAGE,IS,0.0,0.0,0,UNKNOWN
lock_released,2026-09-11 03:06:50.620,93.0,0,0,0,"{""event_name"": ""lock_released"", ""timestamp"": ""2026-09-11 03:06:50.620"", ""session_id"": 93, ""resource_type"": ""KEY"", ""mode"": ""S""}",KEY,S,0.0,0.0,0,UNKNOWN
xml_deadlock_report,2026-09-11 03:06:55.656,0.0,0,0,SteelNort,"{""event_name"": ""xml_deadlock_report"", ""timestamp"": ""2026-09-11 03:06:55.656"", ""database_name"": ""SteelNort"", ""severity"": 13, ""error_number"": 1205, ""message"": ""Deadlock detected""}",0,0,13.0,1205.0,Deadlock detected,UNKNOWN
xml_deadlock_report,2026-09-11 03:06:55.656,0.0,0,0,SteelNort,"{""event_name"": ""xml_deadlock_report"", ""timestamp"": ""2026-09-11 03:06:55.656"", ""database_name"": ""SteelNort"", ""severity"": 13, ""error_number"": 1205, ""message"": ""Deadlock detected""}",0,0,13.0,1205.0,Deadlock detected,UNKNOWN
xml_deadlock_report,2026-09-11 03:06:55.656,0.0,0,0,SteelNort,"{""event_name"": ""xml_deadlock_report"", ""timestamp"": ""2026-09-11 03:06:55.656"", ""database_name"": ""SteelNort"", ""severity"": 13, ""error_number"": 1205, ""message"": ""Deadlock detected""}",0,0,13.0,1205.0,Deadlock detected,UNKNOWN
xml_deadlock_report,2026-09-11 03:06:55.656,0.0,0,0,SteelNort,"{""event_name"": ""xml_deadlock_report"", ""timestamp"": ""2026-09-11 03:06:55.656"", ""database_name"": ""SteelNort"", ""severity"": 13, ""error_number"": 1205, ""message"": ""Deadlock detected""}",0,0,13.0,1205.0,Deadlock detected,UNKNOWN
xml_deadlock_report,2026-09-11 03:06:55.656,0.0,0,0,SteelNort,"{""event_name"": ""xml_deadlock_report"", ""timestamp"": ""2026-09-11 03:06:55.656"", ""database_name"": ""SteelNort"", ""severity"": 13, ""error_number"": 1205, ""message"": ""Deadlock detected""}",0,0,13.0,1205.0,Deadlock detected,UNKNOWN
xml_deadlock_report,2026-09-11 03:06:55.656,0.0,0,0,SteelNort,"{""event_name"": ""xml_deadlock_report"", ""timestamp"": ""2026-09-11 03:06:55.656"", ""database_name"": ""SteelNort"", ""severity"": 13, ""error_number"": 1205, ""message"": ""Deadlock detected""}",0,0,13.0,1205.0,Deadlock detected,UNKNOWN
xml_deadlock_report,2026-09-11 03:06:55.656,0.0,0,0,SteelNort,"{""event_name"": ""xml_deadlock_report"", ""timestamp"": ""2026-09-11 03:06:55.656"", ""database_name"": ""SteelNort"", ""severity"": 13, ""error_number"": 1205, ""message"": ""Deadlock detected""}",0,0,13.0,1205.0,Deadlock detected,UNKNOWN
xml_deadlock_report,2026-09-11 03:06:55.656,0.0,0,0,SteelNort,"{""event_name"": ""xml_deadlock_report"", ""timestamp"": ""2026-09-11 03:06:55.656"", ""database_name"": ""SteelNort"", ""severity"": 13, ""error_number"": 1205, ""message"": ""Deadlock detected""}",0,0,13.0,1205.0,Deadlock detected,UNKNOWN
xml_deadlock_report,2026-09-11 03:06:55.656,0.0,0,0,SteelNort,"{""event_name"": ""xml_deadlock_report"", ""timestamp"": ""2026-09-11 03:06:55.656"", ""database_name"": ""SteelNort"", ""severity"": 13, ""error_number"": 1205, ""message"": ""Deadlock detected""}",0,0,13.0,1205.0,Deadlock detected,UNKNOWN
xml_deadlock_report,2026-09-11 03:06:55.656,0.0,0,0,SteelNort,"{""event_name"": ""xml_deadlock_report"", ""timestamp"": ""2026-09-11 03:06:55.656"", ""database_name"": ""SteelNort"", ""severity"": 13, ""error_number"": 1205, ""message"": ""Deadlock detected""}",0,0,13.0,1205.0,Deadlock detected,UNKNOWN
xml_deadlock_report,2026-09-11 03:06:55.656,0.0,0,0,SteelNort,"{""event_name"": ""xml_deadlock_report"", ""timestamp"": ""2026-09-11 03:06:55.656"", ""database_name"": ""SteelNort"", ""severity"": 13, ""error_number"": 1205, ""message"": ""Deadlock detected""}",0,0,13.0,1205.0,Deadlock detected,UNKNOWN
xml_deadlock_report,2026-09-11 03:06:55.656,0.0,0,0,SteelNort,"{""event_name"": ""xml_deadlock_report"", ""timestamp"": ""2026-09-11 03:06:55.656"", ""database_name"": ""SteelNort"", ""severity"": 13, ""error_number"": 1205, ""message"": ""Deadlock detected""}",0,0,13.0,1205.0,Deadlock detected,UNKNOWN
xml_deadlock_report,2026-09-11 03:06:55.656,0.0,0,0,SteelNort,"{""event_name"": ""xml_deadlock_report"", ""timestamp"": ""2026-09-11 03:06:55.656"", ""database_name"": ""SteelNort"", ""severity"": 13, ""error_number"": 1205, ""message"": ""Deadlock detected""}",0,0,13.0,1205.0,Deadlock detected,UNKNOWN
xml_deadlock_report,2026-09-11 03:06:55.656,0.0,0,0,SteelNort,"{""event_name"": ""xml_deadlock_report"", ""timestamp"": ""2026-09-11 03:06:55.656"", ""database_name"": ""SteelNort"", ""severity"": 13, ""error_number"": 1205, ""message"": ""Deadlock detected""}",0,0,13.0,1205.0,Deadlock detected,UNKNOWN
xml_deadlock_report,2026-09-11 03:06:55.656,0.0,0,0,SteelNort,"{""event_name"": ""xml_deadlock_report"", ""timestamp"": ""2026-09-11 03:06:55.656"", ""database_name"": ""SteelNort"", ""severity"": 13, ""error_number"": 1205, ""message"": ""Deadlock detected""}",0,0,13.0,1205.0,Deadlock detected,UNKNOWN
xml_deadlock_report,2026-09-11 03:06:55.656,0.0,0,0,SteelNort,"{""event_name"": ""xml_deadlock_report"", ""timestamp"": ""2026-09-11 03:06:55.656"", ""database_name"": ""SteelNort"", ""severity"": 13, ""error_number"": 1205, ""message"": ""Deadlock detected""}",0,0,13.0,1205.0,Deadlock detected,UNKNOWN
xml_deadlock_report,2026-09-11 03:06:55.656,0.0,0,0,SteelNort,"{""event_name"": ""xml_deadlock_report"", ""timestamp"": ""2026-09-11 03:06:55.656"", ""database_name"": ""SteelNort"", ""severity"": 13, ""error_number"": 1205, ""message"": ""Deadlock detected""}",0,0,13.0,1205.0,Deadlock detected,UNKNOWN
xml_deadlock_report,2026-09-11 03:06:55.656,0.0,0,0,SteelNort,"{""event_name"": ""xml_deadlock_report"", ""timestamp"": ""2026-09-11 03:06:55.656"", ""database_name"": ""SteelNort"", ""severity"": 13, ""error_number"": 1205, ""message"": ""Deadlock detected""}",0,0,13.0,1205.0,Deadlock detected,UNKNOWN
xml_deadlock_report,2026-09-11 03:06:55.656,0.0,0,0,SteelNort,"{""event_name"": ""xml_deadlock_report"", ""timestamp"": ""2026-09-11 03:06:55.656"", ""database_name"": ""SteelNort"", ""severity"": 13, ""error_number"": 1205, ""message"": ""Deadlock detected""}",0,0,13.0,1205.0,Deadlock detected,UNKNOWN
xml_deadlock_report,2026-09-11 03:06:55.656,0.0,0,0,SteelNort,"{""event_name"": ""xml_deadlock_report"", ""timestamp"": ""2026-09-11 03:06:55.656"", ""database_name"": ""SteelNort"", ""severity"": 13, ""error_number"": 1205, ""message"": ""Deadlock detected""}",0,0,13.0,1205.0,Deadlock detected,UNKNOWN
xml_deadlock_report,2026-09-11 03:06:55.656,0.0,0,0,SteelNort,"{""event_name"": ""xml_deadlock_report"", ""timestamp"": ""2026-09-11 03:06:55.656"", ""database_name"": ""SteelNort"", ""severity"": 13, ""error_number"": 1205, ""message"": ""Deadlock detected""}",0,0,13.0,1205.0,Deadlock detected,UNKNOWN
xml_deadlock_report,2026-09-11 03:06:55.656,0.0,0,0,SteelNort,"{""event_name"": ""xml_deadlock_report"", ""timestamp"": ""2026-09-11 03:06:55.656"", ""database_name"": ""SteelNort"", ""severity"": 13, ""error_number"": 1205, ""message"": ""Deadlock detected""}",0,0,13.0,1205.0,Deadlock detected,UNKNOWN
xml_deadlock_report,2026-09-11 03:06:55.656,0.0,0,0,SteelNort,"{""event_name"": ""xml_deadlock_report"", ""timestamp"": ""2026-09-11 03:06:55.656"", ""database_name"": ""SteelNort"", ""severity"": 13, ""error_number"": 1205, ""message"": ""Deadlock detected""}",0,0,13.0,1205.0,Deadlock detected,UNKNOWN
xml_deadlock_report,2026-09-11 03:06:55.656,0.0,0,0,SteelNort,"{""event_name"": ""xml_deadlock_report"", ""timestamp"": ""2026-09-11 03:06:55.656"", ""database_name"": ""SteelNort"", ""severity"": 13, ""error_number"": 1205, ""message"": ""Deadlock detected""}",0,0,13.0,1205.0,Deadlock detected,UNKNOWN
xml_deadlock_report,2026-09-11 03:06:55.656,0.0,0,0,SteelNort,"{""event_name"": ""xml_deadlock_report"", ""timestamp"": ""2026-09-11 03:06:55.656"", ""database_name"": ""SteelNort"", ""severity"": 13, ""error_number"": 1205, ""message"": ""Deadlock detected""}",0,0,13.0,1205.0,Deadlock detected,UNKNOWN
xml_deadlock_report,2026-09-11 03:06:55.656,0.0,0,0,SteelNort,"{""event_name"": ""xml_deadlock_report"", ""timestamp"": ""2026-09-11 03:06:55.656"", ""database_name"": ""SteelNort"", ""severity"": 13, ""error_number"": 1205, ""message"": ""Deadlock detected""}",0,0,13.0,1205.0,Deadlock detected,UNKNOWN
xml_deadlock_report,2026-09-11 03:06:55.656,0.0,0,0,SteelNort,"{""event_name"": ""xml_deadlock_report"", ""timestamp"": ""2026-09-11 03:06:55.656"", ""database_name"": ""SteelNort"", ""severity"": 13, ""error_number"": 1205, ""message"": ""Deadlock detected""}",0,0,13.0,1205.0,Deadlock detected,UNKNOWN
xml_deadlock_report,2026-09-11 03:06:55.656,0.0,0,0,SteelNort,"{""event_name"": ""xml_deadlock_report"", ""timestamp"": ""2026-09-11 03:06:55.656"", ""database_name"": ""SteelNort"", ""severity"": 13, ""error_number"": 1205, ""message"": ""Deadlock detected""}",0,0,13.0,1205.0,Deadlock detected,UNKNOWN
xml_deadlock_report,2026-09-11 03:06:55.656,0.0,0,0,SteelNort,"{""event_name"": ""xml_deadlock_report"", ""timestamp"": ""2026-09-11 03:06:55.656"", ""database_name"": ""SteelNort"", ""severity"": 13, ""error_number"": 1205, ""message"": ""Deadlock detected""}",0,0,13.0,1205.0,Deadlock detected,UNKNOWN
xml_deadlock_report,2026-09-11 03:06:55.656,0.0,0,0,SteelNort,"{""event_name"": ""xml_deadlock_report"", ""timestamp"": ""2026-09-11 03:06:55.656"", ""database_name"": ""SteelNort"", ""severity"": 13, ""error_number"": 1205, ""message"": ""Deadlock detected""}",0,0,13.0,1205.0,Deadlock detected,UNKNOWN
logout,2026-09-11 03:06:55.656,76.0,0,0,0,"{""event_name"": ""logout"", ""timestamp"": ""2026-09-11 03:06:55.656"", ""session_id"": 76}",0,0,0.0,0.0,0,UNKNOWN
lock_acquired,2026-09-11 03:06:55.656,52.0,0,0,0,"{""event_name"": ""lock_acquired"", ""timestamp"": ""2026-09-11 03:06:55.656"", ""session_id"": 52, ""resource_type"": ""PAGE"", ""mode"": ""IU""}",PAGE,IU,0.0,0.0,0,UNKNOWN
lock_acquired,2026-09-11 03:06:55.656,52.0,0,0,0,"{""event_name"": ""lock_acquired"", ""timestamp"": ""2026-09-11 03:06:55.656"", ""session_id"": 52, ""resource_type"": ""KEY"", ""mode"": ""S""}",KEY,S,0.0,0.0,0,UNKNOWN
lock_acquired,2026-09-11 03:06:55.656,94.0,0,0,0,"{""event_name"": ""lock_acquired"", ""timestamp"": ""2026-09-11 03:06:55.656"", ""session_id"": 94, ""resource_type"": ""KEY"", ""mode"": ""U""}",KEY,U,0.0,0.0,0,UNKNOWN
lock_released,2026-09-11 03:06:55.656,95.0,0,0,0,"{""event_name"": ""lock_released"", ""timestamp"": ""2026-09-11 03:06:55.656"", ""session_id"": 95, ""resource_type"": ""OBJECT"", ""mode"": ""IX""}",OBJECT,IX,0.0,0.0,0,UNKNOWN
lock_released,2026-09-11 03:06:55.656,76.0,0,0,0,"{""event_name"": ""lock_released"", ""timestamp"": ""2026-09-11 03:06:55.656"", ""session_id"": 76, ""resource_type"": ""DATABASE"", ""mode"": ""S""}",DATABASE,S,0.0,0.0,0,UNKNOWN
lock_released,2026-09-11 03:06:55.656,93.0,0,0,0,"{""event_name"": ""lock_released"", ""timestamp"": ""2026-09-11 03:06:55.656"", ""session_id"": 93, ""resource_type"": ""PAGE"", ""mode"": ""IX""}",PAGE,IX,0.0,0.0,0,UNKNOWN
lock_released,2026-09-11 03:06:55.656,94.0,0,0,0,"{""event_name"": ""lock_released"", ""timestamp"": ""2026-09-11 03:06:55.656"", ""session_id"": 94, ""resource_type"": ""PAGE"", ""mode"": ""IS""}",PAGE,IS,0.0,0.0,0,UNKNOWN
lock_released,2026-09-11 03:06:55.656,54.0,0,0,0,"{""event_name"": ""lock_released"", ""timestamp"": ""2026-09-11 03:06:55.656"", ""session_id"": 54, ""resource_type"": ""OBJECT"", ""mode"": ""IX""}",OBJECT,IX,0.0,0.0,0,UNKNOWN
lock_released,2026-09-11 03:06:55.656,95.0,0,0,0,"{""event_name"": ""lock_released"", ""timestamp"": ""2026-09-11 03:06:55.656"", ""session_id"": 95, ""resource_type"": ""KEY"", ""mode"": ""S""}",KEY,S,0.0,0.0,0,UNKNOWN
lock_released,2026-09-11 03:06:55.656,54.0,0,0,0,"{""event_name"": ""lock_released"", ""timestamp"": ""2026-09-11 03:06:55.656"", ""session_id"": 54, ""resource_type"": ""PAGE"", ""mode"": ""IU""}",PAGE,IU,0.0,0.0,0,UNKNOWN
lock_released,2026-09-11 03:06:55.656,52.0,0,0,0,"{""event_name"": ""lock_released"", ""timestamp"": ""2026-09-11 03:06:55.656"", ""session_id"": 52, ""resource_type"": ""KEY"", ""mode"": ""U""}",KEY,U,0.0,0.0,0,UNKNOWN
lock_released,2026-09-11 03:06:55.656,54.0,0,0,0,"{""event_name"": ""lock_released"", ""timestamp"": ""2026-09-11 03:06:55.656"", ""session_id"": 54, ""resource_type"": ""KEY"", ""mode"": ""S""}",KEY,S,0.0,0.0,0,UNKNOWN
lock_released,2026-09-11 03:06:55.656,95.0,0,0,0,"{""event_name"": ""lock_released"", ""timestamp"": ""2026-09-11 03:06:55.656"", ""session_id"": 95, ""resource_type"": ""PAGE"", ""mode"": ""IU""}",PAGE,IU,0.0,0.0,0,UNKNOWN
lock_released,2026-09-11 03:06:55.656,93.0,0,0,0,"{""event_name"": ""lock_released"", ""timestamp"": ""2026-09-11 03:06:55.656"", ""session_id"": 93, ""resource_type"": ""OBJECT"", ""mode"": ""IX""}",OBJECT,IX,0.0,0.0,0,UNKNOWN
lock_released,2026-09-11 03:06:55.656,93.0,0,0,0,"{""event_name"": ""lock_released"", ""timestamp"": ""2026-09-11 03:06:55.656"", ""session_id"": 93, ""resource_type"": ""KEY"", ""mode"": ""X""}",KEY,X,0.0,0.0,0,UNKNOWN
lock_released,2026-09-11 03:06:55.656,54.0,0,0,0,"{""event_name"": ""lock_released"", ""timestamp"": ""2026-09-11 03:06:55.656"", ""session_id"": 54, ""resource_type"": ""PAGE"", ""mode"": ""IX""}",PAGE,IX,0.0,0.0,0,UNKNOWN
lock_released,2026-09-11 03:06:55.656,95.0,0,0,0,"{""event_name"": ""lock_released"", ""timestamp"": ""2026-09-11 03:06:55.656"", ""session_id"": 95, ""resource_type"": ""KEY"", ""mode"": ""X""}",KEY,X,0.0,0.0,0,UNKNOWN
lock_released,2026-09-11 03:06:55.656,54.0,0,0,0,"{""event_name"": ""lock_released"", ""timestamp"": ""2026-09-11 03:06:55.656"", ""session_id"": 54, ""resource_type"": ""KEY"", ""mode"": ""X""}",KEY,X,0.0,0.0,0,UNKNOWN
lock_released,2026-09-11 03:06:55.656,95.0,0,0,0,"{""event_name"": ""lock_released"", ""timestamp"": ""2026-09-11 03:06:55.656"", ""session_id"": 95, ""resource_type"": ""PAGE"", ""mode"": ""IX""}",PAGE,IX,0.0,0.0,0,UNKNOWN
lock_released,2026-09-11 03:06:55.656,93.0,0,0,0,"{""event_name"": ""lock_released"", ""timestamp"": ""2026-09-11 03:06:55.656"", ""session_id"": 93, ""resource_type"": ""PAGE"", ""mode"": ""IS""}",PAGE,IS,0.0,0.0,0,UNKNOWN
xml_deadlock_report,2026-09-11 03:07:00.694,0.0,0,0,SteelNort,"{""event_name"": ""xml_deadlock_report"", ""timestamp"": ""2026-09-11 03:07:00.694"", ""database_name"": ""SteelNort"", ""severity"": 13, ""error_number"": 1205, ""message"": ""Deadlock detected""}",0,0,13.0,1205.0,Deadlock detected,UNKNOWN
xml_deadlock_report,2026-09-11 03:07:00.694,0.0,0,0,SteelNort,"{""event_name"": ""xml_deadlock_report"", ""timestamp"": ""2026-09-11 03:07:00.694"", ""database_name"": ""SteelNort"", ""severity"": 13, ""error_number"": 1205, ""message"": ""Deadlock detected""}",0,0,13.0,1205.0,Deadlock detected,UNKNOWN
xml_deadlock_report,2026-09-11 03:07:00.694,0.0,0,0,SteelNort,"{""event_name"": ""xml_deadlock_report"", ""timestamp"": ""2026-09-11 03:07:00.694"", ""database_name"": ""SteelNort"", ""severity"": 13, ""error_number"": 1205, ""message"": ""Deadlock detected""}",0,0,13.0,1205.0,Deadlock detected,UNKNOWN
xml_deadlock_report,2026-09-11 03:07:00.694,0.0,0,0,SteelNort,"{""event_name"": ""xml_deadlock_report"", ""timestamp"": ""2026-09-11 03:07:00.694"", ""database_name"": ""SteelNort"", ""severity"": 13, ""error_number"": 1205, ""message"": ""Deadlock detected""}",0,0,13.0,1205.0,Deadlock detected,UNKNOWN
login,2026-09-11 03:07:00.694,55.0,sa,SteelNortCargaNormal,SteelNort,"{""event_name"": ""login"", ""timestamp"": ""2026-09-11 03:07:00.694"", ""session_id"": 55, ""login_name"": ""sa"", ""program_name"": ""SteelNortCargaNormal"", ""database_name"": ""SteelNort""}",0,0,0.0,0.0,0,UNKNOWN
lock_acquired,2026-09-11 03:07:00.694,55.0,0,0,0,"{""event_name"": ""lock_acquired"", ""timestamp"": ""2026-09-11 03:07:00.694"", ""session_id"": 55, ""resource_type"": ""METADATA"", ""mode"": ""Sch-S""}",METADATA,Sch-S,0.0,0.0,0,UNKNOWN
lock_acquired,2026-09-11 03:07:00.694,55.0,0,0,0,"{""event_name"": ""lock_acquired"", ""timestamp"": ""2026-09-11 03:07:00.694"", ""session_id"": 55, ""resource_type"": ""OBJECT"", ""mode"": ""Sch-S""}",OBJECT,Sch-S,0.0,0.0,0,UNKNOWN
lock_acquired,2026-09-11 03:07:00.694,55.0,0,0,0,"{""event_name"": ""lock_acquired"", ""timestamp"": ""2026-09-11 03:07:00.694"", ""session_id"": 55, ""resource_type"": ""DATABASE"", ""mode"": ""S""}",DATABASE,S,0.0,0.0,0,UNKNOWN
lock_released,2026-09-11 03:07:00.694,90.0,0,0,0,"{""event_name"": ""lock_released"", ""timestamp"": ""2026-09-11 03:07:00.694"", ""session_id"": 90, ""resource_type"": ""KEY"", ""mode"": ""X""}",KEY,X,0.0,0.0,0,UNKNOWN
lock_released,2026-09-11 03:07:00.694,53.0,0,0,0,"{""event_name"": ""lock_released"", ""timestamp"": ""2026-09-11 03:07:00.694"", ""session_id"": 53, ""resource_type"": ""OBJECT"", ""mode"": ""IX""}",OBJECT,IX,0.0,0.0,0,UNKNOWN
lock_released,2026-09-11 03:07:00.694,94.0,0,0,0,"{""event_name"": ""lock_released"", ""timestamp"": ""2026-09-11 03:07:00.694"", ""session_id"": 94, ""resource_type"": ""OBJECT"", ""mode"": ""IX""}",OBJECT,IX,0.0,0.0,0,UNKNOWN
lock_released,2026-09-11 03:07:00.694,90.0,0,0,0,"{""event_name"": ""lock_released"", ""timestamp"": ""2026-09-11 03:07:00.694"", ""session_id"": 90, ""resource_type"": ""KEY"", ""mode"": ""S""}",KEY,S,0.0,0.0,0,UNKNOWN
lock_released,2026-09-11 03:07:00.694,51.0,0,0,0,"{""event_name"": ""lock_released"", ""timestamp"": ""2026-09-11 03:07:00.694"", ""session_id"": 51, ""resource_type"": ""KEY"", ""mode"": ""X""}",KEY,X,0.0,0.0,0,UNKNOWN
lock_released,2026-09-11 03:07:00.694,53.0,0,0,0,"{""event_name"": ""lock_released"", ""timestamp"": ""2026-09-11 03:07:00.694"", ""session_id"": 53, ""resource_type"": ""PAGE"", ""mode"": ""IU""}",PAGE,IU,0.0,0.0,0,UNKNOWN
lock_released,2026-09-11 03:07:00.694,52.0,0,0,0,"{""event_name"": ""lock_released"", ""timestamp"": ""2026-09-11 03:07:00.694"", ""session_id"": 52, ""resource_type"": ""KEY"", ""mode"": ""X""}",KEY,X,0.0,0.0,0,UNKNOWN
lock_released,2026-09-11 03:07:00.694,90.0,0,0,0,"{""event_name"": ""lock_released"", ""timestamp"": ""2026-09-11 03:07:00.694"", ""session_id"": 90, ""resource_type"": ""OBJECT"", ""mode"": ""IX""}",OBJECT,IX,0.0,0.0,0,UNKNOWN
lock_released,2026-09-11 03:07:00.694,51.0,0,0,0,"{""event_name"": ""lock_released"", ""timestamp"": ""2026-09-11 03:07:00.694"", ""session_id"": 51, ""resource_type"": ""KEY"", ""mode"": ""S""}",KEY,S,0.0,0.0,0,UNKNOWN
lock_released,2026-09-11 03:07:00.694,94.0,0,0,0,"{""event_name"": ""lock_released"", ""timestamp"": ""2026-09-11 03:07:00.694"", ""session_id"": 94, ""resource_type"": ""PAGE"", ""mode"": ""IX""}",PAGE,IX,0.0,0.0,0,UNKNOWN
lock_released,2026-09-11 03:07:00.694,53.0,0,0,0,"{""event_name"": ""lock_released"", ""timestamp"": ""2026-09-11 03:07:00.694"", ""session_id"": 53, ""resource_type"": ""PAGE"", ""mode"": ""IX""}",PAGE,IX,0.0,0.0,0,UNKNOWN
lock_released,2026-09-11 03:07:00.694,52.0,0,0,0,"{""event_name"": ""lock_released"", ""timestamp"": ""2026-09-11 03:07:00.694"", ""session_id"": 52, ""resource_type"": ""KEY"", ""mode"": ""S""}",KEY,S,0.0,0.0,0,UNKNOWN
lock_released,2026-09-11 03:07:00.694,94.0,0,0,0,"{""event_name"": ""lock_released"", ""timestamp"": ""2026-09-11 03:07:00.694"", ""session_id"": 94, ""resource_type"": ""KEY"", ""mode"": ""U""}",KEY,U,0.0,0.0,0,UNKNOWN
lock_released,2026-09-11 03:07:00.694,90.0,0,0,0,"{""event_name"": ""lock_released"", ""timestamp"": ""2026-09-11 03:07:00.694"", ""session_id"": 90, ""resource_type"": ""PAGE"", ""mode"": ""IU""}",PAGE,IU,0.0,0.0,0,UNKNOWN
lock_released,2026-09-11 03:07:00.694,51.0,0,0,0,"{""event_name"": ""lock_released"", ""timestamp"": ""2026-09-11 03:07:00.694"", ""session_id"": 51, ""resource_type"": ""OBJECT"", ""mode"": ""IX""}",OBJECT,IX,0.0,0.0,0,UNKNOWN
lock_released,2026-09-11 03:07:00.694,52.0,0,0,0,"{""event_name"": ""lock_released"", ""timestamp"": ""2026-09-11 03:07:00.694"", ""session_id"": 52, ""resource_type"": ""OBJECT"", ""mode"": ""IX""}",OBJECT,IX,0.0,0.0,0,UNKNOWN
lock_released,2026-09-11 03:07:00.694,90.0,0,0,0,"{""event_name"": ""lock_released"", ""timestamp"": ""2026-09-11 03:07:00.694"", ""session_id"": 90, ""resource_type"": ""PAGE"", ""mode"": ""IX""}",PAGE,IX,0.0,0.0,0,UNKNOWN
lock_released,2026-09-11 03:07:00.694,51.0,0,0,0,"{""event_name"": ""lock_released"", ""timestamp"": ""2026-09-11 03:07:00.694"", ""session_id"": 51, ""resource_type"": ""PAGE"", ""mode"": ""IU""}",PAGE,IU,0.0,0.0,0,UNKNOWN
lock_released,2026-09-11 03:07:00.694,52.0,0,0,0,"{""event_name"": ""lock_released"", ""timestamp"": ""2026-09-11 03:07:00.694"", ""session_id"": 52, ""resource_type"": ""PAGE"", ""mode"": ""IU""}",PAGE,IU,0.0,0.0,0,UNKNOWN
lock_released,2026-09-11 03:07:00.694,51.0,0,0,0,"{""event_name"": ""lock_released"", ""timestamp"": ""2026-09-11 03:07:00.694"", ""session_id"": 51, ""resource_type"": ""PAGE"", ""mode"": ""IX""}",PAGE,IX,0.0,0.0,0,UNKNOWN
lock_released,2026-09-11 03:07:00.694,52.0,0,0,0,"{""event_name"": ""lock_released"", ""timestamp"": ""2026-09-11 03:07:00.694"", ""session_id"": 52, ""resource_type"": ""PAGE"", ""mode"": ""IX""}",PAGE,IX,0.0,0.0,0,UNKNOWN
lock_released,2026-09-11 03:07:00.694,53.0,0,0,0,"{""event_name"": ""lock_released"", ""timestamp"": ""2026-09-11 03:07:00.694"", ""session_id"": 53, ""resource_type"": ""KEY"", ""mode"": ""X""}",KEY,X,0.0,0.0,0,UNKNOWN
lock_released,2026-09-11 03:07:00.694,94.0,0,0,0,"{""event_name"": ""lock_released"", ""timestamp"": ""2026-09-11 03:07:00.694"", ""session_id"": 94, ""resource_type"": ""KEY"", ""mode"": ""X""}",KEY,X,0.0,0.0,0,UNKNOWN
lock_released,2026-09-11 03:07:00.694,53.0,0,0,0,"{""event_name"": ""lock_released"", ""timestamp"": ""2026-09-11 03:07:00.694"", ""session_id"": 53, ""resource_type"": ""KEY"", ""mode"": ""S""}",KEY,S,0.0,0.0,0,UNKNOWN
lock_acquired,2026-09-11 03:07:05.730,55.0,0,0,0,"{""event_name"": ""lock_acquired"", ""timestamp"": ""2026-09-11 03:07:05.730"", ""session_id"": 55, ""resource_type"": ""PAGE"", ""mode"": ""S""}",PAGE,S,0.0,0.0,0,UNKNOWN
lock_acquired,2026-09-11 03:07:05.730,55.0,0,0,0,"{""event_name"": ""lock_acquired"", ""timestamp"": ""2026-09-11 03:07:05.730"", ""session_id"": 55, ""resource_type"": ""OBJECT"", ""mode"": ""IX""}",OBJECT,IX,0.0,0.0,0,UNKNOWN
lock_released,2026-09-11 03:07:05.730,55.0,0,0,0,"{""event_name"": ""lock_released"", ""timestamp"": ""2026-09-11 03:07:05.730"", ""session_id"": 55, ""resource_type"": ""METADATA"", ""mode"": ""Sch-S""}",METADATA,Sch-S,0.0,0.0,0,UNKNOWN
lock_released,2026-09-11 03:07:05.730,55.0,0,0,0,"{""event_name"": ""lock_released"", ""timestamp"": ""2026-09-11 03:07:05.730"", ""session_id"": 55, ""resource_type"": ""OBJECT"", ""mode"": ""Sch-S""}",OBJECT,Sch-S,0.0,0.0,0,UNKNOWN
login,2026-09-11 03:07:10.776,56.0,795ec2146175\Administrator,Microsoft SQL Server,SteelNort,"{""event_name"": ""login"", ""timestamp"": ""2026-09-11 03:07:10.776"", ""session_id"": 56, ""login_name"": ""795ec2146175\\Administrator"", ""program_name"": ""Microsoft SQL Server"", ""database_name"": ""SteelNort""}",0,0,0.0,0.0,0,UNKNOWN
logout,2026-09-11 03:07:10.776,88.0,0,0,0,"{""event_name"": ""logout"", ""timestamp"": ""2026-09-11 03:07:10.776"", ""session_id"": 88}",0,0,0.0,0.0,0,UNKNOWN
lock_released,2026-09-11 03:07:10.776,88.0,0,0,0,"{""event_name"": ""lock_released"", ""timestamp"": ""2026-09-11 03:07:10.776"", ""session_id"": 88, ""resource_type"": ""DATABASE"", ""mode"": ""S""}",DATABASE,S,0.0,0.0,0,UNKNOWN
login,2026-09-11 03:07:15.812,57.0,sa,SteelNortCargaAnomalia,SteelNort,"{""event_name"": ""login"", ""timestamp"": ""2026-09-11 03:07:15.812"", ""session_id"": 57, ""login_name"": ""sa"", ""program_name"": ""SteelNortCargaAnomalia"", ""database_name"": ""SteelNort""}",0,0,0.0,0.0,0,UNKNOWN
login,2026-09-11 03:07:15.812,59.0,795ec2146175\Administrator,Microsoft SQL Server,SteelNort,"{""event_name"": ""login"", ""timestamp"": ""2026-09-11 03:07:15.812"", ""session_id"": 59, ""login_name"": ""795ec2146175\\Administrator"", ""program_name"": ""Microsoft SQL Server"", ""database_name"": ""SteelNort""}",0,0,0.0,0.0,0,UNKNOWN
lock_acquired,2026-09-11 03:07:15.812,52.0,0,0,0,"{""event_name"": ""lock_acquired"", ""timestamp"": ""2026-09-11 03:07:15.812"", ""session_id"": 52, ""resource_type"": ""OBJECT"", ""mode"": ""IS""}",OBJECT,IS,0.0,0.0,0,UNKNOWN
lock_acquired,2026-09-11 03:07:15.812,93.0,0,0,0,"{""event_name"": ""lock_acquired"", ""timestamp"": ""2026-09-11 03:07:15.812"", ""session_id"": 93, ""resource_type"": ""OBJECT"", ""mode"": ""IS""}",OBJECT,IS,0.0,0.0,0,UNKNOWN
lock_acquired,2026-09-11 03:07:15.812,56.0,0,0,0,"{""event_name"": ""lock_acquired"", ""timestamp"": ""2026-09-11 03:07:15.812"", ""session_id"": 56, ""resource_type"": ""DATABASE"", ""mode"": ""S""}",DATABASE,S,0.0,0.0,0,UNKNOWN
lock_acquired,2026-09-11 03:07:15.812,56.0,0,0,0,"{""event_name"": ""lock_acquired"", ""timestamp"": ""2026-09-11 03:07:15.812"", ""session_id"": 56, ""resource_type"": ""OBJECT"", ""mode"": ""IS""}",OBJECT,IS,0.0,0.0,0,UNKNOWN
lock_acquired,2026-09-11 03:07:15.812,57.0,0,0,0,"{""event_name"": ""lock_acquired"", ""timestamp"": ""2026-09-11 03:07:15.812"", ""session_id"": 57, ""resource_type"": ""DATABASE"", ""mode"": ""S""}",DATABASE,S,0.0,0.0,0,UNKNOWN
lock_acquired,2026-09-11 03:07:15.812,56.0,0,0,0,"{""event_name"": ""lock_acquired"", ""timestamp"": ""2026-09-11 03:07:15.812"", ""session_id"": 56, ""resource_type"": ""PAGE"", ""mode"": ""S""}",PAGE,S,0.0,0.0,0,UNKNOWN
lock_acquired,2026-09-11 03:07:15.812,57.0,0,0,0,"{""event_name"": ""lock_acquired"", ""timestamp"": ""2026-09-11 03:07:15.812"", ""session_id"": 57, ""resource_type"": ""PAGE"", ""mode"": ""S""}",PAGE,S,0.0,0.0,0,UNKNOWN
lock_acquired,2026-09-11 03:07:15.812,54.0,0,0,0,"{""event_name"": ""lock_acquired"", ""timestamp"": ""2026-09-11 03:07:15.812"", ""session_id"": 54, ""resource_type"": ""PAGE"", ""mode"": ""S""}",PAGE,S,0.0,0.0,0,UNKNOWN
lock_acquired,2026-09-11 03:07:15.812,51.0,0,0,0,"{""event_name"": ""lock_acquired"", ""timestamp"": ""2026-09-11 03:07:15.812"", ""session_id"": 51, ""resource_type"": ""PAGE"", ""mode"": ""S""}",PAGE,S,0.0,0.0,0,UNKNOWN
lock_acquired,2026-09-11 03:07:15.812,57.0,0,0,0,"{""event_name"": ""lock_acquired"", ""timestamp"": ""2026-09-11 03:07:15.812"", ""session_id"": 57, ""resource_type"": ""OBJECT"", ""mode"": ""IS""}",OBJECT,IS,0.0,0.0,0,UNKNOWN
lock_acquired,2026-09-11 03:07:15.812,54.0,0,0,0,"{""event_name"": ""lock_acquired"", ""timestamp"": ""2026-09-11 03:07:15.812"", ""session_id"": 54, ""resource_type"": ""OBJECT"", ""mode"": ""IS""}",OBJECT,IS,0.0,0.0,0,UNKNOWN
lock_acquired,2026-09-11 03:07:15.812,51.0,0,0,0,"{""event_name"": ""lock_acquired"", ""timestamp"": ""2026-09-11 03:07:15.812"", ""session_id"": 51, ""resource_type"": ""OBJECT"", ""mode"": ""IS""}",OBJECT,IS,0.0,0.0,0,UNKNOWN
lock_acquired,2026-09-11 03:07:15.812,52.0,0,0,0,"{""event_name"": ""lock_acquired"", ""timestamp"": ""2026-09-11 03:07:15.812"", ""session_id"": 52, ""resource_type"": ""PAGE"", ""mode"": ""S""}",PAGE,S,0.0,0.0,0,UNKNOWN
lock_acquired,2026-09-11 03:07:15.812,93.0,0,0,0,"{""event_name"": ""lock_acquired"", ""timestamp"": ""2026-09-11 03:07:15.812"", ""session_id"": 93, ""resource_type"": ""PAGE"", ""mode"": ""S""}",PAGE,S,0.0,0.0,0,UNKNOWN
lock_released,2026-09-11 03:07:15.812,55.0,0,0,0,"{""event_name"": ""lock_released"", ""timestamp"": ""2026-09-11 03:07:15.812"", ""session_id"": 55, ""resource_type"": ""PAGE"", ""mode"": ""S""}",PAGE,S,0.0,0.0,0,UNKNOWN
lock_released,2026-09-11 03:07:15.812,55.0,0,0,0,"{""event_name"": ""lock_released"", ""timestamp"": ""2026-09-11 03:07:15.812"", ""session_id"": 55, ""resource_type"": ""OBJECT"", ""mode"": ""IX""}",OBJECT,IX,0.0,0.0,0,UNKNOWN
login,2026-09-11 03:07:20.854,97.0,sa,unknown,SteelNort,"{""event_name"": ""login"", ""timestamp"": ""2026-09-11 03:07:20.854"", ""session_id"": 97, ""login_name"": ""sa"", ""program_name"": ""unknown"", ""database_name"": ""SteelNort""}",0,0,0.0,0.0,0,UNKNOWN
login,2026-09-11 03:07:20.854,76.0,sa,unknown,SteelNort,"{""event_name"": ""login"", ""timestamp"": ""2026-09-11 03:07:20.854"", ""session_id"": 76, ""login_name"": ""sa"", ""program_name"": ""unknown"", ""database_name"": ""SteelNort""}",0,0,0.0,0.0,0,UNKNOWN
login,2026-09-11 03:07:20.854,88.0,sa,unknown,SteelNort,"{""event_name"": ""login"", ""timestamp"": ""2026-09-11 03:07:20.854"", ""session_id"": 88, ""login_name"": ""sa"", ""program_name"": ""unknown"", ""database_name"": ""SteelNort""}",0,0,0.0,0.0,0,UNKNOWN
login,2026-09-11 03:07:20.854,60.0,sa,unknown,SteelNort,"{""event_name"": ""login"", ""timestamp"": ""2026-09-11 03:07:20.854"", ""session_id"": 60, ""login_name"": ""sa"", ""program_name"": ""unknown"", ""database_name"": ""SteelNort""}",0,0,0.0,0.0,0,UNKNOWN
login,2026-09-11 03:07:20.854,61.0,sa,unknown,SteelNort,"{""event_name"": ""login"", ""timestamp"": ""2026-09-11 03:07:20.854"", ""session_id"": 61, ""login_name"": ""sa"", ""program_name"": ""unknown"", ""database_name"": ""SteelNort""}",0,0,0.0,0.0,0,UNKNOWN
logout,2026-09-11 03:07:30.959,96.0,0,0,0,"{""event_name"": ""logout"", ""timestamp"": ""2026-09-11 03:07:30.959"", ""session_id"": 96}",0,0,0.0,0.0,0,UNKNOWN
logout,2026-09-11 03:07:30.959,91.0,0,0,0,"{""event_name"": ""logout"", ""timestamp"": ""2026-09-11 03:07:30.959"", ""session_id"": 91}",0,0,0.0,0.0,0,UNKNOWN
logout,2026-09-11 03:07:30.959,92.0,0,0,0,"{""event_name"": ""logout"", ""timestamp"": ""2026-09-11 03:07:30.959"", ""session_id"": 92}",0,0,0.0,0.0,0,UNKNOWN
lock_acquired,2026-09-11 03:07:30.959,55.0,0,0,0,"{""event_name"": ""lock_acquired"", ""timestamp"": ""2026-09-11 03:07:30.959"", ""session_id"": 55, ""resource_type"": ""OBJECT"", ""mode"": ""Sch-S""}",OBJECT,Sch-S,0.0,0.0,0,UNKNOWN
lock_acquired,2026-09-11 03:07:30.959,55.0,0,0,0,"{""event_name"": ""lock_acquired"", ""timestamp"": ""2026-09-11 03:07:30.959"", ""session_id"": 55, ""resource_type"": ""KEY"", ""mode"": ""X""}",KEY,X,0.0,0.0,0,UNKNOWN
lock_released,2026-09-11 03:07:30.959,52.0,0,0,0,"{""event_name"": ""lock_released"", ""timestamp"": ""2026-09-11 03:07:30.959"", ""session_id"": 52, ""resource_type"": ""OBJECT"", ""mode"": ""IS""}",OBJECT,IS,0.0,0.0,0,UNKNOWN
lock_released,2026-09-11 03:07:30.959,92.0,0,0,0,"{""event_name"": ""lock_released"", ""timestamp"": ""2026-09-11 03:07:30.959"", ""session_id"": 92, ""resource_type"": ""DATABASE"", ""mode"": ""S""}",DATABASE,S,0.0,0.0,0,UNKNOWN
lock_released,2026-09-11 03:07:30.959,93.0,0,0,0,"{""event_name"": ""lock_released"", ""timestamp"": ""2026-09-11 03:07:30.959"", ""session_id"": 93, ""resource_type"": ""OBJECT"", ""mode"": ""IS""}",OBJECT,IS,0.0,0.0,0,UNKNOWN
lock_released,2026-09-11 03:07:30.959,56.0,0,0,0,"{""event_name"": ""lock_released"", ""timestamp"": ""2026-09-11 03:07:30.959"", ""session_id"": 56, ""resource_type"": ""OBJECT"", ""mode"": ""IS""}",OBJECT,IS,0.0,0.0,0,UNKNOWN
lock_released,2026-09-11 03:07:30.959,56.0,0,0,0,"{""event_name"": ""lock_released"", ""timestamp"": ""2026-09-11 03:07:30.959"", ""session_id"": 56, ""resource_type"": ""PAGE"", ""mode"": ""S""}",PAGE,S,0.0,0.0,0,UNKNOWN
lock_released,2026-09-11 03:07:30.959,57.0,0,0,0,"{""event_name"": ""lock_released"", ""timestamp"": ""2026-09-11 03:07:30.959"", ""session_id"": 57, ""resource_type"": ""PAGE"", ""mode"": ""S""}",PAGE,S,0.0,0.0,0,UNKNOWN
lock_released,2026-09-11 03:07:30.959,96.0,0,0,0,"{""event_name"": ""lock_released"", ""timestamp"": ""2026-09-11 03:07:30.959"", ""session_id"": 96, ""resource_type"": ""DATABASE"", ""mode"": ""S""}",DATABASE,S,0.0,0.0,0,UNKNOWN
lock_released,2026-09-11 03:07:30.959,54.0,0,0,0,"{""event_name"": ""lock_released"", ""timestamp"": ""2026-09-11 03:07:30.959"", ""session_id"": 54, ""resource_type"": ""PAGE"", ""mode"": ""S""}",PAGE,S,0.0,0.0,0,UNKNOWN
lock_released,2026-09-11 03:07:30.959,51.0,0,0,0,"{""event_name"": ""lock_released"", ""timestamp"": ""2026-09-11 03:07:30.959"", ""session_id"": 51, ""resource_type"": ""PAGE"", ""mode"": ""S""}",PAGE,S,0.0,0.0,0,UNKNOWN
lock_released,2026-09-11 03:07:30.959,57.0,0,0,0,"{""event_name"": ""lock_released"", ""timestamp"": ""2026-09-11 03:07:30.959"", ""session_id"": 57, ""resource_type"": ""OBJECT"", ""mode"": ""IS""}",OBJECT,IS,0.0,0.0,0,UNKNOWN
lock_released,2026-09-11 03:07:30.959,54.0,0,0,0,"{""event_name"": ""lock_released"", ""timestamp"": ""2026-09-11 03:07:30.959"", ""session_id"": 54, ""resource_type"": ""OBJECT"", ""mode"": ""IS""}",OBJECT,IS,0.0,0.0,0,UNKNOWN
lock_released,2026-09-11 03:07:30.959,51.0,0,0,0,"{""event_name"": ""lock_released"", ""timestamp"": ""2026-09-11 03:07:30.959"", ""session_id"": 51, ""resource_type"": ""OBJECT"", ""mode"": ""IS""}",OBJECT,IS,0.0,0.0,0,UNKNOWN
lock_released,2026-09-11 03:07:30.959,52.0,0,0,0,"{""event_name"": ""lock_released"", ""timestamp"": ""2026-09-11 03:07:30.959"", ""session_id"": 52, ""resource_type"": ""PAGE"", ""mode"": ""S""}",PAGE,S,0.0,0.0,0,UNKNOWN
lock_released,2026-09-11 03:07:30.959,93.0,0,0,0,"{""event_name"": ""lock_released"", ""timestamp"": ""2026-09-11 03:07:30.959"", ""session_id"": 93, ""resource_type"": ""PAGE"", ""mode"": ""S""}",PAGE,S,0.0,0.0,0,UNKNOWN
lock_released,2026-09-11 03:07:30.959,91.0,0,0,0,"{""event_name"": ""lock_released"", ""timestamp"": ""2026-09-11 03:07:30.959"", ""session_id"": 91, ""resource_type"": ""DATABASE"", ""mode"": ""S""}",DATABASE,S,0.0,0.0,0,UNKNOWN
lock_released,2026-09-11 03:07:36.010,55.0,0,0,0,"{""event_name"": ""lock_released"", ""timestamp"": ""2026-09-11 03:07:36.010"", ""session_id"": 55, ""resource_type"": ""OBJECT"", ""mode"": ""Sch-S""}",OBJECT,Sch-S,0.0,0.0,0,UNKNOWN
login,2026-09-11 03:07:41.044,91.0,795ec2146175\Administrator,Microsoft SQL Server,SteelNort,"{""event_name"": ""login"", ""timestamp"": ""2026-09-11 03:07:41.044"", ""session_id"": 91, ""login_name"": ""795ec2146175\\Administrator"", ""program_name"": ""Microsoft SQL Server"", ""database_name"": ""SteelNort""}",0,0,0.0,0.0,0,UNKNOWN
lock_acquired,2026-09-11 03:07:41.044,55.0,0,0,0,"{""event_name"": ""lock_acquired"", ""timestamp"": ""2026-09-11 03:07:41.044"", ""session_id"": 55, ""resource_type"": ""OBJECT"", ""mode"": ""IX""}",OBJECT,IX,0.0,0.0,0,UNKNOWN
lock_acquired,2026-09-11 03:07:46.065,90.0,0,0,0,"{""event_name"": ""lock_acquired"", ""timestamp"": ""2026-09-11 03:07:46.065"", ""session_id"": 90, ""resource_type"": ""KEY"", ""mode"": ""X""}",KEY,X,0.0,0.0,0,UNKNOWN
lock_acquired,2026-09-11 03:07:46.065,53.0,0,0,0,"{""event_name"": ""lock_acquired"", ""timestamp"": ""2026-09-11 03:07:46.065"", ""session_id"": 53, ""resource_type"": ""OBJECT"", ""mode"": ""IX""}",OBJECT,IX,0.0,0.0,0,UNKNOWN
lock_acquired,2026-09-11 03:07:46.065,91.0,0,0,0,"{""event_name"": ""lock_acquired"", ""timestamp"": ""2026-09-11 03:07:46.065"", ""session_id"": 91, ""resource_type"": ""PAGE"", ""mode"": ""IX""}",PAGE,IX,0.0,0.0,0,UNKNOWN
lock_acquired,2026-09-11 03:07:46.065,57.0,0,0,0,"{""event_name"": ""lock_acquired"", ""timestamp"": ""2026-09-11 03:07:46.065"", ""session_id"": 57, ""resource_type"": ""PAGE"", ""mode"": ""IX""}",PAGE,IX,0.0,0.0,0,UNKNOWN
lock_acquired,2026-09-11 03:07:46.065,94.0,0,0,0,"{""event_name"": ""lock_acquired"", ""timestamp"": ""2026-09-11 03:07:46.065"", ""session_id"": 94, ""resource_type"": ""OBJECT"", ""mode"": ""IX""}",OBJECT,IX,0.0,0.0,0,UNKNOWN
lock_acquired,2026-09-11 03:07:46.065,51.0,0,0,0,"{""event_name"": ""lock_acquired"", ""timestamp"": ""2026-09-11 03:07:46.065"", ""session_id"": 51, ""resource_type"": ""KEY"", ""mode"": ""X""}",KEY,X,0.0,0.0,0,UNKNOWN
lock_acquired,2026-09-11 03:07:46.065,54.0,0,0,0,"{""event_name"": ""lock_acquired"", ""timestamp"": ""2026-09-11 03:07:46.065"", ""session_id"": 54, ""resource_type"": ""OBJECT"", ""mode"": ""IX""}",OBJECT,IX,0.0,0.0,0,UNKNOWN
lock_acquired,2026-09-11 03:07:46.065,90.0,0,0,0,"{""event_name"": ""lock_acquired"", ""timestamp"": ""2026-09-11 03:07:46.065"", ""session_id"": 90, ""resource_type"": ""OBJECT"", ""mode"": ""IX""}",OBJECT,IX,0.0,0.0,0,UNKNOWN
lock_acquired,2026-09-11 03:07:46.065,94.0,0,0,0,"{""event_name"": ""lock_acquired"", ""timestamp"": ""2026-09-11 03:07:46.065"", ""session_id"": 94, ""resource_type"": ""PAGE"", ""mode"": ""IX""}",PAGE,IX,0.0,0.0,0,UNKNOWN
lock_acquired,2026-09-11 03:07:46.065,53.0,0,0,0,"{""event_name"": ""lock_acquired"", ""timestamp"": ""2026-09-11 03:07:46.065"", ""session_id"": 53, ""resource_type"": ""PAGE"", ""mode"": ""IX""}",PAGE,IX,0.0,0.0,0,UNKNOWN
lock_acquired,2026-09-11 03:07:46.065,54.0,0,0,0,"{""event_name"": ""lock_acquired"", ""timestamp"": ""2026-09-11 03:07:46.065"", ""session_id"": 54, ""resource_type"": ""PAGE"", ""mode"": ""IX""}",PAGE,IX,0.0,0.0,0,UNKNOWN
lock_acquired,2026-09-11 03:07:46.065,89.0,0,0,0,"{""event_name"": ""lock_acquired"", ""timestamp"": ""2026-09-11 03:07:46.065"", ""session_id"": 89, ""resource_type"": ""KEY"", ""mode"": ""X""}",KEY,X,0.0,0.0,0,UNKNOWN
lock_acquired,2026-09-11 03:07:46.065,51.0,0,0,0,"{""event_name"": ""lock_acquired"", ""timestamp"": ""2026-09-11 03:07:46.065"", ""session_id"": 51, ""resource_type"": ""OBJECT"", ""mode"": ""IX""}",OBJECT,IX,0.0,0.0,0,UNKNOWN
lock_acquired,2026-09-11 03:07:46.065,54.0,0,0,0,"{""event_name"": ""lock_acquired"", ""timestamp"": ""2026-09-11 03:07:46.065"", ""session_id"": 54, ""resource_type"": ""KEY"", ""mode"": ""X""}",KEY,X,0.0,0.0,0,UNKNOWN
lock_acquired,2026-09-11 03:07:46.065,90.0,0,0,0,"{""event_name"": ""lock_acquired"", ""timestamp"": ""2026-09-11 03:07:46.065"", ""session_id"": 90, ""resource_type"": ""PAGE"", ""mode"": ""IX""}",PAGE,IX,0.0,0.0,0,UNKNOWN
lock_acquired,2026-09-11 03:07:46.065,51.0,0,0,0,"{""event_name"": ""lock_acquired"", ""timestamp"": ""2026-09-11 03:07:46.065"", ""session_id"": 51, ""resource_type"": ""PAGE"", ""mode"": ""IX""}",PAGE,IX,0.0,0.0,0,UNKNOWN
lock_acquired,2026-09-11 03:07:46.065,57.0,0,0,0,"{""event_name"": ""lock_acquired"", ""timestamp"": ""2026-09-11 03:07:46.065"", ""session_id"": 57, ""resource_type"": ""KEY"", ""mode"": ""X""}",KEY,X,0.0,0.0,0,UNKNOWN
lock_acquired,2026-09-11 03:07:46.065,91.0,0,0,0,"{""event_name"": ""lock_acquired"", ""timestamp"": ""2026-09-11 03:07:46.065"", ""session_id"": 91, ""resource_type"": ""DATABASE"", ""mode"": ""S""}",DATABASE,S,0.0,0.0,0,UNKNOWN
lock_acquired,2026-09-11 03:07:46.065,89.0,0,0,0,"{""event_name"": ""lock_acquired"", ""timestamp"": ""2026-09-11 03:07:46.065"", ""session_id"": 89, ""resource_type"": ""OBJECT"", ""mode"": ""IX""}",OBJECT,IX,0.0,0.0,0,UNKNOWN
lock_acquired,2026-09-11 03:07:46.065,91.0,0,0,0,"{""event_name"": ""lock_acquired"", ""timestamp"": ""2026-09-11 03:07:46.065"", ""session_id"": 91, ""resource_type"": ""KEY"", ""mode"": ""X""}",KEY,X,0.0,0.0,0,UNKNOWN
lock_acquired,2026-09-11 03:07:46.065,53.0,0,0,0,"{""event_name"": ""lock_acquired"", ""timestamp"": ""2026-09-11 03:07:46.065"", ""session_id"": 53, ""resource_type"": ""KEY"", ""mode"": ""X""}",KEY,X,0.0,0.0,0,UNKNOWN
lock_acquired,2026-09-11 03:07:46.065,94.0,0,0,0,"{""event_name"": ""lock_acquired"", ""timestamp"": ""2026-09-11 03:07:46.065"", ""session_id"": 94, ""resource_type"": ""KEY"", ""mode"": ""X""}",KEY,X,0.0,0.0,0,UNKNOWN
lock_acquired,2026-09-11 03:07:46.065,89.0,0,0,0,"{""event_name"": ""lock_acquired"", ""timestamp"": ""2026-09-11 03:07:46.065"", ""session_id"": 89, ""resource_type"": ""PAGE"", ""mode"": ""IX""}",PAGE,IX,0.0,0.0,0,UNKNOWN
lock_acquired,2026-09-11 03:07:46.065,91.0,0,0,0,"{""event_name"": ""lock_acquired"", ""timestamp"": ""2026-09-11 03:07:46.065"", ""session_id"": 91, ""resource_type"": ""OBJECT"", ""mode"": ""IX""}",OBJECT,IX,0.0,0.0,0,UNKNOWN
lock_acquired,2026-09-11 03:07:46.065,57.0,0,0,0,"{""event_name"": ""lock_acquired"", ""timestamp"": ""2026-09-11 03:07:46.065"", ""session_id"": 57, ""resource_type"": ""OBJECT"", ""mode"": ""IX""}",OBJECT,IX,0.0,0.0,0,UNKNOWN
lock_released,2026-09-11 03:07:46.065,55.0,0,0,0,"{""event_name"": ""lock_released"", ""timestamp"": ""2026-09-11 03:07:46.065"", ""session_id"": 55, ""resource_type"": ""KEY"", ""mode"": ""X""}",KEY,X,0.0,0.0,0,UNKNOWN
lock_released,2026-09-11 03:07:46.065,55.0,0,0,0,"{""event_name"": ""lock_released"", ""timestamp"": ""2026-09-11 03:07:46.065"", ""session_id"": 55, ""resource_type"": ""OBJECT"", ""mode"": ""IX""}",OBJECT,IX,0.0,0.0,0,UNKNOWN
lock_acquired,2026-09-11 03:07:51.108,86.0,0,0,0,"{""event_name"": ""lock_acquired"", ""timestamp"": ""2026-09-11 03:07:51.108"", ""session_id"": 86, ""resource_type"": ""OBJECT"", ""mode"": ""Sch-S""}",OBJECT,Sch-S,0.0,0.0,0,UNKNOWN
lock_released,2026-09-11 03:07:56.227,86.0,0,0,0,"{""event_name"": ""lock_released"", ""timestamp"": ""2026-09-11 03:07:56.227"", ""session_id"": 86, ""resource_type"": ""OBJECT"", ""mode"": ""Sch-S""}",OBJECT,Sch-S,0.0,0.0,0,UNKNOWN
login,2026-09-11 03:08:01.469,92.0,795ec2146175\Administrator,Microsoft SQL Server,SteelNort,"{""event_name"": ""login"", ""timestamp"": ""2026-09-11 03:08:01.469"", ""session_id"": 92, ""login_name"": ""795ec2146175\\Administrator"", ""program_name"": ""Microsoft SQL Server"", ""database_name"": ""SteelNort""}",0,0,0.0,0.0,0,UNKNOWN
logout,2026-09-11 03:08:06.847,92.0,0,0,0,"{""event_name"": ""logout"", ""timestamp"": ""2026-09-11 03:08:06.847"", ""session_id"": 92}",0,0,0.0,0.0,0,UNKNOWN
logout,2026-09-11 03:08:06.847,95.0,0,0,0,"{""event_name"": ""logout"", ""timestamp"": ""2026-09-11 03:08:06.847"", ""session_id"": 95}",0,0,0.0,0.0,0,UNKNOWN
lock_released,2026-09-11 03:08:06.847,90.0,0,0,0,"{""event_name"": ""lock_released"", ""timestamp"": ""2026-09-11 03:08:06.847"", ""session_id"": 90, ""resource_type"": ""KEY"", ""mode"": ""X""}",KEY,X,0.0,0.0,0,UNKNOWN
lock_released,2026-09-11 03:08:06.847,53.0,0,0,0,"{""event_name"": ""lock_released"", ""timestamp"": ""2026-09-11 03:08:06.847"", ""session_id"": 53, ""resource_type"": ""OBJECT"", ""mode"": ""IX""}",OBJECT,IX,0.0,0.0,0,UNKNOWN
lock_released,2026-09-11 03:08:06.847,91.0,0,0,0,"{""event_name"": ""lock_released"", ""timestamp"": ""2026-09-11 03:08:06.847"", ""session_id"": 91, ""resource_type"": ""PAGE"", ""mode"": ""IX""}",PAGE,IX,0.0,0.0,0,UNKNOWN
lock_released,2026-09-11 03:08:06.847,57.0,0,0,0,"{""event_name"": ""lock_released"", ""timestamp"": ""2026-09-11 03:08:06.847"", ""session_id"": 57, ""resource_type"": ""PAGE"", ""mode"": ""IX""}",PAGE,IX,0.0,0.0,0,UNKNOWN
lock_released,2026-09-11 03:08:06.847,94.0,0,0,0,"{""event_name"": ""lock_released"", ""timestamp"": ""2026-09-11 03:08:06.847"", ""session_id"": 94, ""resource_type"": ""OBJECT"", ""mode"": ""IX""}",OBJECT,IX,0.0,0.0,0,UNKNOWN
lock_released,2026-09-11 03:08:06.847,51.0,0,0,0,"{""event_name"": ""lock_released"", ""timestamp"": ""2026-09-11 03:08:06.847"", ""session_id"": 51, ""resource_type"": ""KEY"", ""mode"": ""X""}",KEY,X,0.0,0.0,0,UNKNOWN
lock_released,2026-09-11 03:08:06.847,54.0,0,0,0,"{""event_name"": ""lock_released"", ""timestamp"": ""2026-09-11 03:08:06.847"", ""session_id"": 54, ""resource_type"": ""OBJECT"", ""mode"": ""IX""}",OBJECT,IX,0.0,0.0,0,UNKNOWN
lock_released,2026-09-11 03:08:06.847,90.0,0,0,0,"{""event_name"": ""lock_released"", ""timestamp"": ""2026-09-11 03:08:06.847"", ""session_id"": 90, ""resource_type"": ""OBJECT"", ""mode"": ""IX""}",OBJECT,IX,0.0,0.0,0,UNKNOWN
lock_released,2026-09-11 03:08:06.847,94.0,0,0,0,"{""event_name"": ""lock_released"", ""timestamp"": ""2026-09-11 03:08:06.847"", ""session_id"": 94, ""resource_type"": ""PAGE"", ""mode"": ""IX""}",PAGE,IX,0.0,0.0,0,UNKNOWN
lock_released,2026-09-11 03:08:06.847,53.0,0,0,0,"{""event_name"": ""lock_released"", ""timestamp"": ""2026-09-11 03:08:06.847"", ""session_id"": 53, ""resource_type"": ""PAGE"", ""mode"": ""IX""}",PAGE,IX,0.0,0.0,0,UNKNOWN
lock_released,2026-09-11 03:08:06.847,54.0,0,0,0,"{""event_name"": ""lock_released"", ""timestamp"": ""2026-09-11 03:08:06.847"", ""session_id"": 54, ""resource_type"": ""PAGE"", ""mode"": ""IX""}",PAGE,IX,0.0,0.0,0,UNKNOWN
lock_released,2026-09-11 03:08:06.847,89.0,0,0,0,"{""event_name"": ""lock_released"", ""timestamp"": ""2026-09-11 03:08:06.847"", ""session_id"": 89, ""resource_type"": ""KEY"", ""mode"": ""X""}",KEY,X,0.0,0.0,0,UNKNOWN
lock_released,2026-09-11 03:08:06.847,51.0,0,0,0,"{""event_name"": ""lock_released"", ""timestamp"": ""2026-09-11 03:08:06.847"", ""session_id"": 51, ""resource_type"": ""OBJECT"", ""mode"": ""IX""}",OBJECT,IX,0.0,0.0,0,UNKNOWN
lock_released,2026-09-11 03:08:06.847,95.0,0,0,0,"{""event_name"": ""lock_released"", ""timestamp"": ""2026-09-11 03:08:06.847"", ""session_id"": 95, ""resource_type"": ""DATABASE"", ""mode"": ""S""}",DATABASE,S,0.0,0.0,0,UNKNOWN
lock_released,2026-09-11 03:08:06.847,54.0,0,0,0,"{""event_name"": ""lock_released"", ""timestamp"": ""2026-09-11 03:08:06.847"", ""session_id"": 54, ""resource_type"": ""KEY"", ""mode"": ""X""}",KEY,X,0.0,0.0,0,UNKNOWN
lock_released,2026-09-11 03:08:06.847,90.0,0,0,0,"{""event_name"": ""lock_released"", ""timestamp"": ""2026-09-11 03:08:06.847"", ""session_id"": 90, ""resource_type"": ""PAGE"", ""mode"": ""IX""}",PAGE,IX,0.0,0.0,0,UNKNOWN
lock_released,2026-09-11 03:08:06.847,51.0,0,0,0,"{""event_name"": ""lock_released"", ""timestamp"": ""2026-09-11 03:08:06.847"", ""session_id"": 51, ""resource_type"": ""PAGE"", ""mode"": ""IX""}",PAGE,IX,0.0,0.0,0,UNKNOWN
lock_released,2026-09-11 03:08:06.847,57.0,0,0,0,"{""event_name"": ""lock_released"", ""timestamp"": ""2026-09-11 03:08:06.847"", ""session_id"": 57, ""resource_type"": ""KEY"", ""mode"": ""X""}",KEY,X,0.0,0.0,0,UNKNOWN
lock_released,2026-09-11 03:08:06.847,89.0,0,0,0,"{""event_name"": ""lock_released"", ""timestamp"": ""2026-09-11 03:08:06.847"", ""session_id"": 89, ""resource_type"": ""OBJECT"", ""mode"": ""IX""}",OBJECT,IX,0.0,0.0,0,UNKNOWN
lock_released,2026-09-11 03:08:06.847,91.0,0,0,0,"{""event_name"": ""lock_released"", ""timestamp"": ""2026-09-11 03:08:06.847"", ""session_id"": 91, ""resource_type"": ""KEY"", ""mode"": ""X""}",KEY,X,0.0,0.0,0,UNKNOWN
lock_released,2026-09-11 03:08:06.847,53.0,0,0,0,"{""event_name"": ""lock_released"", ""timestamp"": ""2026-09-11 03:08:06.847"", ""session_id"": 53, ""resource_type"": ""KEY"", ""mode"": ""X""}",KEY,X,0.0,0.0,0,UNKNOWN
lock_released,2026-09-11 03:08:06.847,94.0,0,0,0,"{""event_name"": ""lock_released"", ""timestamp"": ""2026-09-11 03:08:06.847"", ""session_id"": 94, ""resource_type"": ""KEY"", ""mode"": ""X""}",KEY,X,0.0,0.0,0,UNKNOWN
lock_released,2026-09-11 03:08:06.847,89.0,0,0,0,"{""event_name"": ""lock_released"", ""timestamp"": ""2026-09-11 03:08:06.847"", ""session_id"": 89, ""resource_type"": ""PAGE"", ""mode"": ""IX""}",PAGE,IX,0.0,0.0,0,UNKNOWN
lock_released,2026-09-11 03:08:06.847,91.0,0,0,0,"{""event_name"": ""lock_released"", ""timestamp"": ""2026-09-11 03:08:06.847"", ""session_id"": 91, ""resource_type"": ""OBJECT"", ""mode"": ""IX""}",OBJECT,IX,0.0,0.0,0,UNKNOWN
lock_released,2026-09-11 03:08:06.847,57.0,0,0,0,"{""event_name"": ""lock_released"", ""timestamp"": ""2026-09-11 03:08:06.847"", ""session_id"": 57, ""resource_type"": ""OBJECT"", ""mode"": ""IX""}",OBJECT,IX,0.0,0.0,0,UNKNOWN
lock_acquired,2026-09-11 03:08:11.895,55.0,0,0,0,"{""event_name"": ""lock_acquired"", ""timestamp"": ""2026-09-11 03:08:11.895"", ""session_id"": 55, ""resource_type"": ""OBJECT"", ""mode"": ""IX""}",OBJECT,IX,0.0,0.0,0,UNKNOWN
lock_acquired,2026-09-11 03:08:16.919,55.0,0,0,0,"{""event_name"": ""lock_acquired"", ""timestamp"": ""2026-09-11 03:08:16.919"", ""session_id"": 55, ""resource_type"": ""PAGE"", ""mode"": ""S""}",PAGE,S,0.0,0.0,0,UNKNOWN
login,2026-09-11 03:08:21.950,92.0,sa,SteelNortCargaAnomalia,SteelNort,"{""event_name"": ""login"", ""timestamp"": ""2026-09-11 03:08:21.950"", ""session_id"": 92, ""login_name"": ""sa"", ""program_name"": ""SteelNortCargaAnomalia"", ""database_name"": ""SteelNort""}",0,0,0.0,0.0,0,UNKNOWN
lock_acquired,2026-09-11 03:08:21.950,92.0,0,0,0,"{""event_name"": ""lock_acquired"", ""timestamp"": ""2026-09-11 03:08:21.950"", ""session_id"": 92, ""resource_type"": ""DATABASE"", ""mode"": ""S""}",DATABASE,S,0.0,0.0,0,UNKNOWN
lock_released,2026-09-11 03:08:21.950,55.0,0,0,0,"{""event_name"": ""lock_released"", ""timestamp"": ""2026-09-11 03:08:21.950"", ""session_id"": 55, ""resource_type"": ""PAGE"", ""mode"": ""S""}",PAGE,S,0.0,0.0,0,UNKNOWN
lock_released,2026-09-11 03:08:21.950,55.0,0,0,0,"{""event_name"": ""lock_released"", ""timestamp"": ""2026-09-11 03:08:21.950"", ""session_id"": 55, ""resource_type"": ""OBJECT"", ""mode"": ""IX""}",OBJECT,IX,0.0,0.0,0,UNKNOWN
login,2026-09-11 03:08:32.038,96.0,795ec2146175\Administrator,Microsoft SQL Server,SteelNort,"{""event_name"": ""login"", ""timestamp"": ""2026-09-11 03:08:32.038"", ""session_id"": 96, ""login_name"": ""795ec2146175\\Administrator"", ""program_name"": ""Microsoft SQL Server"", ""database_name"": ""SteelNort""}",0,0,0.0,0.0,0,UNKNOWN
login,2026-09-11 03:08:32.038,95.0,sa,SteelNortCargaNormal,SteelNort,"{""event_name"": ""login"", ""timestamp"": ""2026-09-11 03:08:32.038"", ""session_id"": 95, ""login_name"": ""sa"", ""program_name"": ""SteelNortCargaNormal"", ""database_name"": ""SteelNort""}",0,0,0.0,0.0,0,UNKNOWN
lock_acquired,2026-09-11 03:08:32.038,95.0,0,0,0,"{""event_name"": ""lock_acquired"", ""timestamp"": ""2026-09-11 03:08:32.038"", ""session_id"": 95, ""resource_type"": ""OBJECT"", ""mode"": ""IS""}",OBJECT,IS,0.0,0.0,0,UNKNOWN
lock_acquired,2026-09-11 03:08:32.038,95.0,0,0,0,"{""event_name"": ""lock_acquired"", ""timestamp"": ""2026-09-11 03:08:32.038"", ""session_id"": 95, ""resource_type"": ""DATABASE"", ""mode"": ""S""}",DATABASE,S,0.0,0.0,0,UNKNOWN
logout,2026-09-11 03:08:37.065,96.0,0,0,0,"{""event_name"": ""logout"", ""timestamp"": ""2026-09-11 03:08:37.065"", ""session_id"": 96}",0,0,0.0,0.0,0,UNKNOWN
lock_acquired,2026-09-11 03:08:37.065,95.0,0,0,0,"{""event_name"": ""lock_acquired"", ""timestamp"": ""2026-09-11 03:08:37.065"", ""session_id"": 95, ""resource_type"": ""METADATA"", ""mode"": ""Sch-S""}",METADATA,Sch-S,0.0,0.0,0,UNKNOWN
lock_acquired,2026-09-11 03:08:37.065,95.0,0,0,0,"{""event_name"": ""lock_acquired"", ""timestamp"": ""2026-09-11 03:08:37.065"", ""session_id"": 95, ""resource_type"": ""OBJECT"", ""mode"": ""Sch-S""}",OBJECT,Sch-S,0.0,0.0,0,UNKNOWN
lock_acquired,2026-09-11 03:08:37.065,95.0,0,0,0,"{""event_name"": ""lock_acquired"", ""timestamp"": ""2026-09-11 03:08:37.065"", ""session_id"": 95, ""resource_type"": ""PAGE"", ""mode"": ""IS""}",PAGE,IS,0.0,0.0,0,UNKNOWN
lock_released,2026-09-11 03:08:37.065,95.0,0,0,0,"{""event_name"": ""lock_released"", ""timestamp"": ""2026-09-11 03:08:37.065"", ""session_id"": 95, ""resource_type"": ""OBJECT"", ""mode"": ""IS""}",OBJECT,IS,0.0,0.0,0,UNKNOWN
lock_acquired,2026-09-11 03:08:42.085,95.0,0,0,0,"{""event_name"": ""lock_acquired"", ""timestamp"": ""2026-09-11 03:08:42.085"", ""session_id"": 95, ""resource_type"": ""OBJECT"", ""mode"": ""IS""}",OBJECT,IS,0.0,0.0,0,UNKNOWN
lock_released,2026-09-11 03:08:42.085,95.0,0,0,0,"{""event_name"": ""lock_released"", ""timestamp"": ""2026-09-11 03:08:42.085"", ""session_id"": 95, ""resource_type"": ""PAGE"", ""mode"": ""IS""}",PAGE,IS,0.0,0.0,0,UNKNOWN
logout,2026-09-11 03:08:47.104,56.0,0,0,0,"{""event_name"": ""logout"", ""timestamp"": ""2026-09-11 03:08:47.104"", ""session_id"": 56}",0,0,0.0,0.0,0,UNKNOWN
lock_released,2026-09-11 03:08:47.104,56.0,0,0,0,"{""event_name"": ""lock_released"", ""timestamp"": ""2026-09-11 03:08:47.104"", ""session_id"": 56, ""resource_type"": ""DATABASE"", ""mode"": ""S""}",DATABASE,S,0.0,0.0,0,UNKNOWN
lock_released,2026-09-11 03:08:47.104,95.0,0,0,0,"{""event_name"": ""lock_released"", ""timestamp"": ""2026-09-11 03:08:47.104"", ""session_id"": 95, ""resource_type"": ""OBJECT"", ""mode"": ""IS""}",OBJECT,IS,0.0,0.0,0,UNKNOWN
lock_released,2026-09-11 03:08:47.104,95.0,0,0,0,"{""event_name"": ""lock_released"", ""timestamp"": ""2026-09-11 03:08:47.104"", ""session_id"": 95, ""resource_type"": ""METADATA"", ""mode"": ""Sch-S""}",METADATA,Sch-S,0.0,0.0,0,UNKNOWN
lock_released,2026-09-11 03:08:47.104,95.0,0,0,0,"{""event_name"": ""lock_released"", ""timestamp"": ""2026-09-11 03:08:47.104"", ""session_id"": 95, ""resource_type"": ""OBJECT"", ""mode"": ""Sch-S""}",OBJECT,Sch-S,0.0,0.0,0,UNKNOWN
logout,2026-09-11 03:08:52.139,89.0,0,0,0,"{""event_name"": ""logout"", ""timestamp"": ""2026-09-11 03:08:52.139"", ""session_id"": 89}",0,0,0.0,0.0,0,UNKNOWN
logout,2026-09-11 03:08:52.139,51.0,0,0,0,"{""event_name"": ""logout"", ""timestamp"": ""2026-09-11 03:08:52.139"", ""session_id"": 51}",0,0,0.0,0.0,0,UNKNOWN
logout,2026-09-11 03:08:52.139,52.0,0,0,0,"{""event_name"": ""logout"", ""timestamp"": ""2026-09-11 03:08:52.139"", ""session_id"": 52}",0,0,0.0,0.0,0,UNKNOWN
logout,2026-09-11 03:08:52.139,53.0,0,0,0,"{""event_name"": ""logout"", ""timestamp"": ""2026-09-11 03:08:52.139"", ""session_id"": 53}",0,0,0.0,0.0,0,UNKNOWN
logout,2026-09-11 03:08:52.139,54.0,0,0,0,"{""event_name"": ""logout"", ""timestamp"": ""2026-09-11 03:08:52.139"", ""session_id"": 54}",0,0,0.0,0.0,0,UNKNOWN
logout,2026-09-11 03:08:52.139,55.0,0,0,0,"{""event_name"": ""logout"", ""timestamp"": ""2026-09-11 03:08:52.139"", ""session_id"": 55}",0,0,0.0,0.0,0,UNKNOWN
logout,2026-09-11 03:08:52.139,57.0,0,0,0,"{""event_name"": ""logout"", ""timestamp"": ""2026-09-11 03:08:52.139"", ""session_id"": 57}",0,0,0.0,0.0,0,UNKNOWN
logout,2026-09-11 03:08:52.139,90.0,0,0,0,"{""event_name"": ""logout"", ""timestamp"": ""2026-09-11 03:08:52.139"", ""session_id"": 90}",0,0,0.0,0.0,0,UNKNOWN
logout,2026-09-11 03:08:52.139,91.0,0,0,0,"{""event_name"": ""logout"", ""timestamp"": ""2026-09-11 03:08:52.139"", ""session_id"": 91}",0,0,0.0,0.0,0,UNKNOWN
logout,2026-09-11 03:08:52.139,92.0,0,0,0,"{""event_name"": ""logout"", ""timestamp"": ""2026-09-11 03:08:52.139"", ""session_id"": 92}",0,0,0.0,0.0,0,UNKNOWN
logout,2026-09-11 03:08:52.139,93.0,0,0,0,"{""event_name"": ""logout"", ""timestamp"": ""2026-09-11 03:08:52.139"", ""session_id"": 93}",0,0,0.0,0.0,0,UNKNOWN
logout,2026-09-11 03:08:52.139,94.0,0,0,0,"{""event_name"": ""logout"", ""timestamp"": ""2026-09-11 03:08:52.139"", ""session_id"": 94}",0,0,0.0,0.0,0,UNKNOWN
logout,2026-09-11 03:08:52.139,95.0,0,0,0,"{""event_name"": ""logout"", ""timestamp"": ""2026-09-11 03:08:52.139"", ""session_id"": 95}",0,0,0.0,0.0,0,UNKNOWN
lock_released,2026-09-11 03:08:52.139,95.0,0,0,0,"{""event_name"": ""lock_released"", ""timestamp"": ""2026-09-11 03:08:52.139"", ""session_id"": 95, ""resource_type"": ""DATABASE"", ""mode"": ""S""}",DATABASE,S,0.0,0.0,0,UNKNOWN
lock_released,2026-09-11 03:08:52.139,92.0,0,0,0,"{""event_name"": ""lock_released"", ""timestamp"": ""2026-09-11 03:08:52.139"", ""session_id"": 92, ""resource_type"": ""DATABASE"", ""mode"": ""S""}",DATABASE,S,0.0,0.0,0,UNKNOWN
lock_released,2026-09-11 03:08:52.139,94.0,0,0,0,"{""event_name"": ""lock_released"", ""timestamp"": ""2026-09-11 03:08:52.139"", ""session_id"": 94, ""resource_type"": ""DATABASE"", ""mode"": ""S""}",DATABASE,S,0.0,0.0,0,UNKNOWN
lock_released,2026-09-11 03:08:52.139,51.0,0,0,0,"{""event_name"": ""lock_released"", ""timestamp"": ""2026-09-11 03:08:52.139"", ""session_id"": 51, ""resource_type"": ""DATABASE"", ""mode"": ""S""}",DATABASE,S,0.0,0.0,0,UNKNOWN
lock_released,2026-09-11 03:08:52.139,93.0,0,0,0,"{""event_name"": ""lock_released"", ""timestamp"": ""2026-09-11 03:08:52.139"", ""session_id"": 93, ""resource_type"": ""DATABASE"", ""mode"": ""S""}",DATABASE,S,0.0,0.0,0,UNKNOWN
lock_released,2026-09-11 03:08:52.139,90.0,0,0,0,"{""event_name"": ""lock_released"", ""timestamp"": ""2026-09-11 03:08:52.139"", ""session_id"": 90, ""resource_type"": ""DATABASE"", ""mode"": ""S""}",DATABASE,S,0.0,0.0,0,UNKNOWN
lock_released,2026-09-11 03:08:52.139,57.0,0,0,0,"{""event_name"": ""lock_released"", ""timestamp"": ""2026-09-11 03:08:52.139"", ""session_id"": 57, ""resource_type"": ""DATABASE"", ""mode"": ""S""}",DATABASE,S,0.0,0.0,0,UNKNOWN
lock_released,2026-09-11 03:08:52.139,54.0,0,0,0,"{""event_name"": ""lock_released"", ""timestamp"": ""2026-09-11 03:08:52.139"", ""session_id"": 54, ""resource_type"": ""DATABASE"", ""mode"": ""S""}",DATABASE,S,0.0,0.0,0,UNKNOWN
lock_released,2026-09-11 03:08:52.139,89.0,0,0,0,"{""event_name"": ""lock_released"", ""timestamp"": ""2026-09-11 03:08:52.139"", ""session_id"": 89, ""resource_type"": ""DATABASE"", ""mode"": ""S""}",DATABASE,S,0.0,0.0,0,UNKNOWN
lock_released,2026-09-11 03:08:52.139,53.0,0,0,0,"{""event_name"": ""lock_released"", ""timestamp"": ""2026-09-11 03:08:52.139"", ""session_id"": 53, ""resource_type"": ""DATABASE"", ""mode"": ""S""}",DATABASE,S,0.0,0.0,0,UNKNOWN
lock_released,2026-09-11 03:08:52.139,55.0,0,0,0,"{""event_name"": ""lock_released"", ""timestamp"": ""2026-09-11 03:08:52.139"", ""session_id"": 55, ""resource_type"": ""DATABASE"", ""mode"": ""S""}",DATABASE,S,0.0,0.0,0,UNKNOWN
lock_released,2026-09-11 03:08:52.139,52.0,0,0,0,"{""event_name"": ""lock_released"", ""timestamp"": ""2026-09-11 03:08:52.139"", ""session_id"": 52, ""resource_type"": ""DATABASE"", ""mode"": ""S""}",DATABASE,S,0.0,0.0,0,UNKNOWN
lock_released,2026-09-11 03:08:52.139,91.0,0,0,0,"{""event_name"": ""lock_released"", ""timestamp"": ""2026-09-11 03:08:52.139"", ""session_id"": 91, ""resource_type"": ""DATABASE"", ""mode"": ""S""}",DATABASE,S,0.0,0.0,0,UNKNOWN
