columna,clasificacion,en_features_modelo
active_requests,continua,True
active_sessions,continua,True
api_latency_ms,continua,True
api_status,continua,True
auditoria_locks,contador,False
batch_count,feature_modelo,True
batch_duration_avg_ms,feature_modelo,True
batch_duration_max_ms,feature_modelo,True
batch_requests_per_sec,redundante,False
buffer_cache_hit_ratio,excluida,False
caja_locks,contador,False
cost_threshold,excluida,False
cpu_idl,continua,False
cpu_sys,continua,True
cpu_total,redundante,False
cpu_usr,continua,True
cpu_wai,continua,True
database_size_mb,excluida,False
deadlocks_per_sec,contador,True
detalle_venta_locks,contador,False
disk_read_per_sec,continua,True
disk_write_per_sec,continua,True
events_lock_acquired_count,feature_modelo,True
events_lock_released_count,feature_modelo,True
events_login_count,feature_modelo,True
events_logout_count,feature_modelo,True
events_wait_count,feature_modelo,True
idle_sessions,redundante,False
inventario_locks,contador,False
kardex_locks,contador,False
load1,continua,True
load15,redundante,False
load5,redundante,False
lock_waits,contador,True
log_error_count,feature_modelo,True
log_fatal_count,feature_modelo,True
long_queries,continua,True
long_transactions,continua,True
max_server_memory,excluida,False
memory_available_mb,redundante,False
memory_percent,continua,True
memory_used_mb,continua,True
movimiento_caja_locks,contador,False
net_recv_per_sec,continua,True
net_send_per_sec,continua,True
page_life_expectancy,continua,True
page_reads_per_sec,redundante,False
page_writes_per_sec,redundante,False
products_count,contador,False
requests_per_session,redundante,False
rollbacks_per_sec,redundante,False
sales_count,contador,False
sql_compilations_per_sec,redundante,False
total_locks,contador,True
total_reads,contador_a_tasa,False
total_writes,contador_a_tasa,False
transactions_per_sec,continua,True
user_connections_setting,excluida,False
venta_locks,contador,False
