event_name,timestamp,session_id,login_name,program_name,database_name,_linea,resource_type,mode,process_type
login,2026-09-11 08:48:30.825,73,sa,Python,SteelNort,"{""event_name"": ""login"", ""timestamp"": ""2026-09-11 08:48:30.825"", ""session_id"": 73, ""login_name"": ""sa"", ""program_name"": ""Python"", ""database_name"": ""SteelNort""}",0,0,UNKNOWN
login,2026-09-11 08:48:30.825,75,sa,Python,SteelNort,"{""event_name"": ""login"", ""timestamp"": ""2026-09-11 08:48:30.825"", ""session_id"": 75, ""login_name"": ""sa"", ""program_name"": ""Python"", ""database_name"": ""SteelNort""}",0,0,UNKNOWN
login,2026-09-11 08:48:30.825,76,sa,SteelNortCargaNormal,SteelNort,"{""event_name"": ""login"", ""timestamp"": ""2026-09-11 08:48:30.825"", ""session_id"": 76, ""login_name"": ""sa"", ""program_name"": ""SteelNortCargaNormal"", ""database_name"": ""SteelNort""}",0,0,UNKNOWN
login,2026-09-11 08:48:30.825,77,sa,SteelNortCargaNormal,SteelNort,"{""event_name"": ""login"", ""timestamp"": ""2026-09-11 08:48:30.825"", ""session_id"": 77, ""login_name"": ""sa"", ""program_name"": ""SteelNortCargaNormal"", ""database_name"": ""SteelNort""}",0,0,UNKNOWN
login,2026-09-11 08:48:30.825,78,sa,SteelNortCargaNormal,SteelNort,"{""event_name"": ""login"", ""timestamp"": ""2026-09-11 08:48:30.825"", ""session_id"": 78, ""login_name"": ""sa"", ""program_name"": ""SteelNortCargaNormal"", ""database_name"": ""SteelNort""}",0,0,UNKNOWN
login,2026-09-11 08:48:30.825,80,sa,SteelNortCargaNormal,SteelNort,"{""event_name"": ""login"", ""timestamp"": ""2026-09-11 08:48:30.825"", ""session_id"": 80, ""login_name"": ""sa"", ""program_name"": ""SteelNortCargaNormal"", ""database_name"": ""SteelNort""}",0,0,UNKNOWN
login,2026-09-11 08:48:30.825,81,sa,SteelNortCargaNormal,SteelNort,"{""event_name"": ""login"", ""timestamp"": ""2026-09-11 08:48:30.825"", ""session_id"": 81, ""login_name"": ""sa"", ""program_name"": ""SteelNortCargaNormal"", ""database_name"": ""SteelNort""}",0,0,UNKNOWN
login,2026-09-11 08:48:30.825,82,sa,SteelNortCargaNormal,SteelNort,"{""event_name"": ""login"", ""timestamp"": ""2026-09-11 08:48:30.825"", ""session_id"": 82, ""login_name"": ""sa"", ""program_name"": ""SteelNortCargaNormal"", ""database_name"": ""SteelNort""}",0,0,UNKNOWN
login,2026-09-11 08:48:30.825,83,sa,SteelNortCargaNormal,SteelNort,"{""event_name"": ""login"", ""timestamp"": ""2026-09-11 08:48:30.825"", ""session_id"": 83, ""login_name"": ""sa"", ""program_name"": ""SteelNortCargaNormal"", ""database_name"": ""SteelNort""}",0,0,UNKNOWN
login,2026-09-11 08:48:30.825,84,sa,SteelNortCargaNormal,SteelNort,"{""event_name"": ""login"", ""timestamp"": ""2026-09-11 08:48:30.825"", ""session_id"": 84, ""login_name"": ""sa"", ""program_name"": ""SteelNortCargaNormal"", ""database_name"": ""SteelNort""}",0,0,UNKNOWN
login,2026-09-11 08:48:30.825,85,sa,SteelNortCargaNormal,SteelNort,"{""event_name"": ""login"", ""timestamp"": ""2026-09-11 08:48:30.825"", ""session_id"": 85, ""login_name"": ""sa"", ""program_name"": ""SteelNortCargaNormal"", ""database_name"": ""SteelNort""}",0,0,UNKNOWN
login,2026-09-11 08:48:30.825,86,sa,SteelNortCargaNormal,SteelNort,"{""event_name"": ""login"", ""timestamp"": ""2026-09-11 08:48:30.825"", ""session_id"": 86, ""login_name"": ""sa"", ""program_name"": ""SteelNortCargaNormal"", ""database_name"": ""SteelNort""}",0,0,UNKNOWN
lock_acquired,2026-09-11 08:48:30.825,78,0,0,0,"{""event_name"": ""lock_acquired"", ""timestamp"": ""2026-09-11 08:48:30.825"", ""session_id"": 78, ""resource_type"": ""OBJECT"", ""mode"": ""IX""}",OBJECT,IX,UNKNOWN
lock_acquired,2026-09-11 08:48:30.825,82,0,0,0,"{""event_name"": ""lock_acquired"", ""timestamp"": ""2026-09-11 08:48:30.825"", ""session_id"": 82, ""resource_type"": ""PAGE"", ""mode"": ""S""}",PAGE,S,UNKNOWN
lock_acquired,2026-09-11 08:48:30.825,82,0,0,0,"{""event_name"": ""lock_acquired"", ""timestamp"": ""2026-09-11 08:48:30.825"", ""session_id"": 82, ""resource_type"": ""DATABASE"", ""mode"": ""S""}",DATABASE,S,UNKNOWN
lock_acquired,2026-09-11 08:48:30.825,86,0,0,0,"{""event_name"": ""lock_acquired"", ""timestamp"": ""2026-09-11 08:48:30.825"", ""session_id"": 86, ""resource_type"": ""OBJECT"", ""mode"": ""IX""}",OBJECT,IX,UNKNOWN
lock_acquired,2026-09-11 08:48:30.825,81,0,0,0,"{""event_name"": ""lock_acquired"", ""timestamp"": ""2026-09-11 08:48:30.825"", ""session_id"": 81, ""resource_type"": ""DATABASE"", ""mode"": ""S""}",DATABASE,S,UNKNOWN
lock_acquired,2026-09-11 08:48:30.825,77,0,0,0,"{""event_name"": ""lock_acquired"", ""timestamp"": ""2026-09-11 08:48:30.825"", ""session_id"": 77, ""resource_type"": ""KEY"", ""mode"": ""X""}",KEY,X,UNKNOWN
lock_acquired,2026-09-11 08:48:30.825,78,0,0,0,"{""event_name"": ""lock_acquired"", ""timestamp"": ""2026-09-11 08:48:30.825"", ""session_id"": 78, ""resource_type"": ""PAGE"", ""mode"": ""S""}",PAGE,S,UNKNOWN
lock_acquired,2026-09-11 08:48:30.825,78,0,0,0,"{""event_name"": ""lock_acquired"", ""timestamp"": ""2026-09-11 08:48:30.825"", ""session_id"": 78, ""resource_type"": ""DATABASE"", ""mode"": ""S""}",DATABASE,S,UNKNOWN
lock_acquired,2026-09-11 08:48:30.825,77,0,0,0,"{""event_name"": ""lock_acquired"", ""timestamp"": ""2026-09-11 08:48:30.825"", ""session_id"": 77, ""resource_type"": ""DATABASE"", ""mode"": ""S""}",DATABASE,S,UNKNOWN
lock_acquired,2026-09-11 08:48:30.825,80,0,0,0,"{""event_name"": ""lock_acquired"", ""timestamp"": ""2026-09-11 08:48:30.825"", ""session_id"": 80, ""resource_type"": ""DATABASE"", ""mode"": ""S""}",DATABASE,S,UNKNOWN
lock_acquired,2026-09-11 08:48:30.825,76,0,0,0,"{""event_name"": ""lock_acquired"", ""timestamp"": ""2026-09-11 08:48:30.825"", ""session_id"": 76, ""resource_type"": ""KEY"", ""mode"": ""S""}",KEY,S,UNKNOWN
lock_acquired,2026-09-11 08:48:30.825,84,0,0,0,"{""event_name"": ""lock_acquired"", ""timestamp"": ""2026-09-11 08:48:30.825"", ""session_id"": 84, ""resource_type"": ""DATABASE"", ""mode"": ""S""}",DATABASE,S,UNKNOWN
lock_acquired,2026-09-11 08:48:30.825,75,0,0,0,"{""event_name"": ""lock_acquired"", ""timestamp"": ""2026-09-11 08:48:30.825"", ""session_id"": 75, ""resource_type"": ""DATABASE"", ""mode"": ""S""}",DATABASE,S,UNKNOWN
lock_acquired,2026-09-11 08:48:30.825,76,0,0,0,"{""event_name"": ""lock_acquired"", ""timestamp"": ""2026-09-11 08:48:30.825"", ""session_id"": 76, ""resource_type"": ""OBJECT"", ""mode"": ""Sch-S""}",OBJECT,Sch-S,UNKNOWN
lock_acquired,2026-09-11 08:48:30.825,76,0,0,0,"{""event_name"": ""lock_acquired"", ""timestamp"": ""2026-09-11 08:48:30.825"", ""session_id"": 76, ""resource_type"": ""DATABASE"", ""mode"": ""S""}",DATABASE,S,UNKNOWN
lock_acquired,2026-09-11 08:48:30.825,86,0,0,0,"{""event_name"": ""lock_acquired"", ""timestamp"": ""2026-09-11 08:48:30.825"", ""session_id"": 86, ""resource_type"": ""DATABASE"", ""mode"": ""S""}",DATABASE,S,UNKNOWN
lock_acquired,2026-09-11 08:48:30.825,82,0,0,0,"{""event_name"": ""lock_acquired"", ""timestamp"": ""2026-09-11 08:48:30.825"", ""session_id"": 82, ""resource_type"": ""OBJECT"", ""mode"": ""IX""}",OBJECT,IX,UNKNOWN
lock_acquired,2026-09-11 08:48:30.825,85,0,0,0,"{""event_name"": ""lock_acquired"", ""timestamp"": ""2026-09-11 08:48:30.825"", ""session_id"": 85, ""resource_type"": ""DATABASE"", ""mode"": ""S""}",DATABASE,S,UNKNOWN
lock_acquired,2026-09-11 08:48:30.825,73,0,0,0,"{""event_name"": ""lock_acquired"", ""timestamp"": ""2026-09-11 08:48:30.825"", ""session_id"": 73, ""resource_type"": ""DATABASE"", ""mode"": ""S""}",DATABASE,S,UNKNOWN
lock_acquired,2026-09-11 08:48:30.825,77,0,0,0,"{""event_name"": ""lock_acquired"", ""timestamp"": ""2026-09-11 08:48:30.825"", ""session_id"": 77, ""resource_type"": ""OBJECT"", ""mode"": ""IX""}",OBJECT,IX,UNKNOWN
lock_acquired,2026-09-11 08:48:30.825,83,0,0,0,"{""event_name"": ""lock_acquired"", ""timestamp"": ""2026-09-11 08:48:30.825"", ""session_id"": 83, ""resource_type"": ""DATABASE"", ""mode"": ""S""}",DATABASE,S,UNKNOWN
lock_acquired,2026-09-11 08:48:30.825,80,0,0,0,"{""event_name"": ""lock_acquired"", ""timestamp"": ""2026-09-11 08:48:30.825"", ""session_id"": 80, ""resource_type"": ""OBJECT"", ""mode"": ""IX""}",OBJECT,IX,UNKNOWN
lock_released,2026-09-11 08:48:30.825,70,0,0,0,"{""event_name"": ""lock_released"", ""timestamp"": ""2026-09-11 08:48:30.825"", ""session_id"": 70, ""resource_type"": ""KEY"", ""mode"": ""X""}",KEY,X,UNKNOWN
lock_released,2026-09-11 08:48:30.825,70,0,0,0,"{""event_name"": ""lock_released"", ""timestamp"": ""2026-09-11 08:48:30.825"", ""session_id"": 70, ""resource_type"": ""OBJECT"", ""mode"": ""IX""}",OBJECT,IX,UNKNOWN
lock_released,2026-09-11 08:48:30.825,70,0,0,0,"{""event_name"": ""lock_released"", ""timestamp"": ""2026-09-11 08:48:30.825"", ""session_id"": 70, ""resource_type"": ""METADATA"", ""mode"": ""Sch-M""}",METADATA,Sch-M,UNKNOWN
lock_acquired,2026-09-11 08:48:35.876,82,0,0,0,"{""event_name"": ""lock_acquired"", ""timestamp"": ""2026-09-11 08:48:35.876"", ""session_id"": 82, ""resource_type"": ""KEY"", ""mode"": ""X""}",KEY,X,UNKNOWN
lock_acquired,2026-09-11 08:48:35.876,85,0,0,0,"{""event_name"": ""lock_acquired"", ""timestamp"": ""2026-09-11 08:48:35.876"", ""session_id"": 85, ""resource_type"": ""PAGE"", ""mode"": ""S""}",PAGE,S,UNKNOWN
lock_acquired,2026-09-11 08:48:35.876,85,0,0,0,"{""event_name"": ""lock_acquired"", ""timestamp"": ""2026-09-11 08:48:35.876"", ""session_id"": 85, ""resource_type"": ""OBJECT"", ""mode"": ""IX""}",OBJECT,IX,UNKNOWN
lock_acquired,2026-09-11 08:48:35.876,82,0,0,0,"{""event_name"": ""lock_acquired"", ""timestamp"": ""2026-09-11 08:48:35.876"", ""session_id"": 82, ""resource_type"": ""PAGE"", ""mode"": ""IX""}",PAGE,IX,UNKNOWN
lock_released,2026-09-11 08:48:35.876,82,0,0,0,"{""event_name"": ""lock_released"", ""timestamp"": ""2026-09-11 08:48:35.876"", ""session_id"": 82, ""resource_type"": ""PAGE"", ""mode"": ""S""}",PAGE,S,UNKNOWN
lock_released,2026-09-11 08:48:35.876,76,0,0,0,"{""event_name"": ""lock_released"", ""timestamp"": ""2026-09-11 08:48:35.876"", ""session_id"": 76, ""resource_type"": ""OBJECT"", ""mode"": ""Sch-S""}",OBJECT,Sch-S,UNKNOWN
lock_released,2026-09-11 08:48:35.876,77,0,0,0,"{""event_name"": ""lock_released"", ""timestamp"": ""2026-09-11 08:48:35.876"", ""session_id"": 77, ""resource_type"": ""OBJECT"", ""mode"": ""IX""}",OBJECT,IX,UNKNOWN
lock_released,2026-09-11 08:48:35.876,80,0,0,0,"{""event_name"": ""lock_released"", ""timestamp"": ""2026-09-11 08:48:35.876"", ""session_id"": 80, ""resource_type"": ""OBJECT"", ""mode"": ""IX""}",OBJECT,IX,UNKNOWN
lock_released,2026-09-11 08:48:35.876,86,0,0,0,"{""event_name"": ""lock_released"", ""timestamp"": ""2026-09-11 08:48:35.876"", ""session_id"": 86, ""resource_type"": ""OBJECT"", ""mode"": ""IX""}",OBJECT,IX,UNKNOWN
lock_released,2026-09-11 08:48:35.876,76,0,0,0,"{""event_name"": ""lock_released"", ""timestamp"": ""2026-09-11 08:48:35.876"", ""session_id"": 76, ""resource_type"": ""KEY"", ""mode"": ""S""}",KEY,S,UNKNOWN
lock_released,2026-09-11 08:48:35.876,77,0,0,0,"{""event_name"": ""lock_released"", ""timestamp"": ""2026-09-11 08:48:35.876"", ""session_id"": 77, ""resource_type"": ""KEY"", ""mode"": ""X""}",KEY,X,UNKNOWN
lock_acquired,2026-09-11 08:48:40.907,84,0,0,0,"{""event_name"": ""lock_acquired"", ""timestamp"": ""2026-09-11 08:48:40.907"", ""session_id"": 84, ""resource_type"": ""OBJECT"", ""mode"": ""IX""}",OBJECT,IX,UNKNOWN
lock_acquired,2026-09-11 08:48:40.907,80,0,0,0,"{""event_name"": ""lock_acquired"", ""timestamp"": ""2026-09-11 08:48:40.907"", ""session_id"": 80, ""resource_type"": ""KEY"", ""mode"": ""S""}",KEY,S,UNKNOWN
lock_acquired,2026-09-11 08:48:40.907,78,0,0,0,"{""event_name"": ""lock_acquired"", ""timestamp"": ""2026-09-11 08:48:40.907"", ""session_id"": 78, ""resource_type"": ""OBJECT"", ""mode"": ""IS""}",OBJECT,IS,UNKNOWN
lock_acquired,2026-09-11 08:48:40.907,80,0,0,0,"{""event_name"": ""lock_acquired"", ""timestamp"": ""2026-09-11 08:48:40.907"", ""session_id"": 80, ""resource_type"": ""METADATA"", ""mode"": ""Sch-S""}",METADATA,Sch-S,UNKNOWN
lock_acquired,2026-09-11 08:48:40.907,82,0,0,0,"{""event_name"": ""lock_acquired"", ""timestamp"": ""2026-09-11 08:48:40.907"", ""session_id"": 82, ""resource_type"": ""OBJECT"", ""mode"": ""Sch-S""}",OBJECT,Sch-S,UNKNOWN
lock_acquired,2026-09-11 08:48:40.907,77,0,0,0,"{""event_name"": ""lock_acquired"", ""timestamp"": ""2026-09-11 08:48:40.907"", ""session_id"": 77, ""resource_type"": ""OBJECT"", ""mode"": ""Sch-S""}",OBJECT,Sch-S,UNKNOWN
lock_acquired,2026-09-11 08:48:40.907,84,0,0,0,"{""event_name"": ""lock_acquired"", ""timestamp"": ""2026-09-11 08:48:40.907"", ""session_id"": 84, ""resource_type"": ""PAGE"", ""mode"": ""S""}",PAGE,S,UNKNOWN
lock_acquired,2026-09-11 08:48:40.907,78,0,0,0,"{""event_name"": ""lock_acquired"", ""timestamp"": ""2026-09-11 08:48:40.907"", ""session_id"": 78, ""resource_type"": ""KEY"", ""mode"": ""S""}",KEY,S,UNKNOWN
lock_acquired,2026-09-11 08:48:40.907,86,0,0,0,"{""event_name"": ""lock_acquired"", ""timestamp"": ""2026-09-11 08:48:40.907"", ""session_id"": 86, ""resource_type"": ""OBJECT"", ""mode"": ""IX""}",OBJECT,IX,UNKNOWN
lock_acquired,2026-09-11 08:48:40.907,80,0,0,0,"{""event_name"": ""lock_acquired"", ""timestamp"": ""2026-09-11 08:48:40.907"", ""session_id"": 80, ""resource_type"": ""OBJECT"", ""mode"": ""Sch-S""}",OBJECT,Sch-S,UNKNOWN
lock_acquired,2026-09-11 08:48:40.907,83,0,0,0,"{""event_name"": ""lock_acquired"", ""timestamp"": ""2026-09-11 08:48:40.907"", ""session_id"": 83, ""resource_type"": ""OBJECT"", ""mode"": ""IX""}",OBJECT,IX,UNKNOWN
lock_acquired,2026-09-11 08:48:40.907,83,0,0,0,"{""event_name"": ""lock_acquired"", ""timestamp"": ""2026-09-11 08:48:40.907"", ""session_id"": 83, ""resource_type"": ""PAGE"", ""mode"": ""S""}",PAGE,S,UNKNOWN
lock_acquired,2026-09-11 08:48:40.907,78,0,0,0,"{""event_name"": ""lock_acquired"", ""timestamp"": ""2026-09-11 08:48:40.907"", ""session_id"": 78, ""resource_type"": ""PAGE"", ""mode"": ""IS""}",PAGE,IS,UNKNOWN
lock_acquired,2026-09-11 08:48:40.907,85,0,0,0,"{""event_name"": ""lock_acquired"", ""timestamp"": ""2026-09-11 08:48:40.907"", ""session_id"": 85, ""resource_type"": ""OBJECT"", ""mode"": ""Sch-S""}",OBJECT,Sch-S,UNKNOWN
lock_released,2026-09-11 08:48:40.907,78,0,0,0,"{""event_name"": ""lock_released"", ""timestamp"": ""2026-09-11 08:48:40.907"", ""session_id"": 78, ""resource_type"": ""OBJECT"", ""mode"": ""IX""}",OBJECT,IX,UNKNOWN
lock_released,2026-09-11 08:48:40.907,78,0,0,0,"{""event_name"": ""lock_released"", ""timestamp"": ""2026-09-11 08:48:40.907"", ""session_id"": 78, ""resource_type"": ""PAGE"", ""mode"": ""S""}",PAGE,S,UNKNOWN
lock_released,2026-09-11 08:48:40.907,85,0,0,0,"{""event_name"": ""lock_released"", ""timestamp"": ""2026-09-11 08:48:40.907"", ""session_id"": 85, ""resource_type"": ""OBJECT"", ""mode"": ""IX""}",OBJECT,IX,UNKNOWN
lock_released,2026-09-11 08:48:40.907,82,0,0,0,"{""event_name"": ""lock_released"", ""timestamp"": ""2026-09-11 08:48:40.907"", ""session_id"": 82, ""resource_type"": ""PAGE"", ""mode"": ""IX""}",PAGE,IX,UNKNOWN
lock_released,2026-09-11 08:48:40.907,85,0,0,0,"{""event_name"": ""lock_released"", ""timestamp"": ""2026-09-11 08:48:40.907"", ""session_id"": 85, ""resource_type"": ""PAGE"", ""mode"": ""S""}",PAGE,S,UNKNOWN
lock_released,2026-09-11 08:48:40.907,82,0,0,0,"{""event_name"": ""lock_released"", ""timestamp"": ""2026-09-11 08:48:40.907"", ""session_id"": 82, ""resource_type"": ""KEY"", ""mode"": ""X""}",KEY,X,UNKNOWN
lock_released,2026-09-11 08:48:40.907,82,0,0,0,"{""event_name"": ""lock_released"", ""timestamp"": ""2026-09-11 08:48:40.907"", ""session_id"": 82, ""resource_type"": ""OBJECT"", ""mode"": ""IX""}",OBJECT,IX,UNKNOWN
lock_acquired,2026-09-11 08:48:45.934,82,0,0,0,"{""event_name"": ""lock_acquired"", ""timestamp"": ""2026-09-11 08:48:45.934"", ""session_id"": 82, ""resource_type"": ""PAGE"", ""mode"": ""S""}",PAGE,S,UNKNOWN
lock_acquired,2026-09-11 08:48:45.934,83,0,0,0,"{""event_name"": ""lock_acquired"", ""timestamp"": ""2026-09-11 08:48:45.934"", ""session_id"": 83, ""resource_type"": ""KEY"", ""mode"": ""S""}",KEY,S,UNKNOWN
lock_acquired,2026-09-11 08:48:45.934,80,0,0,0,"{""event_name"": ""lock_acquired"", ""timestamp"": ""2026-09-11 08:48:45.934"", ""session_id"": 80, ""resource_type"": ""PAGE"", ""mode"": ""IX""}",PAGE,IX,UNKNOWN
lock_acquired,2026-09-11 08:48:45.934,83,0,0,0,"{""event_name"": ""lock_acquired"", ""timestamp"": ""2026-09-11 08:48:45.934"", ""session_id"": 83, ""resource_type"": ""PAGE"", ""mode"": ""IS""}",PAGE,IS,UNKNOWN
lock_acquired,2026-09-11 08:48:45.934,77,0,0,0,"{""event_name"": ""lock_acquired"", ""timestamp"": ""2026-09-11 08:48:45.934"", ""session_id"": 77, ""resource_type"": ""PAGE"", ""mode"": ""S""}",PAGE,S,UNKNOWN
lock_acquired,2026-09-11 08:48:45.934,82,0,0,0,"{""event_name"": ""lock_acquired"", ""timestamp"": ""2026-09-11 08:48:45.934"", ""session_id"": 82, ""resource_type"": ""OBJECT"", ""mode"": ""IX""}",OBJECT,IX,UNKNOWN
lock_acquired,2026-09-11 08:48:45.934,77,0,0,0,"{""event_name"": ""lock_acquired"", ""timestamp"": ""2026-09-11 08:48:45.934"", ""session_id"": 77, ""resource_type"": ""OBJECT"", ""mode"": ""IX""}",OBJECT,IX,UNKNOWN
lock_acquired,2026-09-11 08:48:45.934,81,0,0,0,"{""event_name"": ""lock_acquired"", ""timestamp"": ""2026-09-11 08:48:45.934"", ""session_id"": 81, ""resource_type"": ""PAGE"", ""mode"": ""IX""}",PAGE,IX,UNKNOWN
lock_acquired,2026-09-11 08:48:45.934,83,0,0,0,"{""event_name"": ""lock_acquired"", ""timestamp"": ""2026-09-11 08:48:45.934"", ""session_id"": 83, ""resource_type"": ""OBJECT"", ""mode"": ""IS""}",OBJECT,IS,UNKNOWN
lock_acquired,2026-09-11 08:48:45.934,80,0,0,0,"{""event_name"": ""lock_acquired"", ""timestamp"": ""2026-09-11 08:48:45.934"", ""session_id"": 80, ""resource_type"": ""KEY"", ""mode"": ""X""}",KEY,X,UNKNOWN
lock_acquired,2026-09-11 08:48:45.934,80,0,0,0,"{""event_name"": ""lock_acquired"", ""timestamp"": ""2026-09-11 08:48:45.934"", ""session_id"": 80, ""resource_type"": ""OBJECT"", ""mode"": ""IX""}",OBJECT,IX,UNKNOWN
lock_acquired,2026-09-11 08:48:45.934,81,0,0,0,"{""event_name"": ""lock_acquired"", ""timestamp"": ""2026-09-11 08:48:45.934"", ""session_id"": 81, ""resource_type"": ""OBJECT"", ""mode"": ""IX""}",OBJECT,IX,UNKNOWN
lock_released,2026-09-11 08:48:45.934,84,0,0,0,"{""event_name"": ""lock_released"", ""timestamp"": ""2026-09-11 08:48:45.934"", ""session_id"": 84, ""resource_type"": ""OBJECT"", ""mode"": ""IX""}",OBJECT,IX,UNKNOWN
lock_released,2026-09-11 08:48:45.934,80,0,0,0,"{""event_name"": ""lock_released"", ""timestamp"": ""2026-09-11 08:48:45.934"", ""session_id"": 80, ""resource_type"": ""KEY"", ""mode"": ""S""}",KEY,S,UNKNOWN
lock_released,2026-09-11 08:48:45.934,78,0,0,0,"{""event_name"": ""lock_released"", ""timestamp"": ""2026-09-11 08:48:45.934"", ""session_id"": 78, ""resource_type"": ""OBJECT"", ""mode"": ""IS""}",OBJECT,IS,UNKNOWN
lock_released,2026-09-11 08:48:45.934,80,0,0,0,"{""event_name"": ""lock_released"", ""timestamp"": ""2026-09-11 08:48:45.934"", ""session_id"": 80, ""resource_type"": ""METADATA"", ""mode"": ""Sch-S""}",METADATA,Sch-S,UNKNOWN
lock_released,2026-09-11 08:48:45.934,82,0,0,0,"{""event_name"": ""lock_released"", ""timestamp"": ""2026-09-11 08:48:45.934"", ""session_id"": 82, ""resource_type"": ""OBJECT"", ""mode"": ""Sch-S""}",OBJECT,Sch-S,UNKNOWN
lock_released,2026-09-11 08:48:45.934,77,0,0,0,"{""event_name"": ""lock_released"", ""timestamp"": ""2026-09-11 08:48:45.934"", ""session_id"": 77, ""resource_type"": ""OBJECT"", ""mode"": ""Sch-S""}",OBJECT,Sch-S,UNKNOWN
lock_released,2026-09-11 08:48:45.934,84,0,0,0,"{""event_name"": ""lock_released"", ""timestamp"": ""2026-09-11 08:48:45.934"", ""session_id"": 84, ""resource_type"": ""PAGE"", ""mode"": ""S""}",PAGE,S,UNKNOWN
lock_released,2026-09-11 08:48:45.934,78,0,0,0,"{""event_name"": ""lock_released"", ""timestamp"": ""2026-09-11 08:48:45.934"", ""session_id"": 78, ""resource_type"": ""KEY"", ""mode"": ""S""}",KEY,S,UNKNOWN
lock_released,2026-09-11 08:48:45.934,86,0,0,0,"{""event_name"": ""lock_released"", ""timestamp"": ""2026-09-11 08:48:45.934"", ""session_id"": 86, ""resource_type"": ""OBJECT"", ""mode"": ""IX""}",OBJECT,IX,UNKNOWN
lock_released,2026-09-11 08:48:45.934,80,0,0,0,"{""event_name"": ""lock_released"", ""timestamp"": ""2026-09-11 08:48:45.934"", ""session_id"": 80, ""resource_type"": ""OBJECT"", ""mode"": ""Sch-S""}",OBJECT,Sch-S,UNKNOWN
lock_released,2026-09-11 08:48:45.934,83,0,0,0,"{""event_name"": ""lock_released"", ""timestamp"": ""2026-09-11 08:48:45.934"", ""session_id"": 83, ""resource_type"": ""OBJECT"", ""mode"": ""IX""}",OBJECT,IX,UNKNOWN
lock_released,2026-09-11 08:48:45.934,83,0,0,0,"{""event_name"": ""lock_released"", ""timestamp"": ""2026-09-11 08:48:45.934"", ""session_id"": 83, ""resource_type"": ""PAGE"", ""mode"": ""S""}",PAGE,S,UNKNOWN
lock_released,2026-09-11 08:48:45.934,78,0,0,0,"{""event_name"": ""lock_released"", ""timestamp"": ""2026-09-11 08:48:45.934"", ""session_id"": 78, ""resource_type"": ""PAGE"", ""mode"": ""IS""}",PAGE,IS,UNKNOWN
lock_released,2026-09-11 08:48:45.934,85,0,0,0,"{""event_name"": ""lock_released"", ""timestamp"": ""2026-09-11 08:48:45.934"", ""session_id"": 85, ""resource_type"": ""OBJECT"", ""mode"": ""Sch-S""}",OBJECT,Sch-S,UNKNOWN
login,2026-09-11 08:48:50.968,87,sa,unknown,SteelNort,"{""event_name"": ""login"", ""timestamp"": ""2026-09-11 08:48:50.968"", ""session_id"": 87, ""login_name"": ""sa"", ""program_name"": ""unknown"", ""database_name"": ""SteelNort""}",0,0,UNKNOWN
login,2026-09-11 08:48:50.968,88,sa,unknown,SteelNort,"{""event_name"": ""login"", ""timestamp"": ""2026-09-11 08:48:50.968"", ""session_id"": 88, ""login_name"": ""sa"", ""program_name"": ""unknown"", ""database_name"": ""SteelNort""}",0,0,UNKNOWN
login,2026-09-11 08:48:50.968,89,sa,unknown,SteelNort,"{""event_name"": ""login"", ""timestamp"": ""2026-09-11 08:48:50.968"", ""session_id"": 89, ""login_name"": ""sa"", ""program_name"": ""unknown"", ""database_name"": ""SteelNort""}",0,0,UNKNOWN
login,2026-09-11 08:48:50.968,90,sa,unknown,SteelNort,"{""event_name"": ""login"", ""timestamp"": ""2026-09-11 08:48:50.968"", ""session_id"": 90, ""login_name"": ""sa"", ""program_name"": ""unknown"", ""database_name"": ""SteelNort""}",0,0,UNKNOWN
login,2026-09-11 08:48:50.968,91,sa,unknown,SteelNort,"{""event_name"": ""login"", ""timestamp"": ""2026-09-11 08:48:50.968"", ""session_id"": 91, ""login_name"": ""sa"", ""program_name"": ""unknown"", ""database_name"": ""SteelNort""}",0,0,UNKNOWN
lock_acquired,2026-09-11 08:48:50.968,84,0,0,0,"{""event_name"": ""lock_acquired"", ""timestamp"": ""2026-09-11 08:48:50.968"", ""session_id"": 84, ""resource_type"": ""OBJECT"", ""mode"": ""IX""}",OBJECT,IX,UNKNOWN
lock_acquired,2026-09-11 08:48:50.968,76,0,0,0,"{""event_name"": ""lock_acquired"", ""timestamp"": ""2026-09-11 08:48:50.968"", ""session_id"": 76, ""resource_type"": ""PAGE"", ""mode"": ""IX""}",PAGE,IX,UNKNOWN
lock_acquired,2026-09-11 08:48:50.968,85,0,0,0,"{""event_name"": ""lock_acquired"", ""timestamp"": ""2026-09-11 08:48:50.968"", ""session_id"": 85, ""resource_type"": ""OBJECT"", ""mode"": ""IX""}",OBJECT,IX,UNKNOWN
lock_acquired,2026-09-11 08:48:50.968,85,0,0,0,"{""event_name"": ""lock_acquired"", ""timestamp"": ""2026-09-11 08:48:50.968"", ""session_id"": 85, ""resource_type"": ""PAGE"", ""mode"": ""S""}",PAGE,S,UNKNOWN
lock_acquired,2026-09-11 08:48:50.968,86,0,0,0,"{""event_name"": ""lock_acquired"", ""timestamp"": ""2026-09-11 08:48:50.968"", ""session_id"": 86, ""resource_type"": ""PAGE"", ""mode"": ""IX""}",PAGE,IX,UNKNOWN
lock_acquired,2026-09-11 08:48:50.968,77,0,0,0,"{""event_name"": ""lock_acquired"", ""timestamp"": ""2026-09-11 08:48:50.968"", ""session_id"": 77, ""resource_type"": ""OBJECT"", ""mode"": ""Sch-S""}",OBJECT,Sch-S,UNKNOWN
lock_acquired,2026-09-11 08:48:50.968,84,0,0,0,"{""event_name"": ""lock_acquired"", ""timestamp"": ""2026-09-11 08:48:50.968"", ""session_id"": 84, ""resource_type"": ""PAGE"", ""mode"": ""IX""}",PAGE,IX,UNKNOWN
lock_acquired,2026-09-11 08:48:50.968,86,0,0,0,"{""event_name"": ""lock_acquired"", ""timestamp"": ""2026-09-11 08:48:50.968"", ""session_id"": 86, ""resource_type"": ""OBJECT"", ""mode"": ""IX""}",OBJECT,IX,UNKNOWN
lock_acquired,2026-09-11 08:48:50.968,78,0,0,0,"{""event_name"": ""lock_acquired"", ""timestamp"": ""2026-09-11 08:48:50.968"", ""session_id"": 78, ""resource_type"": ""OBJECT"", ""mode"": ""Sch-S""}",OBJECT,Sch-S,UNKNOWN
lock_acquired,2026-09-11 08:48:50.968,76,0,0,0,"{""event_name"": ""lock_acquired"", ""timestamp"": ""2026-09-11 08:48:50.968"", ""session_id"": 76, ""resource_type"": ""OBJECT"", ""mode"": ""IX""}",OBJECT,IX,UNKNOWN
lock_acquired,2026-09-11 08:48:50.968,80,0,0,0,"{""event_name"": ""lock_acquired"", ""timestamp"": ""2026-09-11 08:48:50.968"", ""session_id"": 80, ""resource_type"": ""OBJECT"", ""mode"": ""Sch-S""}",OBJECT,Sch-S,UNKNOWN
lock_released,2026-09-11 08:48:50.968,82,0,0,0,"{""event_name"": ""lock_released"", ""timestamp"": ""2026-09-11 08:48:50.968"", ""session_id"": 82, ""resource_type"": ""PAGE"", ""mode"": ""S""}",PAGE,S,UNKNOWN
lock_released,2026-09-11 08:48:50.968,83,0,0,0,"{""event_name"": ""lock_released"", ""timestamp"": ""2026-09-11 08:48:50.968"", ""session_id"": 83, ""resource_type"": ""KEY"", ""mode"": ""S""}",KEY,S,UNKNOWN
lock_released,2026-09-11 08:48:50.968,83,0,0,0,"{""event_name"": ""lock_released"", ""timestamp"": ""2026-09-11 08:48:50.968"", ""session_id"": 83, ""resource_type"": ""PAGE"", ""mode"": ""IS""}",PAGE,IS,UNKNOWN
lock_released,2026-09-11 08:48:50.968,77,0,0,0,"{""event_name"": ""lock_released"", ""timestamp"": ""2026-09-11 08:48:50.968"", ""session_id"": 77, ""resource_type"": ""PAGE"", ""mode"": ""S""}",PAGE,S,UNKNOWN
lock_released,2026-09-11 08:48:50.968,82,0,0,0,"{""event_name"": ""lock_released"", ""timestamp"": ""2026-09-11 08:48:50.968"", ""session_id"": 82, ""resource_type"": ""OBJECT"", ""mode"": ""IX""}",OBJECT,IX,UNKNOWN
lock_released,2026-09-11 08:48:50.968,77,0,0,0,"{""event_name"": ""lock_released"", ""timestamp"": ""2026-09-11 08:48:50.968"", ""session_id"": 77, ""resource_type"": ""OBJECT"", ""mode"": ""IX""}",OBJECT,IX,UNKNOWN
lock_released,2026-09-11 08:48:50.968,81,0,0,0,"{""event_name"": ""lock_released"", ""timestamp"": ""2026-09-11 08:48:50.968"", ""session_id"": 81, ""resource_type"": ""PAGE"", ""mode"": ""IX""}",PAGE,IX,UNKNOWN
lock_released,2026-09-11 08:48:50.968,83,0,0,0,"{""event_name"": ""lock_released"", ""timestamp"": ""2026-09-11 08:48:50.968"", ""session_id"": 83, ""resource_type"": ""OBJECT"", ""mode"": ""IS""}",OBJECT,IS,UNKNOWN
login,2026-09-11 08:48:56.022,92,NT AUTHORITY\SYSTEM,SQLServerCEIP,SteelNort,"{""event_name"": ""login"", ""timestamp"": ""2026-09-11 08:48:56.022"", ""session_id"": 92, ""login_name"": ""NT AUTHORITY\\SYSTEM"", ""program_name"": ""SQLServerCEIP"", ""database_name"": ""SteelNort""}",0,0,UNKNOWN
lock_acquired,2026-09-11 08:48:56.022,76,0,0,0,"{""event_name"": ""lock_acquired"", ""timestamp"": ""2026-09-11 08:48:56.022"", ""session_id"": 76, ""resource_type"": ""PAGE"", ""mode"": ""S""}",PAGE,S,UNKNOWN
lock_acquired,2026-09-11 08:48:56.022,80,0,0,0,"{""event_name"": ""lock_acquired"", ""timestamp"": ""2026-09-11 08:48:56.022"", ""session_id"": 80, ""resource_type"": ""PAGE"", ""mode"": ""S""}",PAGE,S,UNKNOWN
lock_acquired,2026-09-11 08:48:56.022,81,0,0,0,"{""event_name"": ""lock_acquired"", ""timestamp"": ""2026-09-11 08:48:56.022"", ""session_id"": 81, ""resource_type"": ""PAGE"", ""mode"": ""S""}",PAGE,S,UNKNOWN
lock_acquired,2026-09-11 08:48:56.022,82,0,0,0,"{""event_name"": ""lock_acquired"", ""timestamp"": ""2026-09-11 08:48:56.022"", ""session_id"": 82, ""resource_type"": ""OBJECT"", ""mode"": ""Sch-S""}",OBJECT,Sch-S,UNKNOWN
lock_released,2026-09-11 08:48:56.022,76,0,0,0,"{""event_name"": ""lock_released"", ""timestamp"": ""2026-09-11 08:48:56.022"", ""session_id"": 76, ""resource_type"": ""PAGE"", ""mode"": ""IX""}",PAGE,IX,UNKNOWN
lock_released,2026-09-11 08:48:56.022,86,0,0,0,"{""event_name"": ""lock_released"", ""timestamp"": ""2026-09-11 08:48:56.022"", ""session_id"": 86, ""resource_type"": ""PAGE"", ""mode"": ""IX""}",PAGE,IX,UNKNOWN
lock_released,2026-09-11 08:48:56.022,80,0,0,0,"{""event_name"": ""lock_released"", ""timestamp"": ""2026-09-11 08:48:56.022"", ""session_id"": 80, ""resource_type"": ""PAGE"", ""mode"": ""IX""}",PAGE,IX,UNKNOWN
lock_released,2026-09-11 08:48:56.022,77,0,0,0,"{""event_name"": ""lock_released"", ""timestamp"": ""2026-09-11 08:48:56.022"", ""session_id"": 77, ""resource_type"": ""OBJECT"", ""mode"": ""Sch-S""}",OBJECT,Sch-S,UNKNOWN
lock_released,2026-09-11 08:48:56.022,84,0,0,0,"{""event_name"": ""lock_released"", ""timestamp"": ""2026-09-11 08:48:56.022"", ""session_id"": 84, ""resource_type"": ""PAGE"", ""mode"": ""IX""}",PAGE,IX,UNKNOWN
lock_released,2026-09-11 08:48:56.022,86,0,0,0,"{""event_name"": ""lock_released"", ""timestamp"": ""2026-09-11 08:48:56.022"", ""session_id"": 86, ""resource_type"": ""OBJECT"", ""mode"": ""IX""}",OBJECT,IX,UNKNOWN
lock_released,2026-09-11 08:48:56.022,78,0,0,0,"{""event_name"": ""lock_released"", ""timestamp"": ""2026-09-11 08:48:56.022"", ""session_id"": 78, ""resource_type"": ""OBJECT"", ""mode"": ""Sch-S""}",OBJECT,Sch-S,UNKNOWN
lock_released,2026-09-11 08:48:56.022,80,0,0,0,"{""event_name"": ""lock_released"", ""timestamp"": ""2026-09-11 08:48:56.022"", ""session_id"": 80, ""resource_type"": ""OBJECT"", ""mode"": ""Sch-S""}",OBJECT,Sch-S,UNKNOWN
lock_released,2026-09-11 08:48:56.022,80,0,0,0,"{""event_name"": ""lock_released"", ""timestamp"": ""2026-09-11 08:48:56.022"", ""session_id"": 80, ""resource_type"": ""KEY"", ""mode"": ""X""}",KEY,X,UNKNOWN
lock_acquired,2026-09-11 08:49:01.088,82,0,0,0,"{""event_name"": ""lock_acquired"", ""timestamp"": ""2026-09-11 08:49:01.088"", ""session_id"": 82, ""resource_type"": ""PAGE"", ""mode"": ""IX""}",PAGE,IX,UNKNOWN
lock_acquired,2026-09-11 08:49:01.088,77,0,0,0,"{""event_name"": ""lock_acquired"", ""timestamp"": ""2026-09-11 08:49:01.088"", ""session_id"": 77, ""resource_type"": ""OBJECT"", ""mode"": ""Sch-S""}",OBJECT,Sch-S,UNKNOWN
lock_acquired,2026-09-11 08:49:01.088,82,0,0,0,"{""event_name"": ""lock_acquired"", ""timestamp"": ""2026-09-11 08:49:01.088"", ""session_id"": 82, ""resource_type"": ""KEY"", ""mode"": ""X""}",KEY,X,UNKNOWN
lock_acquired,2026-09-11 08:49:01.088,82,0,0,0,"{""event_name"": ""lock_acquired"", ""timestamp"": ""2026-09-11 08:49:01.088"", ""session_id"": 82, ""resource_type"": ""OBJECT"", ""mode"": ""IX""}",OBJECT,IX,UNKNOWN
lock_acquired,2026-09-11 08:49:01.088,86,0,0,0,"{""event_name"": ""lock_acquired"", ""timestamp"": ""2026-09-11 08:49:01.088"", ""session_id"": 86, ""resource_type"": ""OBJECT"", ""mode"": ""IX""}",OBJECT,IX,UNKNOWN
lock_acquired,2026-09-11 08:49:01.088,78,0,0,0,"{""event_name"": ""lock_acquired"", ""timestamp"": ""2026-09-11 08:49:01.088"", ""session_id"": 78, ""resource_type"": ""OBJECT"", ""mode"": ""Sch-S""}",OBJECT,Sch-S,UNKNOWN
lock_acquired,2026-09-11 08:49:01.088,78,0,0,0,"{""event_name"": ""lock_acquired"", ""timestamp"": ""2026-09-11 08:49:01.088"", ""session_id"": 78, ""resource_type"": ""METADATA"", ""mode"": ""Sch-S""}",METADATA,Sch-S,UNKNOWN
lock_released,2026-09-11 08:49:01.088,84,0,0,0,"{""event_name"": ""lock_released"", ""timestamp"": ""2026-09-11 08:49:01.088"", ""session_id"": 84, ""resource_type"": ""OBJECT"", ""mode"": ""IX""}",OBJECT,IX,UNKNOWN
lock_released,2026-09-11 08:49:01.088,85,0,0,0,"{""event_name"": ""lock_released"", ""timestamp"": ""2026-09-11 08:49:01.088"", ""session_id"": 85, ""resource_type"": ""OBJECT"", ""mode"": ""IX""}",OBJECT,IX,UNKNOWN
lock_released,2026-09-11 08:49:01.088,85,0,0,0,"{""event_name"": ""lock_released"", ""timestamp"": ""2026-09-11 08:49:01.088"", ""session_id"": 85, ""resource_type"": ""PAGE"", ""mode"": ""S""}",PAGE,S,UNKNOWN
lock_released,2026-09-11 08:49:01.088,81,0,0,0,"{""event_name"": ""lock_released"", ""timestamp"": ""2026-09-11 08:49:01.088"", ""session_id"": 81, ""resource_type"": ""PAGE"", ""mode"": ""S""}",PAGE,S,UNKNOWN
lock_released,2026-09-11 08:49:01.088,82,0,0,0,"{""event_name"": ""lock_released"", ""timestamp"": ""2026-09-11 08:49:01.088"", ""session_id"": 82, ""resource_type"": ""OBJECT"", ""mode"": ""Sch-S""}",OBJECT,Sch-S,UNKNOWN
lock_released,2026-09-11 08:49:01.088,76,0,0,0,"{""event_name"": ""lock_released"", ""timestamp"": ""2026-09-11 08:49:01.088"", ""session_id"": 76, ""resource_type"": ""PAGE"", ""mode"": ""S""}",PAGE,S,UNKNOWN
lock_released,2026-09-11 08:49:01.088,80,0,0,0,"{""event_name"": ""lock_released"", ""timestamp"": ""2026-09-11 08:49:01.088"", ""session_id"": 80, ""resource_type"": ""PAGE"", ""mode"": ""S""}",PAGE,S,UNKNOWN
lock_released,2026-09-11 08:49:01.088,80,0,0,0,"{""event_name"": ""lock_released"", ""timestamp"": ""2026-09-11 08:49:01.088"", ""session_id"": 80, ""resource_type"": ""OBJECT"", ""mode"": ""IX""}",OBJECT,IX,UNKNOWN
lock_released,2026-09-11 08:49:01.088,81,0,0,0,"{""event_name"": ""lock_released"", ""timestamp"": ""2026-09-11 08:49:01.088"", ""session_id"": 81, ""resource_type"": ""OBJECT"", ""mode"": ""IX""}",OBJECT,IX,UNKNOWN
login,2026-09-11 08:49:06.105,93,sa,unknown,SteelNort,"{""event_name"": ""login"", ""timestamp"": ""2026-09-11 08:49:06.105"", ""session_id"": 93, ""login_name"": ""sa"", ""program_name"": ""unknown"", ""database_name"": ""SteelNort""}",0,0,UNKNOWN
lock_acquired,2026-09-11 08:49:06.105,84,0,0,0,"{""event_name"": ""lock_acquired"", ""timestamp"": ""2026-09-11 08:49:06.105"", ""session_id"": 84, ""resource_type"": ""OBJECT"", ""mode"": ""IX""}",OBJECT,IX,UNKNOWN
lock_acquired,2026-09-11 08:49:06.105,78,0,0,0,"{""event_name"": ""lock_acquired"", ""timestamp"": ""2026-09-11 08:49:06.105"", ""session_id"": 78, ""resource_type"": ""PAGE"", ""mode"": ""S""}",PAGE,S,UNKNOWN
lock_acquired,2026-09-11 08:49:06.105,78,0,0,0,"{""event_name"": ""lock_acquired"", ""timestamp"": ""2026-09-11 08:49:06.105"", ""session_id"": 78, ""resource_type"": ""OBJECT"", ""mode"": ""IX""}",OBJECT,IX,UNKNOWN
lock_acquired,2026-09-11 08:49:06.105,86,0,0,0,"{""event_name"": ""lock_acquired"", ""timestamp"": ""2026-09-11 08:49:06.105"", ""session_id"": 86, ""resource_type"": ""PAGE"", ""mode"": ""S""}",PAGE,S,UNKNOWN
lock_acquired,2026-09-11 08:49:06.105,82,0,0,0,"{""event_name"": ""lock_acquired"", ""timestamp"": ""2026-09-11 08:49:06.105"", ""session_id"": 82, ""resource_type"": ""OBJECT"", ""mode"": ""Sch-S""}",OBJECT,Sch-S,UNKNOWN
lock_acquired,2026-09-11 08:49:06.105,76,0,0,0,"{""event_name"": ""lock_acquired"", ""timestamp"": ""2026-09-11 08:49:06.105"", ""session_id"": 76, ""resource_type"": ""OBJECT"", ""mode"": ""Sch-S""}",OBJECT,Sch-S,UNKNOWN
lock_acquired,2026-09-11 08:49:06.105,83,0,0,0,"{""event_name"": ""lock_acquired"", ""timestamp"": ""2026-09-11 08:49:06.105"", ""session_id"": 83, ""resource_type"": ""PAGE"", ""mode"": ""IS""}",PAGE,IS,UNKNOWN
lock_acquired,2026-09-11 08:49:06.105,84,0,0,0,"{""event_name"": ""lock_acquired"", ""timestamp"": ""2026-09-11 08:49:06.105"", ""session_id"": 84, ""resource_type"": ""PAGE"", ""mode"": ""S""}",PAGE,S,UNKNOWN
lock_acquired,2026-09-11 08:49:06.105,85,0,0,0,"{""event_name"": ""lock_acquired"", ""timestamp"": ""2026-09-11 08:49:06.105"", ""session_id"": 85, ""resource_type"": ""OBJECT"", ""mode"": ""Sch-S""}",OBJECT,Sch-S,UNKNOWN
lock_acquired,2026-09-11 08:49:06.105,83,0,0,0,"{""event_name"": ""lock_acquired"", ""timestamp"": ""2026-09-11 08:49:06.105"", ""session_id"": 83, ""resource_type"": ""OBJECT"", ""mode"": ""IS""}",OBJECT,IS,UNKNOWN
lock_acquired,2026-09-11 08:49:06.105,85,0,0,0,"{""event_name"": ""lock_acquired"", ""timestamp"": ""2026-09-11 08:49:06.105"", ""session_id"": 85, ""resource_type"": ""METADATA"", ""mode"": ""Sch-S""}",METADATA,Sch-S,UNKNOWN
lock_acquired,2026-09-11 08:49:06.105,76,0,0,0,"{""event_name"": ""lock_acquired"", ""timestamp"": ""2026-09-11 08:49:06.105"", ""session_id"": 76, ""resource_type"": ""METADATA"", ""mode"": ""Sch-S""}",METADATA,Sch-S,UNKNOWN
lock_acquired,2026-09-11 08:49:06.105,77,0,0,0,"{""event_name"": ""lock_acquired"", ""timestamp"": ""2026-09-11 08:49:06.105"", ""session_id"": 77, ""resource_type"": ""KEY"", ""mode"": ""X""}",KEY,X,UNKNOWN
lock_released,2026-09-11 08:49:06.105,82,0,0,0,"{""event_name"": ""lock_released"", ""timestamp"": ""2026-09-11 08:49:06.105"", ""session_id"": 82, ""resource_type"": ""PAGE"", ""mode"": ""IX""}",PAGE,IX,UNKNOWN
lock_released,2026-09-11 08:49:06.105,77,0,0,0,"{""event_name"": ""lock_released"", ""timestamp"": ""2026-09-11 08:49:06.105"", ""session_id"": 77, ""resource_type"": ""OBJECT"", ""mode"": ""Sch-S""}",OBJECT,Sch-S,UNKNOWN
lock_released,2026-09-11 08:49:06.105,82,0,0,0,"{""event_name"": ""lock_released"", ""timestamp"": ""2026-09-11 08:49:06.105"", ""session_id"": 82, ""resource_type"": ""KEY"", ""mode"": ""X""}",KEY,X,UNKNOWN
lock_released,2026-09-11 08:49:06.105,82,0,0,0,"{""event_name"": ""lock_released"", ""timestamp"": ""2026-09-11 08:49:06.105"", ""session_id"": 82, ""resource_type"": ""OBJECT"", ""mode"": ""IX""}",OBJECT,IX,UNKNOWN
lock_released,2026-09-11 08:49:06.105,78,0,0,0,"{""event_name"": ""lock_released"", ""timestamp"": ""2026-09-11 08:49:06.105"", ""session_id"": 78, ""resource_type"": ""OBJECT"", ""mode"": ""Sch-S""}",OBJECT,Sch-S,UNKNOWN
lock_released,2026-09-11 08:49:06.105,76,0,0,0,"{""event_name"": ""lock_released"", ""timestamp"": ""2026-09-11 08:49:06.105"", ""session_id"": 76, ""resource_type"": ""OBJECT"", ""mode"": ""IX""}",OBJECT,IX,UNKNOWN
lock_released,2026-09-11 08:49:06.105,78,0,0,0,"{""event_name"": ""lock_released"", ""timestamp"": ""2026-09-11 08:49:06.105"", ""session_id"": 78, ""resource_type"": ""METADATA"", ""mode"": ""Sch-S""}",METADATA,Sch-S,UNKNOWN
lock_acquired,2026-09-11 08:49:11.138,76,0,0,0,"{""event_name"": ""lock_acquired"", ""timestamp"": ""2026-09-11 08:49:11.138"", ""session_id"": 76, ""resource_type"": ""PAGE"", ""mode"": ""S""}",PAGE,S,UNKNOWN
lock_acquired,2026-09-11 08:49:11.138,82,0,0,0,"{""event_name"": ""lock_acquired"", ""timestamp"": ""2026-09-11 08:49:11.138"", ""session_id"": 82, ""resource_type"": ""METADATA"", ""mode"": ""Sch-S""}",METADATA,Sch-S,UNKNOWN
lock_acquired,2026-09-11 08:49:11.138,80,0,0,0,"{""event_name"": ""lock_acquired"", ""timestamp"": ""2026-09-11 08:49:11.138"", ""session_id"": 80, ""resource_type"": ""PAGE"", ""mode"": ""S""}",PAGE,S,UNKNOWN
lock_acquired,2026-09-11 08:49:11.138,85,0,0,0,"{""event_name"": ""lock_acquired"", ""timestamp"": ""2026-09-11 08:49:11.138"", ""session_id"": 85, ""resource_type"": ""KEY"", ""mode"": ""X""}",KEY,X,UNKNOWN
lock_acquired,2026-09-11 08:49:11.138,77,0,0,0,"{""event_name"": ""lock_acquired"", ""timestamp"": ""2026-09-11 08:49:11.138"", ""session_id"": 77, ""resource_type"": ""OBJECT"", ""mode"": ""IS""}",OBJECT,IS,UNKNOWN
lock_acquired,2026-09-11 08:49:11.138,76,0,0,0,"{""event_name"": ""lock_acquired"", ""timestamp"": ""2026-09-11 08:49:11.138"", ""session_id"": 76, ""resource_type"": ""OBJECT"", ""mode"": ""IX""}",OBJECT,IX,UNKNOWN
lock_acquired,2026-09-11 08:49:11.138,80,0,0,0,"{""event_name"": ""lock_acquired"", ""timestamp"": ""2026-09-11 08:49:11.138"", ""session_id"": 80, ""resource_type"": ""OBJECT"", ""mode"": ""IX""}",OBJECT,IX,UNKNOWN
lock_released,2026-09-11 08:49:11.138,76,0,0,0,"{""event_name"": ""lock_released"", ""timestamp"": ""2026-09-11 08:49:11.138"", ""session_id"": 76, ""resource_type"": ""OBJECT"", ""mode"": ""Sch-S""}",OBJECT,Sch-S,UNKNOWN
lock_released,2026-09-11 08:49:11.138,77,0,0,0,"{""event_name"": ""lock_released"", ""timestamp"": ""2026-09-11 08:49:11.138"", ""session_id"": 77, ""resource_type"": ""KEY"", ""mode"": ""X""}",KEY,X,UNKNOWN
lock_released,2026-09-11 08:49:11.138,83,0,0,0,"{""event_name"": ""lock_released"", ""timestamp"": ""2026-09-11 08:49:11.138"", ""session_id"": 83, ""resource_type"": ""PAGE"", ""mode"": ""IS""}",PAGE,IS,UNKNOWN
lock_released,2026-09-11 08:49:11.138,85,0,0,0,"{""event_name"": ""lock_released"", ""timestamp"": ""2026-09-11 08:49:11.138"", ""session_id"": 85, ""resource_type"": ""OBJECT"", ""mode"": ""Sch-S""}",OBJECT,Sch-S,UNKNOWN
lock_released,2026-09-11 08:49:11.138,83,0,0,0,"{""event_name"": ""lock_released"", ""timestamp"": ""2026-09-11 08:49:11.138"", ""session_id"": 83, ""resource_type"": ""OBJECT"", ""mode"": ""IS""}",OBJECT,IS,UNKNOWN
lock_released,2026-09-11 08:49:11.138,85,0,0,0,"{""event_name"": ""lock_released"", ""timestamp"": ""2026-09-11 08:49:11.138"", ""session_id"": 85, ""resource_type"": ""METADATA"", ""mode"": ""Sch-S""}",METADATA,Sch-S,UNKNOWN
lock_released,2026-09-11 08:49:11.138,76,0,0,0,"{""event_name"": ""lock_released"", ""timestamp"": ""2026-09-11 08:49:11.138"", ""session_id"": 76, ""resource_type"": ""METADATA"", ""mode"": ""Sch-S""}",METADATA,Sch-S,UNKNOWN
logout,2026-09-11 08:49:16.158,93,0,0,0,"{""event_name"": ""logout"", ""timestamp"": ""2026-09-11 08:49:16.158"", ""session_id"": 93}",0,0,UNKNOWN
lock_acquired,2026-09-11 08:49:16.158,76,0,0,0,"{""event_name"": ""lock_acquired"", ""timestamp"": ""2026-09-11 08:49:16.158"", ""session_id"": 76, ""resource_type"": ""OBJECT"", ""mode"": ""Sch-S""}",OBJECT,Sch-S,UNKNOWN
lock_acquired,2026-09-11 08:49:16.158,77,0,0,0,"{""event_name"": ""lock_acquired"", ""timestamp"": ""2026-09-11 08:49:16.158"", ""session_id"": 77, ""resource_type"": ""OBJECT"", ""mode"": ""Sch-S""}",OBJECT,Sch-S,UNKNOWN
lock_acquired,2026-09-11 08:49:16.158,76,0,0,0,"{""event_name"": ""lock_acquired"", ""timestamp"": ""2026-09-11 08:49:16.158"", ""session_id"": 76, ""resource_type"": ""METADATA"", ""mode"": ""Sch-S""}",METADATA,Sch-S,UNKNOWN
lock_acquired,2026-09-11 08:49:16.158,84,0,0,0,"{""event_name"": ""lock_acquired"", ""timestamp"": ""2026-09-11 08:49:16.158"", ""session_id"": 84, ""resource_type"": ""PAGE"", ""mode"": ""IX""}",PAGE,IX,UNKNOWN
lock_acquired,2026-09-11 08:49:16.158,83,0,0,0,"{""event_name"": ""lock_acquired"", ""timestamp"": ""2026-09-11 08:49:16.158"", ""session_id"": 83, ""resource_type"": ""OBJECT"", ""mode"": ""IX""}",OBJECT,IX,UNKNOWN
lock_acquired,2026-09-11 08:49:16.158,83,0,0,0,"{""event_name"": ""lock_acquired"", ""timestamp"": ""2026-09-11 08:49:16.158"", ""session_id"": 83, ""resource_type"": ""PAGE"", ""mode"": ""S""}",PAGE,S,UNKNOWN
lock_acquired,2026-09-11 08:49:16.158,85,0,0,0,"{""event_name"": ""lock_acquired"", ""timestamp"": ""2026-09-11 08:49:16.158"", ""session_id"": 85, ""resource_type"": ""OBJECT"", ""mode"": ""Sch-S""}",OBJECT,Sch-S,UNKNOWN
lock_acquired,2026-09-11 08:49:16.158,85,0,0,0,"{""event_name"": ""lock_acquired"", ""timestamp"": ""2026-09-11 08:49:16.158"", ""session_id"": 85, ""resource_type"": ""METADATA"", ""mode"": ""Sch-S""}",METADATA,Sch-S,UNKNOWN
lock_acquired,2026-09-11 08:49:16.158,86,0,0,0,"{""event_name"": ""lock_acquired"", ""timestamp"": ""2026-09-11 08:49:16.158"", ""session_id"": 86, ""resource_type"": ""METADATA"", ""mode"": ""Sch-S""}",METADATA,Sch-S,UNKNOWN
lock_acquired,2026-09-11 08:49:16.158,84,0,0,0,"{""event_name"": ""lock_acquired"", ""timestamp"": ""2026-09-11 08:49:16.158"", ""session_id"": 84, ""resource_type"": ""KEY"", ""mode"": ""X""}",KEY,X,UNKNOWN
lock_released,2026-09-11 08:49:16.158,78,0,0,0,"{""event_name"": ""lock_released"", ""timestamp"": ""2026-09-11 08:49:16.158"", ""session_id"": 78, ""resource_type"": ""OBJECT"", ""mode"": ""IX""}",OBJECT,IX,UNKNOWN
lock_released,2026-09-11 08:49:16.158,78,0,0,0,"{""event_name"": ""lock_released"", ""timestamp"": ""2026-09-11 08:49:16.158"", ""session_id"": 78, ""resource_type"": ""PAGE"", ""mode"": ""S""}",PAGE,S,UNKNOWN
lock_released,2026-09-11 08:49:16.158,86,0,0,0,"{""event_name"": ""lock_released"", ""timestamp"": ""2026-09-11 08:49:16.158"", ""session_id"": 86, ""resource_type"": ""PAGE"", ""mode"": ""S""}",PAGE,S,UNKNOWN
lock_released,2026-09-11 08:49:16.158,82,0,0,0,"{""event_name"": ""lock_released"", ""timestamp"": ""2026-09-11 08:49:16.158"", ""session_id"": 82, ""resource_type"": ""OBJECT"", ""mode"": ""Sch-S""}",OBJECT,Sch-S,UNKNOWN
lock_released,2026-09-11 08:49:16.158,76,0,0,0,"{""event_name"": ""lock_released"", ""timestamp"": ""2026-09-11 08:49:16.158"", ""session_id"": 76, ""resource_type"": ""PAGE"", ""mode"": ""S""}",PAGE,S,UNKNOWN
lock_released,2026-09-11 08:49:16.158,82,0,0,0,"{""event_name"": ""lock_released"", ""timestamp"": ""2026-09-11 08:49:16.158"", ""session_id"": 82, ""resource_type"": ""METADATA"", ""mode"": ""Sch-S""}",METADATA,Sch-S,UNKNOWN
lock_released,2026-09-11 08:49:16.158,85,0,0,0,"{""event_name"": ""lock_released"", ""timestamp"": ""2026-09-11 08:49:16.158"", ""session_id"": 85, ""resource_type"": ""KEY"", ""mode"": ""X""}",KEY,X,UNKNOWN
lock_released,2026-09-11 08:49:16.158,84,0,0,0,"{""event_name"": ""lock_released"", ""timestamp"": ""2026-09-11 08:49:16.158"", ""session_id"": 84, ""resource_type"": ""PAGE"", ""mode"": ""S""}",PAGE,S,UNKNOWN
lock_released,2026-09-11 08:49:16.158,86,0,0,0,"{""event_name"": ""lock_released"", ""timestamp"": ""2026-09-11 08:49:16.158"", ""session_id"": 86, ""resource_type"": ""OBJECT"", ""mode"": ""IX""}",OBJECT,IX,UNKNOWN
lock_released,2026-09-11 08:49:16.158,77,0,0,0,"{""event_name"": ""lock_released"", ""timestamp"": ""2026-09-11 08:49:16.158"", ""session_id"": 77, ""resource_type"": ""OBJECT"", ""mode"": ""IS""}",OBJECT,IS,UNKNOWN
lock_released,2026-09-11 08:49:16.158,76,0,0,0,"{""event_name"": ""lock_released"", ""timestamp"": ""2026-09-11 08:49:16.158"", ""session_id"": 76, ""resource_type"": ""OBJECT"", ""mode"": ""IX""}",OBJECT,IX,UNKNOWN
lock_acquired,2026-09-11 08:49:21.190,85,0,0,0,"{""event_name"": ""lock_acquired"", ""timestamp"": ""2026-09-11 08:49:21.190"", ""session_id"": 85, ""resource_type"": ""OBJECT"", ""mode"": ""IX""}",OBJECT,IX,UNKNOWN
lock_acquired,2026-09-11 08:49:21.190,85,0,0,0,"{""event_name"": ""lock_acquired"", ""timestamp"": ""2026-09-11 08:49:21.190"", ""session_id"": 85, ""resource_type"": ""PAGE"", ""mode"": ""S""}",PAGE,S,UNKNOWN
lock_acquired,2026-09-11 08:49:21.190,82,0,0,0,"{""event_name"": ""lock_acquired"", ""timestamp"": ""2026-09-11 08:49:21.190"", ""session_id"": 82, ""resource_type"": ""PAGE"", ""mode"": ""S""}",PAGE,S,UNKNOWN
lock_acquired,2026-09-11 08:49:21.190,80,0,0,0,"{""event_name"": ""lock_acquired"", ""timestamp"": ""2026-09-11 08:49:21.190"", ""session_id"": 80, ""resource_type"": ""PAGE"", ""mode"": ""IX""}",PAGE,IX,UNKNOWN
lock_acquired,2026-09-11 08:49:21.190,86,0,0,0,"{""event_name"": ""lock_acquired"", ""timestamp"": ""2026-09-11 08:49:21.190"", ""session_id"": 86, ""resource_type"": ""KEY"", ""mode"": ""X""}",KEY,X,UNKNOWN
lock_acquired,2026-09-11 08:49:21.190,82,0,0,0,"{""event_name"": ""lock_acquired"", ""timestamp"": ""2026-09-11 08:49:21.190"", ""session_id"": 82, ""resource_type"": ""OBJECT"", ""mode"": ""IX""}",OBJECT,IX,UNKNOWN
lock_acquired,2026-09-11 08:49:21.190,78,0,0,0,"{""event_name"": ""lock_acquired"", ""timestamp"": ""2026-09-11 08:49:21.190"", ""session_id"": 78, ""resource_type"": ""OBJECT"", ""mode"": ""Sch-S""}",OBJECT,Sch-S,UNKNOWN
lock_acquired,2026-09-11 08:49:21.190,84,0,0,0,"{""event_name"": ""lock_acquired"", ""timestamp"": ""2026-09-11 08:49:21.190"", ""session_id"": 84, ""resource_type"": ""OBJECT"", ""mode"": ""Sch-S""}",OBJECT,Sch-S,UNKNOWN
lock_acquired,2026-09-11 08:49:21.190,78,0,0,0,"{""event_name"": ""lock_acquired"", ""timestamp"": ""2026-09-11 08:49:21.190"", ""session_id"": 78, ""resource_type"": ""METADATA"", ""mode"": ""Sch-S""}",METADATA,Sch-S,UNKNOWN
lock_released,2026-09-11 08:49:21.190,84,0,0,0,"{""event_name"": ""lock_released"", ""timestamp"": ""2026-09-11 08:49:21.190"", ""session_id"": 84, ""resource_type"": ""OBJECT"", ""mode"": ""IX""}",OBJECT,IX,UNKNOWN
lock_released,2026-09-11 08:49:21.190,76,0,0,0,"{""event_name"": ""lock_released"", ""timestamp"": ""2026-09-11 08:49:21.190"", ""session_id"": 76, ""resource_type"": ""OBJECT"", ""mode"": ""Sch-S""}",OBJECT,Sch-S,UNKNOWN
lock_released,2026-09-11 08:49:21.190,77,0,0,0,"{""event_name"": ""lock_released"", ""timestamp"": ""2026-09-11 08:49:21.190"", ""session_id"": 77, ""resource_type"": ""OBJECT"", ""mode"": ""Sch-S""}",OBJECT,Sch-S,UNKNOWN
lock_released,2026-09-11 08:49:21.190,80,0,0,0,"{""event_name"": ""lock_released"", ""timestamp"": ""2026-09-11 08:49:21.190"", ""session_id"": 80, ""resource_type"": ""PAGE"", ""mode"": ""S""}",PAGE,S,UNKNOWN
lock_released,2026-09-11 08:49:21.190,76,0,0,0,"{""event_name"": ""lock_released"", ""timestamp"": ""2026-09-11 08:49:21.190"", ""session_id"": 76, ""resource_type"": ""METADATA"", ""mode"": ""Sch-S""}",METADATA,Sch-S,UNKNOWN
lock_released,2026-09-11 08:49:21.190,84,0,0,0,"{""event_name"": ""lock_released"", ""timestamp"": ""2026-09-11 08:49:21.190"", ""session_id"": 84, ""resource_type"": ""PAGE"", ""mode"": ""IX""}",PAGE,IX,UNKNOWN
lock_released,2026-09-11 08:49:21.190,85,0,0,0,"{""event_name"": ""lock_released"", ""timestamp"": ""2026-09-11 08:49:21.190"", ""session_id"": 85, ""resource_type"": ""OBJECT"", ""mode"": ""Sch-S""}",OBJECT,Sch-S,UNKNOWN
lock_released,2026-09-11 08:49:21.190,85,0,0,0,"{""event_name"": ""lock_released"", ""timestamp"": ""2026-09-11 08:49:21.190"", ""session_id"": 85, ""resource_type"": ""METADATA"", ""mode"": ""Sch-S""}",METADATA,Sch-S,UNKNOWN
lock_released,2026-09-11 08:49:21.190,86,0,0,0,"{""event_name"": ""lock_released"", ""timestamp"": ""2026-09-11 08:49:21.190"", ""session_id"": 86, ""resource_type"": ""METADATA"", ""mode"": ""Sch-S""}",METADATA,Sch-S,UNKNOWN
lock_released,2026-09-11 08:49:21.190,84,0,0,0,"{""event_name"": ""lock_released"", ""timestamp"": ""2026-09-11 08:49:21.190"", ""session_id"": 84, ""resource_type"": ""KEY"", ""mode"": ""X""}",KEY,X,UNKNOWN
lock_acquired,2026-09-11 08:49:26.228,84,0,0,0,"{""event_name"": ""lock_acquired"", ""timestamp"": ""2026-09-11 08:49:26.228"", ""session_id"": 84, ""resource_type"": ""OBJECT"", ""mode"": ""IX""}",OBJECT,IX,UNKNOWN
lock_acquired,2026-09-11 08:49:26.228,86,0,0,0,"{""event_name"": ""lock_acquired"", ""timestamp"": ""2026-09-11 08:49:26.228"", ""session_id"": 86, ""resource_type"": ""PAGE"", ""mode"": ""S""}",PAGE,S,UNKNOWN
lock_acquired,2026-09-11 08:49:26.228,81,0,0,0,"{""event_name"": ""lock_acquired"", ""timestamp"": ""2026-09-11 08:49:26.228"", ""session_id"": 81, ""resource_type"": ""PAGE"", ""mode"": ""S""}",PAGE,S,UNKNOWN
lock_acquired,2026-09-11 08:49:26.228,77,0,0,0,"{""event_name"": ""lock_acquired"", ""timestamp"": ""2026-09-11 08:49:26.228"", ""session_id"": 77, ""resource_type"": ""METADATA"", ""mode"": ""Sch-S""}",METADATA,Sch-S,UNKNOWN
lock_acquired,2026-09-11 08:49:26.228,77,0,0,0,"{""event_name"": ""lock_acquired"", ""timestamp"": ""2026-09-11 08:49:26.228"", ""session_id"": 77, ""resource_type"": ""OBJECT"", ""mode"": ""Sch-S""}",OBJECT,Sch-S,UNKNOWN
lock_acquired,2026-09-11 08:49:26.228,86,0,0,0,"{""event_name"": ""lock_acquired"", ""timestamp"": ""2026-09-11 08:49:26.228"", ""session_id"": 86, ""resource_type"": ""OBJECT"", ""mode"": ""IX""}",OBJECT,IX,UNKNOWN
lock_acquired,2026-09-11 08:49:26.228,81,0,0,0,"{""event_name"": ""lock_acquired"", ""timestamp"": ""2026-09-11 08:49:26.228"", ""session_id"": 81, ""resource_type"": ""OBJECT"", ""mode"": ""IX""}",OBJECT,IX,UNKNOWN
lock_released,2026-09-11 08:49:26.228,82,0,0,0,"{""event_name"": ""lock_released"", ""timestamp"": ""2026-09-11 08:49:26.228"", ""session_id"": 82, ""resource_type"": ""PAGE"", ""mode"": ""S""}",PAGE,S,UNKNOWN
lock_released,2026-09-11 08:49:26.228,80,0,0,0,"{""event_name"": ""lock_released"", ""timestamp"": ""2026-09-11 08:49:26.228"", ""session_id"": 80, ""resource_type"": ""PAGE"", ""mode"": ""IX""}",PAGE,IX,UNKNOWN
lock_released,2026-09-11 08:49:26.228,86,0,0,0,"{""event_name"": ""lock_released"", ""timestamp"": ""2026-09-11 08:49:26.228"", ""session_id"": 86, ""resource_type"": ""KEY"", ""mode"": ""X""}",KEY,X,UNKNOWN
lock_released,2026-09-11 08:49:26.228,80,0,0,0,"{""event_name"": ""lock_released"", ""timestamp"": ""2026-09-11 08:49:26.228"", ""session_id"": 80, ""resource_type"": ""OBJECT"", ""mode"": ""IX""}",OBJECT,IX,UNKNOWN
lock_released,2026-09-11 08:49:26.228,78,0,0,0,"{""event_name"": ""lock_released"", ""timestamp"": ""2026-09-11 08:49:26.228"", ""session_id"": 78, ""resource_type"": ""OBJECT"", ""mode"": ""Sch-S""}",OBJECT,Sch-S,UNKNOWN
lock_released,2026-09-11 08:49:26.228,84,0,0,0,"{""event_name"": ""lock_released"", ""timestamp"": ""2026-09-11 08:49:26.228"", ""session_id"": 84, ""resource_type"": ""OBJECT"", ""mode"": ""Sch-S""}",OBJECT,Sch-S,UNKNOWN
lock_released,2026-09-11 08:49:26.228,78,0,0,0,"{""event_name"": ""lock_released"", ""timestamp"": ""2026-09-11 08:49:26.228"", ""session_id"": 78, ""resource_type"": ""METADATA"", ""mode"": ""Sch-S""}",METADATA,Sch-S,UNKNOWN
lock_acquired,2026-09-11 08:49:31.248,82,0,0,0,"{""event_name"": ""lock_acquired"", ""timestamp"": ""2026-09-11 08:49:31.248"", ""session_id"": 82, ""resource_type"": ""PAGE"", ""mode"": ""IX""}",PAGE,IX,UNKNOWN
lock_acquired,2026-09-11 08:49:31.248,86,0,0,0,"{""event_name"": ""lock_acquired"", ""timestamp"": ""2026-09-11 08:49:31.248"", ""session_id"": 86, ""resource_type"": ""PAGE"", ""mode"": ""IX""}",PAGE,IX,UNKNOWN
lock_acquired,2026-09-11 08:49:31.248,80,0,0,0,"{""event_name"": ""lock_acquired"", ""timestamp"": ""2026-09-11 08:49:31.248"", ""session_id"": 80, ""resource_type"": ""PAGE"", ""mode"": ""S""}",PAGE,S,UNKNOWN
lock_acquired,2026-09-11 08:49:31.248,82,0,0,0,"{""event_name"": ""lock_acquired"", ""timestamp"": ""2026-09-11 08:49:31.248"", ""session_id"": 82, ""resource_type"": ""KEY"", ""mode"": ""X""}",KEY,X,UNKNOWN
lock_acquired,2026-09-11 08:49:31.248,77,0,0,0,"{""event_name"": ""lock_acquired"", ""timestamp"": ""2026-09-11 08:49:31.248"", ""session_id"": 77, ""resource_type"": ""PAGE"", ""mode"": ""S""}",PAGE,S,UNKNOWN
lock_acquired,2026-09-11 08:49:31.248,84,0,0,0,"{""event_name"": ""lock_acquired"", ""timestamp"": ""2026-09-11 08:49:31.248"", ""session_id"": 84, ""resource_type"": ""PAGE"", ""mode"": ""S""}",PAGE,S,UNKNOWN
lock_acquired,2026-09-11 08:49:31.248,77,0,0,0,"{""event_name"": ""lock_acquired"", ""timestamp"": ""2026-09-11 08:49:31.248"", ""session_id"": 77, ""resource_type"": ""OBJECT"", ""mode"": ""IX""}",OBJECT,IX,UNKNOWN
lock_acquired,2026-09-11 08:49:31.248,85,0,0,0,"{""event_name"": ""lock_acquired"", ""timestamp"": ""2026-09-11 08:49:31.248"", ""session_id"": 85, ""resource_type"": ""METADATA"", ""mode"": ""Sch-S""}",METADATA,Sch-S,UNKNOWN
lock_acquired,2026-09-11 08:49:31.248,80,0,0,0,"{""event_name"": ""lock_acquired"", ""timestamp"": ""2026-09-11 08:49:31.248"", ""session_id"": 80, ""resource_type"": ""OBJECT"", ""mode"": ""IX""}",OBJECT,IX,UNKNOWN
lock_acquired,2026-09-11 08:49:31.248,85,0,0,0,"{""event_name"": ""lock_acquired"", ""timestamp"": ""2026-09-11 08:49:31.248"", ""session_id"": 85, ""resource_type"": ""OBJECT"", ""mode"": ""Sch-S""}",OBJECT,Sch-S,UNKNOWN
lock_released,2026-09-11 08:49:31.248,85,0,0,0,"{""event_name"": ""lock_released"", ""timestamp"": ""2026-09-11 08:49:31.248"", ""session_id"": 85, ""resource_type"": ""OBJECT"", ""mode"": ""IX""}",OBJECT,IX,UNKNOWN
lock_released,2026-09-11 08:49:31.248,85,0,0,0,"{""event_name"": ""lock_released"", ""timestamp"": ""2026-09-11 08:49:31.248"", ""session_id"": 85, ""resource_type"": ""PAGE"", ""mode"": ""S""}",PAGE,S,UNKNOWN
lock_released,2026-09-11 08:49:31.248,86,0,0,0,"{""event_name"": ""lock_released"", ""timestamp"": ""2026-09-11 08:49:31.248"", ""session_id"": 86, ""resource_type"": ""PAGE"", ""mode"": ""S""}",PAGE,S,UNKNOWN
lock_released,2026-09-11 08:49:31.248,77,0,0,0,"{""event_name"": ""lock_released"", ""timestamp"": ""2026-09-11 08:49:31.248"", ""session_id"": 77, ""resource_type"": ""METADATA"", ""mode"": ""Sch-S""}",METADATA,Sch-S,UNKNOWN
lock_released,2026-09-11 08:49:31.248,77,0,0,0,"{""event_name"": ""lock_released"", ""timestamp"": ""2026-09-11 08:49:31.248"", ""session_id"": 77, ""resource_type"": ""OBJECT"", ""mode"": ""Sch-S""}",OBJECT,Sch-S,UNKNOWN
lock_released,2026-09-11 08:49:31.248,83,0,0,0,"{""event_name"": ""lock_released"", ""timestamp"": ""2026-09-11 08:49:31.248"", ""session_id"": 83, ""resource_type"": ""OBJECT"", ""mode"": ""IX""}",OBJECT,IX,UNKNOWN
lock_released,2026-09-11 08:49:31.248,83,0,0,0,"{""event_name"": ""lock_released"", ""timestamp"": ""2026-09-11 08:49:31.248"", ""session_id"": 83, ""resource_type"": ""PAGE"", ""mode"": ""S""}",PAGE,S,UNKNOWN
lock_acquired,2026-09-11 08:49:36.283,76,0,0,0,"{""event_name"": ""lock_acquired"", ""timestamp"": ""2026-09-11 08:49:36.283"", ""session_id"": 76, ""resource_type"": ""PAGE"", ""mode"": ""S""}",PAGE,S,UNKNOWN
lock_acquired,2026-09-11 08:49:36.283,78,0,0,0,"{""event_name"": ""lock_acquired"", ""timestamp"": ""2026-09-11 08:49:36.283"", ""session_id"": 78, ""resource_type"": ""METADATA"", ""mode"": ""Sch-S""}",METADATA,Sch-S,UNKNOWN
lock_acquired,2026-09-11 08:49:36.283,76,0,0,0,"{""event_name"": ""lock_acquired"", ""timestamp"": ""2026-09-11 08:49:36.283"", ""session_id"": 76, ""resource_type"": ""OBJECT"", ""mode"": ""IX""}",OBJECT,IX,UNKNOWN
lock_released,2026-09-11 08:49:36.283,82,0,0,0,"{""event_name"": ""lock_released"", ""timestamp"": ""2026-09-11 08:49:36.283"", ""session_id"": 82, ""resource_type"": ""PAGE"", ""mode"": ""IX""}",PAGE,IX,UNKNOWN
lock_released,2026-09-11 08:49:36.283,86,0,0,0,"{""event_name"": ""lock_released"", ""timestamp"": ""2026-09-11 08:49:36.283"", ""session_id"": 86, ""resource_type"": ""PAGE"", ""mode"": ""IX""}",PAGE,IX,UNKNOWN
lock_released,2026-09-11 08:49:36.283,82,0,0,0,"{""event_name"": ""lock_released"", ""timestamp"": ""2026-09-11 08:49:36.283"", ""session_id"": 82, ""resource_type"": ""KEY"", ""mode"": ""X""}",KEY,X,UNKNOWN
lock_released,2026-09-11 08:49:36.283,77,0,0,0,"{""event_name"": ""lock_released"", ""timestamp"": ""2026-09-11 08:49:36.283"", ""session_id"": 77, ""resource_type"": ""PAGE"", ""mode"": ""S""}",PAGE,S,UNKNOWN
lock_released,2026-09-11 08:49:36.283,84,0,0,0,"{""event_name"": ""lock_released"", ""timestamp"": ""2026-09-11 08:49:36.283"", ""session_id"": 84, ""resource_type"": ""PAGE"", ""mode"": ""S""}",PAGE,S,UNKNOWN
lock_released,2026-09-11 08:49:36.283,86,0,0,0,"{""event_name"": ""lock_released"", ""timestamp"": ""2026-09-11 08:49:36.283"", ""session_id"": 86, ""resource_type"": ""OBJECT"", ""mode"": ""IX""}",OBJECT,IX,UNKNOWN
lock_released,2026-09-11 08:49:36.283,82,0,0,0,"{""event_name"": ""lock_released"", ""timestamp"": ""2026-09-11 08:49:36.283"", ""session_id"": 82, ""resource_type"": ""OBJECT"", ""mode"": ""IX""}",OBJECT,IX,UNKNOWN
lock_released,2026-09-11 08:49:36.283,77,0,0,0,"{""event_name"": ""lock_released"", ""timestamp"": ""2026-09-11 08:49:36.283"", ""session_id"": 77, ""resource_type"": ""OBJECT"", ""mode"": ""IX""}",OBJECT,IX,UNKNOWN
lock_released,2026-09-11 08:49:36.283,85,0,0,0,"{""event_name"": ""lock_released"", ""timestamp"": ""2026-09-11 08:49:36.283"", ""session_id"": 85, ""resource_type"": ""METADATA"", ""mode"": ""Sch-S""}",METADATA,Sch-S,UNKNOWN
lock_released,2026-09-11 08:49:36.283,85,0,0,0,"{""event_name"": ""lock_released"", ""timestamp"": ""2026-09-11 08:49:36.283"", ""session_id"": 85, ""resource_type"": ""OBJECT"", ""mode"": ""Sch-S""}",OBJECT,Sch-S,UNKNOWN
login,2026-09-11 08:49:41.311,93,sa,unknown,SteelNort,"{""event_name"": ""login"", ""timestamp"": ""2026-09-11 08:49:41.311"", ""session_id"": 93, ""login_name"": ""sa"", ""program_name"": ""unknown"", ""database_name"": ""SteelNort""}",0,0,UNKNOWN
lock_acquired,2026-09-11 08:49:41.311,84,0,0,0,"{""event_name"": ""lock_acquired"", ""timestamp"": ""2026-09-11 08:49:41.311"", ""session_id"": 84, ""resource_type"": ""KEY"", ""mode"": ""S""}",KEY,S,UNKNOWN
lock_acquired,2026-09-11 08:49:41.311,86,0,0,0,"{""event_name"": ""lock_acquired"", ""timestamp"": ""2026-09-11 08:49:41.311"", ""session_id"": 86, ""resource_type"": ""PAGE"", ""mode"": ""IX""}",PAGE,IX,UNKNOWN
lock_acquired,2026-09-11 08:49:41.311,86,0,0,0,"{""event_name"": ""lock_acquired"", ""timestamp"": ""2026-09-11 08:49:41.311"", ""session_id"": 86, ""resource_type"": ""PAGE"", ""mode"": ""S""}",PAGE,S,UNKNOWN
lock_acquired,2026-09-11 08:49:41.311,77,0,0,0,"{""event_name"": ""lock_acquired"", ""timestamp"": ""2026-09-11 08:49:41.311"", ""session_id"": 77, ""resource_type"": ""PAGE"", ""mode"": ""S""}",PAGE,S,UNKNOWN
lock_acquired,2026-09-11 08:49:41.311,82,0,0,0,"{""event_name"": ""lock_acquired"", ""timestamp"": ""2026-09-11 08:49:41.311"", ""session_id"": 82, ""resource_type"": ""OBJECT"", ""mode"": ""IX""}",OBJECT,IX,UNKNOWN
lock_acquired,2026-09-11 08:49:41.311,86,0,0,0,"{""event_name"": ""lock_acquired"", ""timestamp"": ""2026-09-11 08:49:41.311"", ""session_id"": 86, ""resource_type"": ""OBJECT"", ""mode"": ""IX""}",OBJECT,IX,UNKNOWN
lock_acquired,2026-09-11 08:49:41.311,76,0,0,0,"{""event_name"": ""lock_acquired"", ""timestamp"": ""2026-09-11 08:49:41.311"", ""session_id"": 76, ""resource_type"": ""KEY"", ""mode"": ""X""}",KEY,X,UNKNOWN
lock_acquired,2026-09-11 08:49:41.311,83,0,0,0,"{""event_name"": ""lock_acquired"", ""timestamp"": ""2026-09-11 08:49:41.311"", ""session_id"": 83, ""resource_type"": ""OBJECT"", ""mode"": ""IX""}",OBJECT,IX,UNKNOWN
lock_acquired,2026-09-11 08:49:41.311,83,0,0,0,"{""event_name"": ""lock_acquired"", ""timestamp"": ""2026-09-11 08:49:41.311"", ""session_id"": 83, ""resource_type"": ""PAGE"", ""mode"": ""S""}",PAGE,S,UNKNOWN
lock_acquired,2026-09-11 08:49:41.311,77,0,0,0,"{""event_name"": ""lock_acquired"", ""timestamp"": ""2026-09-11 08:49:41.311"", ""session_id"": 77, ""resource_type"": ""OBJECT"", ""mode"": ""IX""}",OBJECT,IX,UNKNOWN
lock_acquired,2026-09-11 08:49:41.311,84,0,0,0,"{""event_name"": ""lock_acquired"", ""timestamp"": ""2026-09-11 08:49:41.311"", ""session_id"": 84, ""resource_type"": ""OBJECT"", ""mode"": ""Sch-S""}",OBJECT,Sch-S,UNKNOWN
lock_released,2026-09-11 08:49:41.311,84,0,0,0,"{""event_name"": ""lock_released"", ""timestamp"": ""2026-09-11 08:49:41.311"", ""session_id"": 84, ""resource_type"": ""OBJECT"", ""mode"": ""IX""}",OBJECT,IX,UNKNOWN
lock_released,2026-09-11 08:49:41.311,80,0,0,0,"{""event_name"": ""lock_released"", ""timestamp"": ""2026-09-11 08:49:41.311"", ""session_id"": 80, ""resource_type"": ""OBJECT"", ""mode"": ""IX""}",OBJECT,IX,UNKNOWN
lock_released,2026-09-11 08:49:41.311,80,0,0,0,"{""event_name"": ""lock_released"", ""timestamp"": ""2026-09-11 08:49:41.311"", ""session_id"": 80, ""resource_type"": ""PAGE"", ""mode"": ""S""}",PAGE,S,UNKNOWN
lock_released,2026-09-11 08:49:41.311,78,0,0,0,"{""event_name"": ""lock_released"", ""timestamp"": ""2026-09-11 08:49:41.311"", ""session_id"": 78, ""resource_type"": ""METADATA"", ""mode"": ""Sch-S""}",METADATA,Sch-S,UNKNOWN
lock_acquired,2026-09-11 08:49:46.332,78,0,0,0,"{""event_name"": ""lock_acquired"", ""timestamp"": ""2026-09-11 08:49:46.332"", ""session_id"": 78, ""resource_type"": ""OBJECT"", ""mode"": ""IX""}",OBJECT,IX,UNKNOWN
lock_acquired,2026-09-11 08:49:46.332,78,0,0,0,"{""event_name"": ""lock_acquired"", ""timestamp"": ""2026-09-11 08:49:46.332"", ""session_id"": 78, ""resource_type"": ""PAGE"", ""mode"": ""S""}",PAGE,S,UNKNOWN
lock_acquired,2026-09-11 08:49:46.332,82,0,0,0,"{""event_name"": ""lock_acquired"", ""timestamp"": ""2026-09-11 08:49:46.332"", ""session_id"": 82, ""resource_type"": ""PAGE"", ""mode"": ""IX""}",PAGE,IX,UNKNOWN
lock_acquired,2026-09-11 08:49:46.332,76,0,0,0,"{""event_name"": ""lock_acquired"", ""timestamp"": ""2026-09-11 08:49:46.332"", ""session_id"": 76, ""resource_type"": ""OBJECT"", ""mode"": ""Sch-S""}",OBJECT,Sch-S,UNKNOWN
lock_acquired,2026-09-11 08:49:46.332,77,0,0,0,"{""event_name"": ""lock_acquired"", ""timestamp"": ""2026-09-11 08:49:46.332"", ""session_id"": 77, ""resource_type"": ""PAGE"", ""mode"": ""IX""}",PAGE,IX,UNKNOWN
lock_acquired,2026-09-11 08:49:46.332,81,0,0,0,"{""event_name"": ""lock_acquired"", ""timestamp"": ""2026-09-11 08:49:46.332"", ""session_id"": 81, ""resource_type"": ""OBJECT"", ""mode"": ""Sch-S""}",OBJECT,Sch-S,UNKNOWN
lock_acquired,2026-09-11 08:49:46.332,82,0,0,0,"{""event_name"": ""lock_acquired"", ""timestamp"": ""2026-09-11 08:49:46.332"", ""session_id"": 82, ""resource_type"": ""KEY"", ""mode"": ""X""}",KEY,X,UNKNOWN
lock_acquired,2026-09-11 08:49:46.332,81,0,0,0,"{""event_name"": ""lock_acquired"", ""timestamp"": ""2026-09-11 08:49:46.332"", ""session_id"": 81, ""resource_type"": ""METADATA"", ""mode"": ""Sch-S""}",METADATA,Sch-S,UNKNOWN
lock_acquired,2026-09-11 08:49:46.332,84,0,0,0,"{""event_name"": ""lock_acquired"", ""timestamp"": ""2026-09-11 08:49:46.332"", ""session_id"": 84, ""resource_type"": ""METADATA"", ""mode"": ""Sch-S""}",METADATA,Sch-S,UNKNOWN
lock_acquired,2026-09-11 08:49:46.332,77,0,0,0,"{""event_name"": ""lock_acquired"", ""timestamp"": ""2026-09-11 08:49:46.332"", ""session_id"": 77, ""resource_type"": ""KEY"", ""mode"": ""X""}",KEY,X,UNKNOWN
lock_released,2026-09-11 08:49:46.332,84,0,0,0,"{""event_name"": ""lock_released"", ""timestamp"": ""2026-09-11 08:49:46.332"", ""session_id"": 84, ""resource_type"": ""KEY"", ""mode"": ""S""}",KEY,S,UNKNOWN
lock_released,2026-09-11 08:49:46.332,86,0,0,0,"{""event_name"": ""lock_released"", ""timestamp"": ""2026-09-11 08:49:46.332"", ""session_id"": 86, ""resource_type"": ""PAGE"", ""mode"": ""IX""}",PAGE,IX,UNKNOWN
lock_released,2026-09-11 08:49:46.332,86,0,0,0,"{""event_name"": ""lock_released"", ""timestamp"": ""2026-09-11 08:49:46.332"", ""session_id"": 86, ""resource_type"": ""PAGE"", ""mode"": ""S""}",PAGE,S,UNKNOWN
lock_released,2026-09-11 08:49:46.332,76,0,0,0,"{""event_name"": ""lock_released"", ""timestamp"": ""2026-09-11 08:49:46.332"", ""session_id"": 76, ""resource_type"": ""PAGE"", ""mode"": ""S""}",PAGE,S,UNKNOWN
lock_released,2026-09-11 08:49:46.332,81,0,0,0,"{""event_name"": ""lock_released"", ""timestamp"": ""2026-09-11 08:49:46.332"", ""session_id"": 81, ""resource_type"": ""PAGE"", ""mode"": ""S""}",PAGE,S,UNKNOWN
lock_released,2026-09-11 08:49:46.332,69,0,0,0,"{""event_name"": ""lock_released"", ""timestamp"": ""2026-09-11 08:49:46.332"", ""session_id"": 69, ""resource_type"": ""DATABASE"", ""mode"": ""S""}",DATABASE,S,UNKNOWN
lock_released,2026-09-11 08:49:46.332,77,0,0,0,"{""event_name"": ""lock_released"", ""timestamp"": ""2026-09-11 08:49:46.332"", ""session_id"": 77, ""resource_type"": ""PAGE"", ""mode"": ""S""}",PAGE,S,UNKNOWN
lock_released,2026-09-11 08:49:46.332,86,0,0,0,"{""event_name"": ""lock_released"", ""timestamp"": ""2026-09-11 08:49:46.332"", ""session_id"": 86, ""resource_type"": ""OBJECT"", ""mode"": ""IX""}",OBJECT,IX,UNKNOWN
lock_released,2026-09-11 08:49:46.332,76,0,0,0,"{""event_name"": ""lock_released"", ""timestamp"": ""2026-09-11 08:49:46.332"", ""session_id"": 76, ""resource_type"": ""KEY"", ""mode"": ""X""}",KEY,X,UNKNOWN
lock_released,2026-09-11 08:49:46.332,76,0,0,0,"{""event_name"": ""lock_released"", ""timestamp"": ""2026-09-11 08:49:46.332"", ""session_id"": 76, ""resource_type"": ""OBJECT"", ""mode"": ""IX""}",OBJECT,IX,UNKNOWN
lock_released,2026-09-11 08:49:46.332,81,0,0,0,"{""event_name"": ""lock_released"", ""timestamp"": ""2026-09-11 08:49:46.332"", ""session_id"": 81, ""resource_type"": ""OBJECT"", ""mode"": ""IX""}",OBJECT,IX,UNKNOWN
logout,2026-09-11 08:49:51.373,75,0,0,0,"{""event_name"": ""logout"", ""timestamp"": ""2026-09-11 08:49:51.373"", ""session_id"": 75}",0,0,UNKNOWN
lock_acquired,2026-09-11 08:49:51.373,84,0,0,0,"{""event_name"": ""lock_acquired"", ""timestamp"": ""2026-09-11 08:49:51.373"", ""session_id"": 84, ""resource_type"": ""OBJECT"", ""mode"": ""IX""}",OBJECT,IX,UNKNOWN
lock_acquired,2026-09-11 08:49:51.373,86,0,0,0,"{""event_name"": ""lock_acquired"", ""timestamp"": ""2026-09-11 08:49:51.373"", ""session_id"": 86, ""resource_type"": ""PAGE"", ""mode"": ""IU""}",PAGE,IU,UNKNOWN
lock_acquired,2026-09-11 08:49:51.373,81,0,0,0,"{""event_name"": ""lock_acquired"", ""timestamp"": ""2026-09-11 08:49:51.373"", ""session_id"": 81, ""resource_type"": ""OBJECT"", ""mode"": ""IS""}",OBJECT,IS,UNKNOWN
lock_acquired,2026-09-11 08:49:51.373,85,0,0,0,"{""event_name"": ""lock_acquired"", ""timestamp"": ""2026-09-11 08:49:51.373"", ""session_id"": 85, ""resource_type"": ""OBJECT"", ""mode"": ""IX""}",OBJECT,IX,UNKNOWN
lock_acquired,2026-09-11 08:49:51.373,85,0,0,0,"{""event_name"": ""lock_acquired"", ""timestamp"": ""2026-09-11 08:49:51.373"", ""session_id"": 85, ""resource_type"": ""PAGE"", ""mode"": ""S""}",PAGE,S,UNKNOWN
lock_acquired,2026-09-11 08:49:51.373,80,0,0,0,"{""event_name"": ""lock_acquired"", ""timestamp"": ""2026-09-11 08:49:51.373"", ""session_id"": 80, ""resource_type"": ""PAGE"", ""mode"": ""S""}",PAGE,S,UNKNOWN
lock_acquired,2026-09-11 08:49:51.373,81,0,0,0,"{""event_name"": ""lock_acquired"", ""timestamp"": ""2026-09-11 08:49:51.373"", ""session_id"": 81, ""resource_type"": ""KEY"", ""mode"": ""S""}",KEY,S,UNKNOWN
lock_acquired,2026-09-11 08:49:51.373,84,0,0,0,"{""event_name"": ""lock_acquired"", ""timestamp"": ""2026-09-11 08:49:51.373"", ""session_id"": 84, ""resource_type"": ""PAGE"", ""mode"": ""S""}",PAGE,S,UNKNOWN
lock_acquired,2026-09-11 08:49:51.373,86,0,0,0,"{""event_name"": ""lock_acquired"", ""timestamp"": ""2026-09-11 08:49:51.373"", ""session_id"": 86, ""resource_type"": ""OBJECT"", ""mode"": ""IX""}",OBJECT,IX,UNKNOWN
lock_acquired,2026-09-11 08:49:51.373,78,0,0,0,"{""event_name"": ""lock_acquired"", ""timestamp"": ""2026-09-11 08:49:51.373"", ""session_id"": 78, ""resource_type"": ""OBJECT"", ""mode"": ""Sch-S""}",OBJECT,Sch-S,UNKNOWN
lock_acquired,2026-09-11 08:49:51.373,86,0,0,0,"{""event_name"": ""lock_acquired"", ""timestamp"": ""2026-09-11 08:49:51.373"", ""session_id"": 86, ""resource_type"": ""KEY"", ""mode"": ""U""}",KEY,U,UNKNOWN
lock_acquired,2026-09-11 08:49:51.373,76,0,0,0,"{""event_name"": ""lock_acquired"", ""timestamp"": ""2026-09-11 08:49:51.373"", ""session_id"": 76, ""resource_type"": ""KEY"", ""mode"": ""X""}",KEY,X,UNKNOWN
lock_acquired,2026-09-11 08:49:51.373,80,0,0,0,"{""event_name"": ""lock_acquired"", ""timestamp"": ""2026-09-11 08:49:51.373"", ""session_id"": 80, ""resource_type"": ""OBJECT"", ""mode"": ""IX""}",OBJECT,IX,UNKNOWN
lock_acquired,2026-09-11 08:49:51.373,78,0,0,0,"{""event_name"": ""lock_acquired"", ""timestamp"": ""2026-09-11 08:49:51.373"", ""session_id"": 78, ""resource_type"": ""METADATA"", ""mode"": ""Sch-S""}",METADATA,Sch-S,UNKNOWN
lock_acquired,2026-09-11 08:49:51.373,81,0,0,0,"{""event_name"": ""lock_acquired"", ""timestamp"": ""2026-09-11 08:49:51.373"", ""session_id"": 81, ""resource_type"": ""PAGE"", ""mode"": ""IS""}",PAGE,IS,UNKNOWN
lock_released,2026-09-11 08:49:51.373,78,0,0,0,"{""event_name"": ""lock_released"", ""timestamp"": ""2026-09-11 08:49:51.373"", ""session_id"": 78, ""resource_type"": ""OBJECT"", ""mode"": ""IX""}",OBJECT,IX,UNKNOWN
lock_released,2026-09-11 08:49:51.373,78,0,0,0,"{""event_name"": ""lock_released"", ""timestamp"": ""2026-09-11 08:49:51.373"", ""session_id"": 78, ""resource_type"": ""PAGE"", ""mode"": ""S""}",PAGE,S,UNKNOWN
lock_released,2026-09-11 08:49:51.373,82,0,0,0,"{""event_name"": ""lock_released"", ""timestamp"": ""2026-09-11 08:49:51.373"", ""session_id"": 82, ""resource_type"": ""PAGE"", ""mode"": ""IX""}",PAGE,IX,UNKNOWN
lock_released,2026-09-11 08:49:51.373,75,0,0,0,"{""event_name"": ""lock_released"", ""timestamp"": ""2026-09-11 08:49:51.373"", ""session_id"": 75, ""resource_type"": ""DATABASE"", ""mode"": ""S""}",DATABASE,S,UNKNOWN
lock_released,2026-09-11 08:49:51.373,76,0,0,0,"{""event_name"": ""lock_released"", ""timestamp"": ""2026-09-11 08:49:51.373"", ""session_id"": 76, ""resource_type"": ""OBJECT"", ""mode"": ""Sch-S""}",OBJECT,Sch-S,UNKNOWN
lock_released,2026-09-11 08:49:51.373,82,0,0,0,"{""event_name"": ""lock_released"", ""timestamp"": ""2026-09-11 08:49:51.373"", ""session_id"": 82, ""resource_type"": ""KEY"", ""mode"": ""X""}",KEY,X,UNKNOWN
lock_released,2026-09-11 08:49:51.373,81,0,0,0,"{""event_name"": ""lock_released"", ""timestamp"": ""2026-09-11 08:49:51.373"", ""session_id"": 81, ""resource_type"": ""OBJECT"", ""mode"": ""Sch-S""}",OBJECT,Sch-S,UNKNOWN
lock_released,2026-09-11 08:49:51.373,82,0,0,0,"{""event_name"": ""lock_released"", ""timestamp"": ""2026-09-11 08:49:51.373"", ""session_id"": 82, ""resource_type"": ""OBJECT"", ""mode"": ""IX""}",OBJECT,IX,UNKNOWN
lock_released,2026-09-11 08:49:51.373,81,0,0,0,"{""event_name"": ""lock_released"", ""timestamp"": ""2026-09-11 08:49:51.373"", ""session_id"": 81, ""resource_type"": ""METADATA"", ""mode"": ""Sch-S""}",METADATA,Sch-S,UNKNOWN
lock_released,2026-09-11 08:49:51.373,83,0,0,0,"{""event_name"": ""lock_released"", ""timestamp"": ""2026-09-11 08:49:51.373"", ""session_id"": 83, ""resource_type"": ""PAGE"", ""mode"": ""S""}",PAGE,S,UNKNOWN
lock_released,2026-09-11 08:49:51.373,84,0,0,0,"{""event_name"": ""lock_released"", ""timestamp"": ""2026-09-11 08:49:51.373"", ""session_id"": 84, ""resource_type"": ""METADATA"", ""mode"": ""Sch-S""}",METADATA,Sch-S,UNKNOWN
lock_released,2026-09-11 08:49:51.373,84,0,0,0,"{""event_name"": ""lock_released"", ""timestamp"": ""2026-09-11 08:49:51.373"", ""session_id"": 84, ""resource_type"": ""OBJECT"", ""mode"": ""Sch-S""}",OBJECT,Sch-S,UNKNOWN
logout,2026-09-11 08:49:56.398,93,0,0,0,"{""event_name"": ""logout"", ""timestamp"": ""2026-09-11 08:49:56.398"", ""session_id"": 93}",0,0,UNKNOWN
logout,2026-09-11 08:49:56.398,69,0,0,0,"{""event_name"": ""logout"", ""timestamp"": ""2026-09-11 08:49:56.398"", ""session_id"": 69}",0,0,UNKNOWN
lock_acquired,2026-09-11 08:49:56.398,86,0,0,0,"{""event_name"": ""lock_acquired"", ""timestamp"": ""2026-09-11 08:49:56.398"", ""session_id"": 86, ""resource_type"": ""PAGE"", ""mode"": ""IX""}",PAGE,IX,UNKNOWN
lock_acquired,2026-09-11 08:49:56.398,82,0,0,0,"{""event_name"": ""lock_acquired"", ""timestamp"": ""2026-09-11 08:49:56.398"", ""session_id"": 82, ""resource_type"": ""PAGE"", ""mode"": ""S""}",PAGE,S,UNKNOWN
lock_acquired,2026-09-11 08:49:56.398,81,0,0,0,"{""event_name"": ""lock_acquired"", ""timestamp"": ""2026-09-11 08:49:56.398"", ""session_id"": 81, ""resource_type"": ""KEY"", ""mode"": ""X""}",KEY,X,UNKNOWN
lock_acquired,2026-09-11 08:49:56.398,86,0,0,0,"{""event_name"": ""lock_acquired"", ""timestamp"": ""2026-09-11 08:49:56.398"", ""session_id"": 86, ""resource_type"": ""KEY"", ""mode"": ""X""}",KEY,X,UNKNOWN
lock_acquired,2026-09-11 08:49:56.398,82,0,0,0,"{""event_name"": ""lock_acquired"", ""timestamp"": ""2026-09-11 08:49:56.398"", ""session_id"": 82, ""resource_type"": ""OBJECT"", ""mode"": ""IX""}",OBJECT,IX,UNKNOWN
lock_acquired,2026-09-11 08:49:56.398,81,0,0,0,"{""event_name"": ""lock_acquired"", ""timestamp"": ""2026-09-11 08:49:56.398"", ""session_id"": 81, ""resource_type"": ""PAGE"", ""mode"": ""IX""}",PAGE,IX,UNKNOWN
lock_acquired,2026-09-11 08:49:56.398,81,0,0,0,"{""event_name"": ""lock_acquired"", ""timestamp"": ""2026-09-11 08:49:56.398"", ""session_id"": 81, ""resource_type"": ""OBJECT"", ""mode"": ""IX""}",OBJECT,IX,UNKNOWN
lock_released,2026-09-11 08:49:56.398,81,0,0,0,"{""event_name"": ""lock_released"", ""timestamp"": ""2026-09-11 08:49:56.398"", ""session_id"": 81, ""resource_type"": ""OBJECT"", ""mode"": ""IS""}",OBJECT,IS,UNKNOWN
lock_released,2026-09-11 08:49:56.398,86,0,0,0,"{""event_name"": ""lock_released"", ""timestamp"": ""2026-09-11 08:49:56.398"", ""session_id"": 86, ""resource_type"": ""PAGE"", ""mode"": ""IU""}",PAGE,IU,UNKNOWN
lock_released,2026-09-11 08:49:56.398,85,0,0,0,"{""event_name"": ""lock_released"", ""timestamp"": ""2026-09-11 08:49:56.398"", ""session_id"": 85, ""resource_type"": ""OBJECT"", ""mode"": ""IX""}",OBJECT,IX,UNKNOWN
lock_released,2026-09-11 08:49:56.398,85,0,0,0,"{""event_name"": ""lock_released"", ""timestamp"": ""2026-09-11 08:49:56.398"", ""session_id"": 85, ""resource_type"": ""PAGE"", ""mode"": ""S""}",PAGE,S,UNKNOWN
lock_released,2026-09-11 08:49:56.398,78,0,0,0,"{""event_name"": ""lock_released"", ""timestamp"": ""2026-09-11 08:49:56.398"", ""session_id"": 78, ""resource_type"": ""METADATA"", ""mode"": ""Sch-S""}",METADATA,Sch-S,UNKNOWN
lock_released,2026-09-11 08:49:56.398,77,0,0,0,"{""event_name"": ""lock_released"", ""timestamp"": ""2026-09-11 08:49:56.398"", ""session_id"": 77, ""resource_type"": ""PAGE"", ""mode"": ""IX""}",PAGE,IX,UNKNOWN
lock_released,2026-09-11 08:49:56.398,81,0,0,0,"{""event_name"": ""lock_released"", ""timestamp"": ""2026-09-11 08:49:56.398"", ""session_id"": 81, ""resource_type"": ""KEY"", ""mode"": ""S""}",KEY,S,UNKNOWN
lock_released,2026-09-11 08:49:56.398,77,0,0,0,"{""event_name"": ""lock_released"", ""timestamp"": ""2026-09-11 08:49:56.398"", ""session_id"": 77, ""resource_type"": ""OBJECT"", ""mode"": ""IX""}",OBJECT,IX,UNKNOWN
lock_released,2026-09-11 08:49:56.398,86,0,0,0,"{""event_name"": ""lock_released"", ""timestamp"": ""2026-09-11 08:49:56.398"", ""session_id"": 86, ""resource_type"": ""KEY"", ""mode"": ""U""}",KEY,U,UNKNOWN
lock_released,2026-09-11 08:49:56.398,78,0,0,0,"{""event_name"": ""lock_released"", ""timestamp"": ""2026-09-11 08:49:56.398"", ""session_id"": 78, ""resource_type"": ""OBJECT"", ""mode"": ""Sch-S""}",OBJECT,Sch-S,UNKNOWN
lock_released,2026-09-11 08:49:56.398,83,0,0,0,"{""event_name"": ""lock_released"", ""timestamp"": ""2026-09-11 08:49:56.398"", ""session_id"": 83, ""resource_type"": ""OBJECT"", ""mode"": ""IX""}",OBJECT,IX,UNKNOWN
lock_released,2026-09-11 08:49:56.398,76,0,0,0,"{""event_name"": ""lock_released"", ""timestamp"": ""2026-09-11 08:49:56.398"", ""session_id"": 76, ""resource_type"": ""KEY"", ""mode"": ""X""}",KEY,X,UNKNOWN
lock_released,2026-09-11 08:49:56.398,77,0,0,0,"{""event_name"": ""lock_released"", ""timestamp"": ""2026-09-11 08:49:56.398"", ""session_id"": 77, ""resource_type"": ""KEY"", ""mode"": ""X""}",KEY,X,UNKNOWN
lock_released,2026-09-11 08:49:56.398,81,0,0,0,"{""event_name"": ""lock_released"", ""timestamp"": ""2026-09-11 08:49:56.398"", ""session_id"": 81, ""resource_type"": ""PAGE"", ""mode"": ""IS""}",PAGE,IS,UNKNOWN
logout,2026-09-11 08:50:01.446,76,0,0,0,"{""event_name"": ""logout"", ""timestamp"": ""2026-09-11 08:50:01.446"", ""session_id"": 76}",0,0,UNKNOWN
logout,2026-09-11 08:50:01.446,77,0,0,0,"{""event_name"": ""logout"", ""timestamp"": ""2026-09-11 08:50:01.446"", ""session_id"": 77}",0,0,UNKNOWN
logout,2026-09-11 08:50:01.446,78,0,0,0,"{""event_name"": ""logout"", ""timestamp"": ""2026-09-11 08:50:01.446"", ""session_id"": 78}",0,0,UNKNOWN
logout,2026-09-11 08:50:01.446,80,0,0,0,"{""event_name"": ""logout"", ""timestamp"": ""2026-09-11 08:50:01.446"", ""session_id"": 80}",0,0,UNKNOWN
logout,2026-09-11 08:50:01.446,81,0,0,0,"{""event_name"": ""logout"", ""timestamp"": ""2026-09-11 08:50:01.446"", ""session_id"": 81}",0,0,UNKNOWN
logout,2026-09-11 08:50:01.446,82,0,0,0,"{""event_name"": ""logout"", ""timestamp"": ""2026-09-11 08:50:01.446"", ""session_id"": 82}",0,0,UNKNOWN
logout,2026-09-11 08:50:01.446,83,0,0,0,"{""event_name"": ""logout"", ""timestamp"": ""2026-09-11 08:50:01.446"", ""session_id"": 83}",0,0,UNKNOWN
logout,2026-09-11 08:50:01.446,84,0,0,0,"{""event_name"": ""logout"", ""timestamp"": ""2026-09-11 08:50:01.446"", ""session_id"": 84}",0,0,UNKNOWN
logout,2026-09-11 08:50:01.446,85,0,0,0,"{""event_name"": ""logout"", ""timestamp"": ""2026-09-11 08:50:01.446"", ""session_id"": 85}",0,0,UNKNOWN
logout,2026-09-11 08:50:01.446,86,0,0,0,"{""event_name"": ""logout"", ""timestamp"": ""2026-09-11 08:50:01.446"", ""session_id"": 86}",0,0,UNKNOWN
lock_released,2026-09-11 08:50:01.446,84,0,0,0,"{""event_name"": ""lock_released"", ""timestamp"": ""2026-09-11 08:50:01.446"", ""session_id"": 84, ""resource_type"": ""OBJECT"", ""mode"": ""IX""}",OBJECT,IX,UNKNOWN
lock_released,2026-09-11 08:50:01.446,82,0,0,0,"{""event_name"": ""lock_released"", ""timestamp"": ""2026-09-11 08:50:01.446"", ""session_id"": 82, ""resource_type"": ""PAGE"", ""mode"": ""S""}",PAGE,S,UNKNOWN
lock_released,2026-09-11 08:50:01.446,81,0,0,0,"{""event_name"": ""lock_released"", ""timestamp"": ""2026-09-11 08:50:01.446"", ""session_id"": 81, ""resource_type"": ""KEY"", ""mode"": ""X""}",KEY,X,UNKNOWN
lock_released,2026-09-11 08:50:01.446,82,0,0,0,"{""event_name"": ""lock_released"", ""timestamp"": ""2026-09-11 08:50:01.446"", ""session_id"": 82, ""resource_type"": ""DATABASE"", ""mode"": ""S""}",DATABASE,S,UNKNOWN
lock_released,2026-09-11 08:50:01.446,86,0,0,0,"{""event_name"": ""lock_released"", ""timestamp"": ""2026-09-11 08:50:01.446"", ""session_id"": 86, ""resource_type"": ""OBJECT"", ""mode"": ""IX""}",OBJECT,IX,UNKNOWN
lock_released,2026-09-11 08:50:01.446,81,0,0,0,"{""event_name"": ""lock_released"", ""timestamp"": ""2026-09-11 08:50:01.446"", ""session_id"": 81, ""resource_type"": ""DATABASE"", ""mode"": ""S""}",DATABASE,S,UNKNOWN
lock_released,2026-09-11 08:50:01.446,78,0,0,0,"{""event_name"": ""lock_released"", ""timestamp"": ""2026-09-11 08:50:01.446"", ""session_id"": 78, ""resource_type"": ""DATABASE"", ""mode"": ""S""}",DATABASE,S,UNKNOWN
lock_released,2026-09-11 08:50:01.446,80,0,0,0,"{""event_name"": ""lock_released"", ""timestamp"": ""2026-09-11 08:50:01.446"", ""session_id"": 80, ""resource_type"": ""PAGE"", ""mode"": ""S""}",PAGE,S,UNKNOWN
lock_released,2026-09-11 08:50:01.446,77,0,0,0,"{""event_name"": ""lock_released"", ""timestamp"": ""2026-09-11 08:50:01.446"", ""session_id"": 77, ""resource_type"": ""DATABASE"", ""mode"": ""S""}",DATABASE,S,UNKNOWN
lock_released,2026-09-11 08:50:01.446,84,0,0,0,"{""event_name"": ""lock_released"", ""timestamp"": ""2026-09-11 08:50:01.446"", ""session_id"": 84, ""resource_type"": ""PAGE"", ""mode"": ""S""}",PAGE,S,UNKNOWN
lock_released,2026-09-11 08:50:01.446,80,0,0,0,"{""event_name"": ""lock_released"", ""timestamp"": ""2026-09-11 08:50:01.446"", ""session_id"": 80, ""resource_type"": ""DATABASE"", ""mode"": ""S""}",DATABASE,S,UNKNOWN
lock_released,2026-09-11 08:50:01.446,84,0,0,0,"{""event_name"": ""lock_released"", ""timestamp"": ""2026-09-11 08:50:01.446"", ""session_id"": 84, ""resource_type"": ""DATABASE"", ""mode"": ""S""}",DATABASE,S,UNKNOWN
lock_released,2026-09-11 08:50:01.446,86,0,0,0,"{""event_name"": ""lock_released"", ""timestamp"": ""2026-09-11 08:50:01.446"", ""session_id"": 86, ""resource_type"": ""PAGE"", ""mode"": ""IX""}",PAGE,IX,UNKNOWN
lock_released,2026-09-11 08:50:01.446,76,0,0,0,"{""event_name"": ""lock_released"", ""timestamp"": ""2026-09-11 08:50:01.446"", ""session_id"": 76, ""resource_type"": ""DATABASE"", ""mode"": ""S""}",DATABASE,S,UNKNOWN
lock_released,2026-09-11 08:50:01.446,86,0,0,0,"{""event_name"": ""lock_released"", ""timestamp"": ""2026-09-11 08:50:01.446"", ""session_id"": 86, ""resource_type"": ""KEY"", ""mode"": ""X""}",KEY,X,UNKNOWN
lock_released,2026-09-11 08:50:01.446,86,0,0,0,"{""event_name"": ""lock_released"", ""timestamp"": ""2026-09-11 08:50:01.446"", ""session_id"": 86, ""resource_type"": ""DATABASE"", ""mode"": ""S""}",DATABASE,S,UNKNOWN
lock_released,2026-09-11 08:50:01.446,82,0,0,0,"{""event_name"": ""lock_released"", ""timestamp"": ""2026-09-11 08:50:01.446"", ""session_id"": 82, ""resource_type"": ""OBJECT"", ""mode"": ""IX""}",OBJECT,IX,UNKNOWN
lock_released,2026-09-11 08:50:01.446,81,0,0,0,"{""event_name"": ""lock_released"", ""timestamp"": ""2026-09-11 08:50:01.446"", ""session_id"": 81, ""resource_type"": ""OBJECT"", ""mode"": ""IX""}",OBJECT,IX,UNKNOWN
lock_released,2026-09-11 08:50:01.446,85,0,0,0,"{""event_name"": ""lock_released"", ""timestamp"": ""2026-09-11 08:50:01.446"", ""session_id"": 85, ""resource_type"": ""DATABASE"", ""mode"": ""S""}",DATABASE,S,UNKNOWN
lock_released,2026-09-11 08:50:01.446,83,0,0,0,"{""event_name"": ""lock_released"", ""timestamp"": ""2026-09-11 08:50:01.446"", ""session_id"": 83, ""resource_type"": ""DATABASE"", ""mode"": ""S""}",DATABASE,S,UNKNOWN
lock_released,2026-09-11 08:50:01.446,81,0,0,0,"{""event_name"": ""lock_released"", ""timestamp"": ""2026-09-11 08:50:01.446"", ""session_id"": 81, ""resource_type"": ""PAGE"", ""mode"": ""IX""}",PAGE,IX,UNKNOWN
lock_released,2026-09-11 08:50:01.446,80,0,0,0,"{""event_name"": ""lock_released"", ""timestamp"": ""2026-09-11 08:50:01.446"", ""session_id"": 80, ""resource_type"": ""OBJECT"", ""mode"": ""IX""}",OBJECT,IX,UNKNOWN
