event_name,timestamp,session_id,login_name,program_name,database_name,resource_type,mode
login,2026-09-23 11:02:15.018,75,sa,Python,SteelNort,,
login,2026-09-23 11:02:15.018,76,sa,Python,SteelNort,,
login,2026-09-23 11:02:15.018,77,sa,SteelNortCargaNormal,SteelNort,,
login,2026-09-23 11:02:15.018,78,sa,SteelNortCargaNormal,SteelNort,,
login,2026-09-23 11:02:15.018,79,sa,SteelNortCargaNormal,SteelNort,,
login,2026-09-23 11:02:15.018,80,sa,SteelNortCargaNormal,SteelNort,,
login,2026-09-23 11:02:15.018,81,sa,SteelNortCargaNormal,SteelNort,,
lock_acquired,2026-09-23 11:02:15.018,78,,,,OBJECT,IX
lock_acquired,2026-09-23 11:02:15.018,81,,,,OBJECT,IS
lock_acquired,2026-09-23 11:02:15.018,76,,,,DATABASE,S
lock_acquired,2026-09-23 11:02:15.018,77,,,,OBJECT,IX
lock_acquired,2026-09-23 11:02:15.018,80,,,,KEY,X
lock_acquired,2026-09-23 11:02:15.018,78,,,,DATABASE,S
lock_acquired,2026-09-23 11:02:15.018,78,,,,OBJECT,IS
lock_acquired,2026-09-23 11:02:15.018,81,,,,DATABASE,S
lock_acquired,2026-09-23 11:02:15.018,77,,,,OBJECT,IS
lock_acquired,2026-09-23 11:02:15.018,77,,,,DATABASE,S
lock_acquired,2026-09-23 11:02:15.018,79,,,,OBJECT,Sch-S
lock_acquired,2026-09-23 11:02:15.018,75,,,,DATABASE,S
lock_acquired,2026-09-23 11:02:15.018,79,,,,DATABASE,S
lock_acquired,2026-09-23 11:02:15.018,81,,,,OBJECT,IX
lock_acquired,2026-09-23 11:02:15.018,80,,,,DATABASE,S
lock_acquired,2026-09-23 11:02:20.045,79,,,,OBJECT,IS
lock_acquired,2026-09-23 11:02:20.045,80,,,,OBJECT,IS
lock_acquired,2026-09-23 11:02:20.045,79,,,,OBJECT,IX
lock_acquired,2026-09-23 11:02:20.045,80,,,,OBJECT,IX
lock_released,2026-09-23 11:02:20.045,80,,,,KEY,X
lock_released,2026-09-23 11:02:20.045,79,,,,OBJECT,Sch-S
lock_acquired,2026-09-23 11:02:25.093,79,,,,KEY,X
lock_released,2026-09-23 11:02:25.093,79,,,,OBJECT,IS
lock_released,2026-09-23 11:02:25.093,81,,,,OBJECT,IX
lock_released,2026-09-23 11:02:25.093,81,,,,OBJECT,IS
lock_released,2026-09-23 11:02:25.093,79,,,,OBJECT,IX
lock_acquired,2026-09-23 11:02:30.123,79,,,,PAGE,S
lock_acquired,2026-09-23 11:02:30.123,79,,,,OBJECT,IX
lock_acquired,2026-09-23 11:02:30.123,81,,,,OBJECT,IS
lock_acquired,2026-09-23 11:02:30.123,81,,,,OBJECT,IX
lock_acquired,2026-09-23 11:02:30.123,79,,,,OBJECT,IS
lock_released,2026-09-23 11:02:30.123,79,,,,KEY,X
lock_acquired,2026-09-23 11:02:35.146,81,,,,PAGE,IX
lock_acquired,2026-09-23 11:02:35.146,80,,,,PAGE,S
lock_acquired,2026-09-23 11:02:35.146,78,,,,PAGE,S
lock_acquired,2026-09-23 11:02:35.146,81,,,,KEY,X
lock_released,2026-09-23 11:02:35.146,81,,,,OBJECT,IS
lock_acquired,2026-09-23 11:02:40.187,81,,,,OBJECT,IS
lock_released,2026-09-23 11:02:40.187,79,,,,PAGE,S
lock_released,2026-09-23 11:02:40.187,81,,,,PAGE,IX
lock_released,2026-09-23 11:02:40.187,78,,,,PAGE,S
lock_released,2026-09-23 11:02:40.187,81,,,,KEY,X
lock_released,2026-09-23 11:02:45.226,80,,,,PAGE,S
lock_released,2026-09-23 11:02:45.226,77,,,,OBJECT,IS
lock_released,2026-09-23 11:02:45.226,77,,,,OBJECT,IX
lock_acquired,2026-09-23 11:02:50.264,79,,,,PAGE,S
logout,2026-09-23 11:02:55.300,64,,,,,
logout,2026-09-23 11:02:55.300,65,,,,,
logout,2026-09-23 11:02:55.300,67,,,,,
logout,2026-09-23 11:02:55.300,69,,,,,
logout,2026-09-23 11:02:55.300,71,,,,,
logout,2026-09-23 11:02:55.300,72,,,,,
logout,2026-09-23 11:02:55.300,58,,,,,
logout,2026-09-23 11:02:55.300,62,,,,,
logout,2026-09-23 11:02:55.300,63,,,,,
lock_acquired,2026-09-23 11:02:55.300,78,,,,PAGE,IS
lock_acquired,2026-09-23 11:02:55.300,78,,,,OBJECT,Sch-S
lock_released,2026-09-23 11:02:55.300,78,,,,OBJECT,IS
lock_released,2026-09-23 11:02:55.300,78,,,,OBJECT,IX
lock_released,2026-09-23 11:02:55.300,79,,,,PAGE,S
logout,2026-09-23 11:03:00.323,51,,,,,
lock_acquired,2026-09-23 11:03:00.323,79,,,,PAGE,IX
lock_acquired,2026-09-23 11:03:00.323,78,,,,OBJECT,IX
lock_acquired,2026-09-23 11:03:00.323,77,,,,PAGE,IX
lock_acquired,2026-09-23 11:03:00.323,77,,,,OBJECT,IX
lock_acquired,2026-09-23 11:03:00.323,79,,,,KEY,X
lock_acquired,2026-09-23 11:03:00.323,78,,,,OBJECT,IS
lock_acquired,2026-09-23 11:03:00.323,77,,,,KEY,X
lock_released,2026-09-23 11:03:00.323,78,,,,PAGE,IS
lock_released,2026-09-23 11:03:00.323,79,,,,OBJECT,IS
lock_released,2026-09-23 11:03:00.323,78,,,,OBJECT,Sch-S
lock_acquired,2026-09-23 11:03:05.369,79,,,,PAGE,S
lock_acquired,2026-09-23 11:03:05.369,77,,,,OBJECT,IS
lock_acquired,2026-09-23 11:03:05.369,81,,,,PAGE,S
lock_acquired,2026-09-23 11:03:05.369,79,,,,OBJECT,IS
lock_released,2026-09-23 11:03:05.369,77,,,,KEY,X
lock_released,2026-09-23 11:03:05.369,79,,,,KEY,X
lock_released,2026-09-23 11:03:05.369,79,,,,PAGE,IX
lock_released,2026-09-23 11:03:05.369,77,,,,PAGE,IX
lock_acquired,2026-09-23 11:03:10.395,77,,,,KEY,X
lock_acquired,2026-09-23 11:03:10.395,77,,,,PAGE,IX
lock_released,2026-09-23 11:03:10.395,77,,,,OBJECT,IS
lock_released,2026-09-23 11:03:10.395,80,,,,OBJECT,IS
lock_released,2026-09-23 11:03:10.395,81,,,,PAGE,S
lock_released,2026-09-23 11:03:10.395,80,,,,OBJECT,IX
lock_acquired,2026-09-23 11:03:15.422,77,,,,OBJECT,IS
lock_acquired,2026-09-23 11:03:15.422,78,,,,PAGE,S
lock_acquired,2026-09-23 11:03:15.422,80,,,,PAGE,IX
lock_acquired,2026-09-23 11:03:15.422,80,,,,KEY,X
lock_acquired,2026-09-23 11:03:15.422,80,,,,OBJECT,IX
lock_released,2026-09-23 11:03:15.422,77,,,,KEY,X
lock_released,2026-09-23 11:03:15.422,77,,,,PAGE,IX
lock_acquired,2026-09-23 11:03:20.470,80,,,,OBJECT,IS
lock_released,2026-09-23 11:03:20.470,79,,,,PAGE,S
lock_released,2026-09-23 11:03:20.470,78,,,,PAGE,S
lock_released,2026-09-23 11:03:20.470,79,,,,OBJECT,IX
lock_released,2026-09-23 11:03:20.470,81,,,,OBJECT,IS
lock_released,2026-09-23 11:03:20.470,80,,,,PAGE,IX
lock_released,2026-09-23 11:03:20.470,80,,,,KEY,X
lock_released,2026-09-23 11:03:20.470,81,,,,OBJECT,IX
lock_released,2026-09-23 11:03:20.470,79,,,,OBJECT,IS
lock_acquired,2026-09-23 11:03:25.506,79,,,,METADATA,Sch-S
lock_acquired,2026-09-23 11:03:25.506,81,,,,OBJECT,IS
lock_acquired,2026-09-23 11:03:25.506,79,,,,OBJECT,Sch-S
lock_acquired,2026-09-23 11:03:25.506,81,,,,OBJECT,IX
lock_acquired,2026-09-23 11:03:25.506,77,,,,METADATA,Sch-S
lock_acquired,2026-09-23 11:03:25.506,77,,,,OBJECT,Sch-S
lock_released,2026-09-23 11:03:25.506,77,,,,OBJECT,IS
lock_released,2026-09-23 11:03:25.506,77,,,,OBJECT,IX
logout,2026-09-23 11:03:30.562,68,,,,,
lock_acquired,2026-09-23 11:03:30.562,79,,,,OBJECT,IS
lock_acquired,2026-09-23 11:03:30.562,80,,,,PAGE,IX
lock_acquired,2026-09-23 11:03:30.562,79,,,,OBJECT,IX
lock_released,2026-09-23 11:03:30.562,79,,,,METADATA,Sch-S
lock_released,2026-09-23 11:03:30.562,68,,,,DATABASE,S
lock_released,2026-09-23 11:03:30.562,80,,,,OBJECT,IS
lock_released,2026-09-23 11:03:30.562,81,,,,OBJECT,IS
lock_released,2026-09-23 11:03:30.562,79,,,,OBJECT,Sch-S
lock_released,2026-09-23 11:03:30.562,81,,,,OBJECT,IX
lock_released,2026-09-23 11:03:30.562,77,,,,METADATA,Sch-S
lock_released,2026-09-23 11:03:30.562,77,,,,OBJECT,Sch-S
login,2026-09-23 11:03:35.591,51,795ec2146175\Administrator,Microsoft SQL Server,SteelNort,,
logout,2026-09-23 11:03:35.591,76,,,,,
lock_acquired,2026-09-23 11:03:35.591,79,,,,OBJECT,Sch-S
lock_acquired,2026-09-23 11:03:35.591,81,,,,OBJECT,Sch-S
lock_acquired,2026-09-23 11:03:35.591,79,,,,METADATA,Sch-S
lock_acquired,2026-09-23 11:03:35.591,77,,,,OBJECT,IX
lock_released,2026-09-23 11:03:35.591,79,,,,OBJECT,IX
lock_released,2026-09-23 11:03:35.591,76,,,,DATABASE,S
lock_released,2026-09-23 11:03:35.591,80,,,,PAGE,IX
lock_released,2026-09-23 11:03:35.591,80,,,,OBJECT,IX
lock_released,2026-09-23 11:03:35.591,79,,,,OBJECT,IS
logout,2026-09-23 11:03:40.651,51,,,,,
lock_acquired,2026-09-23 11:03:40.651,79,,,,PAGE,S
lock_acquired,2026-09-23 11:03:40.651,77,,,,OBJECT,IS
lock_acquired,2026-09-23 11:03:40.651,79,,,,OBJECT,IX
lock_acquired,2026-09-23 11:03:40.651,80,,,,OBJECT,IS
lock_acquired,2026-09-23 11:03:40.651,80,,,,OBJECT,IX
lock_acquired,2026-09-23 11:03:40.651,79,,,,OBJECT,IS
lock_released,2026-09-23 11:03:40.651,81,,,,OBJECT,Sch-S
lock_released,2026-09-23 11:03:40.651,79,,,,METADATA,Sch-S
lock_released,2026-09-23 11:03:40.651,79,,,,OBJECT,Sch-S
logout,2026-09-23 11:03:45.683,77,,,,,
logout,2026-09-23 11:03:45.683,78,,,,,
logout,2026-09-23 11:03:45.683,79,,,,,
logout,2026-09-23 11:03:45.683,80,,,,,
logout,2026-09-23 11:03:45.683,81,,,,,
lock_released,2026-09-23 11:03:45.683,78,,,,OBJECT,IX
lock_released,2026-09-23 11:03:45.683,77,,,,OBJECT,IX
lock_released,2026-09-23 11:03:45.683,78,,,,DATABASE,S
lock_released,2026-09-23 11:03:45.683,80,,,,OBJECT,IX
lock_released,2026-09-23 11:03:45.683,78,,,,OBJECT,IS
lock_released,2026-09-23 11:03:45.683,81,,,,DATABASE,S
lock_released,2026-09-23 11:03:45.683,79,,,,PAGE,S
lock_released,2026-09-23 11:03:45.683,77,,,,OBJECT,IS
lock_released,2026-09-23 11:03:45.683,79,,,,OBJECT,IX
lock_released,2026-09-23 11:03:45.683,80,,,,OBJECT,IS
lock_released,2026-09-23 11:03:45.683,77,,,,DATABASE,S
lock_released,2026-09-23 11:03:45.683,79,,,,DATABASE,S
lock_released,2026-09-23 11:03:45.683,79,,,,OBJECT,IS
lock_released,2026-09-23 11:03:45.683,80,,,,DATABASE,S
